-- MySQL dump 10.13  Distrib 5.7.29, for Linux (x86_64)
--
-- Host: localhost    Database: moket1N
-- ------------------------------------------------------
-- Server version	5.7.29-0ubuntu0.16.04.1

/*!40101 SET @OLD_CHARACTER_SET_CLIENT=@@CHARACTER_SET_CLIENT */;
/*!40101 SET @OLD_CHARACTER_SET_RESULTS=@@CHARACTER_SET_RESULTS */;
/*!40101 SET @OLD_COLLATION_CONNECTION=@@COLLATION_CONNECTION */;
/*!40101 SET NAMES utf8 */;
/*!40103 SET @OLD_TIME_ZONE=@@TIME_ZONE */;
/*!40103 SET TIME_ZONE='+00:00' */;
/*!40014 SET @OLD_UNIQUE_CHECKS=@@UNIQUE_CHECKS, UNIQUE_CHECKS=0 */;
/*!40014 SET @OLD_FOREIGN_KEY_CHECKS=@@FOREIGN_KEY_CHECKS, FOREIGN_KEY_CHECKS=0 */;
/*!40101 SET @OLD_SQL_MODE=@@SQL_MODE, SQL_MODE='NO_AUTO_VALUE_ON_ZERO' */;
/*!40111 SET @OLD_SQL_NOTES=@@SQL_NOTES, SQL_NOTES=0 */;

--
-- Table structure for table `be_modules`
--

DROP TABLE IF EXISTS `be_modules`;
/*!40101 SET @saved_cs_client     = @@character_set_client */;
/*!40101 SET character_set_client = utf8 */;
CREATE TABLE `be_modules` (
  `module_id` int(11) NOT NULL AUTO_INCREMENT,
  `module_name` varchar(255) CHARACTER SET utf8 NOT NULL,
  `module_desc` text CHARACTER SET utf8 NOT NULL,
  `module_icon` varchar(100) CHARACTER SET utf8 NOT NULL,
  `ordering` int(3) NOT NULL,
  `is_show_on_menu` tinyint(1) NOT NULL,
  `group_id` int(5) NOT NULL,
  `group_name` varchar(255) NOT NULL,
  `group_icon` varchar(50) NOT NULL,
  `group_has_child` tinyint(1) NOT NULL,
  PRIMARY KEY (`module_id`) USING BTREE
) ENGINE=InnoDB AUTO_INCREMENT=28 DEFAULT CHARSET=latin1 ROW_FORMAT=DYNAMIC;
/*!40101 SET character_set_client = @saved_cs_client */;

--
-- Dumping data for table `be_modules`
--

LOCK TABLES `be_modules` WRITE;
/*!40000 ALTER TABLE `be_modules` DISABLE KEYS */;
INSERT INTO `be_modules` VALUES (1,'categories','Merchant','glyphicon glyphicon-edit',1,0,5,'Merchant Management','fa-store-alt',1),(2,'items','Objects','glyphicon glyphicon-edit',3,1,4,'Object Management','fa-images',1),(3,'users','Category Users','glyphicon glyphicon-cog',16,1,2,'User Management','fa-users',1),(4,'appusers','Registered Users','glyphicon glyphicon-th-list',12,1,1,'Customer Management','fa-user-shield',1),(5,'likes','Item Likes','glyphicon\r\nglyphicon-th-list',7,0,0,'Users Feedback','fa-list-alt',1),(6,'reviews','Item Reviews','glyphicon\r\nglyphicon-th-list',8,0,0,'Users Feedback','fa-list-alt',1),(7,'inquiries','Item Inquiry','glyphicon\r\nglyphicon-th-list',11,0,0,'Users Feedback','fa-list-alt',1),(9,'reports','Report user','glyphicon\r\nglyphicon-stats',15,1,7,'Reporting Management','fa-chart-line',1),(10,'favourites','Item Favourite ','glyphicon glyphicon-th-list',9,0,0,'Users Feedback','fa-list-alt',1),(11,'feeds','News Feeds','glyphicon glyphicon-edit',6,0,3,'Loyalty Management','fa-coins',1),(12,'shops','Shops','glyphicon glyphicon-th-list',18,0,0,'','',0),(13,'sub_categories','Sub Categories','glyphicon glyphicon-edit',2,0,3,'Loyalty Management','fa-coins',1),(14,'currencies','Currency','glyphicon glyphicon-th-list',17,0,0,'','',0),(15,'discount_types','Discounts','glyphicon glyphicon-edit',5,0,3,'Loyalty Management','fa-coins',1),(16,'transactions','Transaction Report','glyphicon glyphicon-file',14,0,1,'Customer Management','fa-user-shield',1),(18,'ratings','Item Rating','glyphicon glyphicon-th-list',10,0,0,'Users Feedback','fa-list-alt',1),(19,'attributes','Item Attributes','glyphicon glyphicon-edit',4,0,3,'Loyalty Management','fa-coins',1),(20,'gcm','Push Notification','',19,0,1,'Customer Management','fa-user-shield',1),(21,'bestseller','Bestseller','glyphicon glyphicon-edit',1,0,3,'Loyalty Management','fa-coins',1),(22,'poin','Poin','glyphicon glyphicon-edit',20,1,3,'Loyalty Management','fa-coins',1),(23,'POIN','Poin','glyphicon glyphicon-edit',21,0,4,'Object Management','fa-images',1),(27,'touches','Touches','',24,1,7,'Reporting Management','fa-chart-line',1);
/*!40000 ALTER TABLE `be_modules` ENABLE KEYS */;
UNLOCK TABLES;

--
-- Table structure for table `be_permissions`
--

DROP TABLE IF EXISTS `be_permissions`;
/*!40101 SET @saved_cs_client     = @@character_set_client */;
/*!40101 SET character_set_client = utf8 */;
CREATE TABLE `be_permissions` (
  `user_id` int(11) NOT NULL,
  `module_id` int(11) NOT NULL
) ENGINE=InnoDB DEFAULT CHARSET=latin1 ROW_FORMAT=DYNAMIC;
/*!40101 SET character_set_client = @saved_cs_client */;

--
-- Dumping data for table `be_permissions`
--

LOCK TABLES `be_permissions` WRITE;
/*!40000 ALTER TABLE `be_permissions` DISABLE KEYS */;
INSERT INTO `be_permissions` VALUES (2,1),(2,2),(2,3),(3,1),(3,2),(3,4),(3,5),(3,6),(3,7),(3,9),(3,10),(3,11),(3,12),(3,13),(3,14),(3,15),(3,16),(3,18),(3,19),(7,1),(7,2),(7,4),(7,5),(7,6),(7,7),(7,9),(7,10),(7,11),(7,12),(7,13),(7,14),(7,15),(7,16),(7,18),(7,19),(5,1),(5,2),(5,4),(5,5),(5,6),(5,7),(5,9),(5,10),(5,11),(5,12),(5,13),(5,14),(5,15),(5,16),(5,18),(5,19),(4,1),(4,2),(4,4),(4,5),(4,6),(4,7),(4,9),(4,10),(4,11),(4,12),(4,13),(4,14),(4,15),(4,16),(4,18),(4,19),(2,12),(8,1),(8,2),(8,12),(8,13),(8,14),(8,15),(10,1),(10,2),(10,3),(10,4),(10,5),(10,6),(10,7),(10,9),(11,1),(11,2),(11,3),(11,4),(11,5),(11,6),(11,7),(11,9),(11,10),(11,11),(11,12),(11,13),(11,14),(11,15),(11,16),(11,18),(11,19),(11,20),(11,21),(13,1),(13,2),(13,3),(13,4),(13,5),(13,6),(13,7),(13,9),(13,10),(13,11),(13,12),(13,13),(13,14),(13,15),(13,16),(13,18),(13,19),(13,20),(13,21),(1,1),(1,2),(1,3),(1,4),(1,5),(1,6),(1,7),(1,9),(1,10),(1,11),(1,13),(1,14),(1,15),(1,16),(1,18),(1,19),(1,21),(12,1),(12,2),(12,4),(12,5),(12,6),(12,7),(12,9),(12,10),(12,11),(12,12),(12,13),(12,14),(12,15),(12,16),(12,18),(12,19),(14,1),(14,2),(14,4),(14,5),(14,6),(14,7),(14,9),(14,10),(14,11),(14,12),(14,13),(14,18),(14,19),(15,1),(15,2),(15,3),(15,4),(15,5),(15,6),(15,7),(15,9),(15,10),(15,11),(15,12),(15,13),(15,14),(15,15),(15,16),(15,18),(15,19),(15,20),(15,21),(1,22),(1,24),(1,27),(13,27),(9,2),(9,3),(9,4),(9,9),(9,22),(9,27),(1,20);
/*!40000 ALTER TABLE `be_permissions` ENABLE KEYS */;
UNLOCK TABLES;

--
-- Table structure for table `be_role_access`
--

DROP TABLE IF EXISTS `be_role_access`;
/*!40101 SET @saved_cs_client     = @@character_set_client */;
/*!40101 SET character_set_client = utf8 */;
CREATE TABLE `be_role_access` (
  `role_id` int(11) NOT NULL,
  `action_id` varchar(50) CHARACTER SET utf8 NOT NULL
) ENGINE=InnoDB DEFAULT CHARSET=latin1 ROW_FORMAT=DYNAMIC;
/*!40101 SET character_set_client = @saved_cs_client */;

--
-- Dumping data for table `be_role_access`
--

LOCK TABLES `be_role_access` WRITE;
/*!40000 ALTER TABLE `be_role_access` DISABLE KEYS */;
INSERT INTO `be_role_access` VALUES (1,'add'),(1,'edit'),(1,'delete'),(1,'publish'),(2,'add'),(2,'edit'),(2,'publish'),(3,'add'),(1,'module'),(0,'ban'),(2,'delete'),(3,'edit'),(1,'edit');
/*!40000 ALTER TABLE `be_role_access` ENABLE KEYS */;
UNLOCK TABLES;

--
-- Table structure for table `be_roles`
--

DROP TABLE IF EXISTS `be_roles`;
/*!40101 SET @saved_cs_client     = @@character_set_client */;
/*!40101 SET character_set_client = utf8 */;
CREATE TABLE `be_roles` (
  `role_id` int(11) NOT NULL AUTO_INCREMENT,
  `role_name` varchar(255) CHARACTER SET utf8 NOT NULL,
  `role_desc` text CHARACTER SET utf8 NOT NULL,
  PRIMARY KEY (`role_id`) USING BTREE
) ENGINE=InnoDB AUTO_INCREMENT=5 DEFAULT CHARSET=latin1 ROW_FORMAT=DYNAMIC;
/*!40101 SET character_set_client = @saved_cs_client */;

--
-- Dumping data for table `be_roles`
--

LOCK TABLES `be_roles` WRITE;
/*!40000 ALTER TABLE `be_roles` DISABLE KEYS */;
INSERT INTO `be_roles` VALUES (1,'admin','Administrator'),(2,'manager','Business Admin'),(3,'user','User'),(4,'superadmin','Super Admin');
/*!40000 ALTER TABLE `be_roles` ENABLE KEYS */;
UNLOCK TABLES;

--
-- Table structure for table `be_users`
--

DROP TABLE IF EXISTS `be_users`;
/*!40101 SET @saved_cs_client     = @@character_set_client */;
/*!40101 SET character_set_client = utf8 */;
CREATE TABLE `be_users` (
  `user_id` int(11) NOT NULL AUTO_INCREMENT,
  `user_name` varchar(255) CHARACTER SET utf8 NOT NULL,
  `user_email` text CHARACTER SET utf8 NOT NULL,
  `user_pass` text CHARACTER SET utf8 NOT NULL,
  `role_id` int(11) NOT NULL,
  `is_owner` tinyint(1) NOT NULL DEFAULT '0',
  `is_shop_admin` tinyint(1) NOT NULL,
  `shop_id` int(11) NOT NULL,
  `added` timestamp NOT NULL DEFAULT CURRENT_TIMESTAMP,
  `status` tinyint(1) NOT NULL DEFAULT '1',
  PRIMARY KEY (`user_id`) USING BTREE
) ENGINE=InnoDB AUTO_INCREMENT=16 DEFAULT CHARSET=latin1 ROW_FORMAT=DYNAMIC;
/*!40101 SET character_set_client = @saved_cs_client */;

--
-- Dumping data for table `be_users`
--

LOCK TABLES `be_users` WRITE;
/*!40000 ALTER TABLE `be_users` DISABLE KEYS */;
INSERT INTO `be_users` VALUES (1,'admin','rafeldo29@gmail.com','e10adc3949ba59abbe56e057f20f883e',4,0,1,2,'0000-00-00 00:00:00',1),(2,'manager','manager@mokets.com','e10adc3949ba59abbe56e057f20f883e',2,0,1,2,'0000-00-00 00:00:00',1),(3,'shop1_admin','shop1_admin@gmail.com','12186fe8a7b1dd053d95e8d3379c7271',4,0,1,1,'2015-01-23 20:41:01',1),(4,'shop2_admin','shop2_admin@gmail.com','5370c7bc26a91164afc88362b70fce08',4,0,1,2,'2015-01-24 14:46:34',1),(5,'shop3_admin','shop3_admin@gmail.com','3382caaae3b952c6e7819a2bfafc0c2b',4,0,1,3,'2015-01-24 14:47:28',1),(7,'shop4_admin','shop4_admin@gmail.com','da2a15f92f90c97dc51a8369bc58d528',4,0,1,4,'2015-01-24 14:54:41',1),(9,'user','user@mokets.com','e10adc3949ba59abbe56e057f20f883e',3,1,1,2,'2015-03-28 16:06:39',1),(10,'ricky','yrickyc@gmail.com','e10adc3949ba59abbe56e057f20f883e',3,0,1,2,'2018-01-05 07:48:39',1),(11,'YogiBagus','yogibaguswijaya@gmail.com','a8e75d855105e2bb99c342380ee7fd54',4,0,0,0,'2018-01-25 04:30:22',1),(12,'manager_museum','manager@btn.com','e10adc3949ba59abbe56e057f20f883e',4,0,1,2,'2018-01-28 10:27:32',1),(13,'super_admin','yrickyc@gmail.com','e10adc3949ba59abbe56e057f20f883e',1,1,1,4,'2018-01-28 10:32:43',1),(14,'admin_mgi','yrickyc@gmail.com','e10adc3949ba59abbe56e057f20f883e',4,0,1,4,'2018-07-12 23:20:31',1),(15,'kkadmin','kk@gmail.com','e10adc3949ba59abbe56e057f20f883e',4,0,1,5,'2018-07-18 07:36:42',1);
/*!40000 ALTER TABLE `be_users` ENABLE KEYS */;
UNLOCK TABLES;

--
-- Table structure for table `mk_appusers`
--

DROP TABLE IF EXISTS `mk_appusers`;
/*!40101 SET @saved_cs_client     = @@character_set_client */;
/*!40101 SET character_set_client = utf8 */;
CREATE TABLE `mk_appusers` (
  `id` int(11) NOT NULL AUTO_INCREMENT,
  `id_card` text NOT NULL,
  `ci` text,
  `co` text,
  `online` tinyint(1) unsigned zerofill DEFAULT '0',
  `gender` varchar(256) DEFAULT NULL,
  `dob` text,
  `username` varchar(255) NOT NULL,
  `password` text NOT NULL,
  `email` varchar(255) NOT NULL,
  `phone` varchar(100) NOT NULL,
  `about_me` text,
  `delivery_address` text,
  `billing_address` text,
  `profile_photo` text,
  `qr_code` text,
  `background_photo` text,
  `is_banned` tinyint(1) NOT NULL DEFAULT '0',
  `status` tinyint(1) NOT NULL DEFAULT '1',
  `added` timestamp NOT NULL DEFAULT CURRENT_TIMESTAMP,
  `updated` timestamp NULL DEFAULT NULL,
  `poin` int(11) DEFAULT '0',
  PRIMARY KEY (`id`) USING BTREE
) ENGINE=InnoDB AUTO_INCREMENT=12 DEFAULT CHARSET=utf8 ROW_FORMAT=DYNAMIC;
/*!40101 SET character_set_client = @saved_cs_client */;

--
-- Dumping data for table `mk_appusers`
--

LOCK TABLES `mk_appusers` WRITE;
/*!40000 ALTER TABLE `mk_appusers` DISABLE KEYS */;
INSERT INTO `mk_appusers` VALUES (1,'4693458000001234',NULL,'2020-03-18 16:24:40',1,NULL,NULL,'acep','b01b5e2146a69804cb9fc00aa3346143','yrickyc@gmail.com','081380704946',NULL,NULL,NULL,NULL,NULL,NULL,0,1,'2020-03-05 04:00:41',NULL,0),(2,'4444555566667777',NULL,'2020-03-17 12:03:30',1,NULL,NULL,'damha','e10adc3949ba59abbe56e057f20f883e','damha844@gmail.com','082210488121',NULL,NULL,NULL,NULL,NULL,NULL,0,1,'2020-03-06 07:11:24',NULL,0),(3,'6384625193847361',NULL,'2020-03-13 13:53:00',0,NULL,NULL,'Ferius','d8578edf8458ce06fbc5bb76a58c5ca4','acepbamarullah@gmail.com','081356794312',NULL,NULL,NULL,NULL,NULL,NULL,0,1,'2020-03-13 06:47:59',NULL,0),(4,'6767676767676767',NULL,NULL,1,NULL,NULL,'nanang sunanang','25d55ad283aa400af464c76d713c07ad','nanang@yahoo.com','081111111111',NULL,NULL,NULL,NULL,NULL,NULL,0,1,'2020-03-18 07:28:00',NULL,0),(5,'1111111111111111',NULL,NULL,1,NULL,NULL,'nanang sunanang','e10adc3949ba59abbe56e057f20f883e','nanangyahoo.com','081111111111',NULL,NULL,NULL,NULL,NULL,NULL,0,1,'2020-03-18 07:41:08',NULL,0),(6,'3461916494646164',NULL,NULL,1,NULL,NULL,'yrickyk','d8578edf8458ce06fbc5bb76a58c5ca4','yrickyk@gmail.com','085649494946',NULL,NULL,NULL,NULL,NULL,NULL,0,1,'2020-03-18 09:32:25',NULL,0),(7,'4515678990005455',NULL,NULL,1,NULL,NULL,'Adi Nugraha','110439bddbecd80b1e92a878e3e1ebcf','adi.dectus@gmail.com','081218155858',NULL,NULL,NULL,NULL,NULL,NULL,0,1,'2020-03-18 09:37:33',NULL,0),(8,'6495359534946464',NULL,NULL,1,NULL,NULL,'haji naim','d8578edf8458ce06fbc5bb76a58c5ca4','naim@gmail.com','097683452467',NULL,NULL,NULL,NULL,NULL,NULL,0,1,'2020-03-19 23:58:10',NULL,0),(9,'9464646464646464',NULL,NULL,1,NULL,NULL,'kerenkan','d8578edf8458ce06fbc5bb76a58c5ca4','keren@gmail.com','089464352154',NULL,NULL,NULL,NULL,NULL,NULL,0,1,'2020-03-20 00:05:10',NULL,0),(10,'082394170456',NULL,NULL,1,NULL,NULL,'masri','e10adc3949ba59abbe56e057f20f883e','vhhh@gmail.com','082394170456',NULL,NULL,NULL,NULL,NULL,NULL,0,1,'2020-04-06 06:57:19',NULL,0),(11,'123456',NULL,NULL,1,NULL,NULL,'masri','e10adc3949ba59abbe56e057f20f883e','masry.pakpahan@gmail.com','082394170456',NULL,NULL,NULL,NULL,NULL,NULL,0,1,'2020-04-06 06:58:44',NULL,0);
/*!40000 ALTER TABLE `mk_appusers` ENABLE KEYS */;
UNLOCK TABLES;

--
-- Table structure for table `mk_bestseller`
--

DROP TABLE IF EXISTS `mk_bestseller`;
/*!40101 SET @saved_cs_client     = @@character_set_client */;
/*!40101 SET character_set_client = utf8 */;
CREATE TABLE `mk_bestseller` (
  `id` int(11) NOT NULL AUTO_INCREMENT,
  `item_id` int(11) NOT NULL,
  `cat_id` int(11) NOT NULL,
  `sub_cat_id` int(11) NOT NULL,
  `shop_id` int(11) NOT NULL,
  `stock` int(11) NOT NULL,
  `qr_code` text NOT NULL,
  `url` text NOT NULL,
  `discount_type_id` int(11) NOT NULL,
  `name` varchar(255) NOT NULL,
  `description` text NOT NULL,
  `unit_price` float NOT NULL,
  `search_tag` text NOT NULL,
  `is_published` int(11) NOT NULL DEFAULT '0',
  `added` timestamp NOT NULL DEFAULT CURRENT_TIMESTAMP,
  `updated` timestamp NULL DEFAULT NULL,
  PRIMARY KEY (`id`) USING BTREE
) ENGINE=InnoDB AUTO_INCREMENT=960 DEFAULT CHARSET=utf8 ROW_FORMAT=DYNAMIC;
/*!40101 SET character_set_client = @saved_cs_client */;

--
-- Dumping data for table `mk_bestseller`
--

LOCK TABLES `mk_bestseller` WRITE;
/*!40000 ALTER TABLE `mk_bestseller` DISABLE KEYS */;
INSERT INTO `mk_bestseller` VALUES (475,475,1,3,1,0,'','',0,'PROBET G.A.N','-Khasiat dan Kegunaan : Digunakan untuk membantu meringankan gejala kecing manis.\n\n-Komposisi :Tiap kapsul mengandung ekstrak ,Tinospora crispa . . . 150mg,Swietenia Mahagoni . . . 100mg,Andrographis Paniculata . . . 250mg\n\n-Aturan pakai : 3 x 2 kapsul/hari\nAnjuran : Dapat diminum sebelum atau sesudah makan dan perbanyak minum air putih.\n',50000,'probet,gan',0,'2017-11-23 07:28:54',NULL),(476,476,1,3,1,50,'','',0,'KAPSUL MENGKUDU','Buah mengkudu mengandung berbagai senyawa yang sangat di butuhkan oleh tubuh. Senyawa tersebut seperti xeronine, alizarin, plant sterois, lycin, sosium, arginine, caprylic acid, proxironene, ,antra quinines, trace elemens, magnesium, phenylalanine. Selain itu dalam buah mengkudu terkandung terpenoid yang sangat penting untuk pemulihan sel - sel tubuh. Kehebatan buah mengkudu yang lain ialah kandungan buah mengkudu seperti zat anti kanker, dan zat anti bakteri.  Juga mengandung scolopetin yang sudah sangat di kenal efektifitasnya sebagai anti peradangan dan anti alergi.\n--\nKegunaan :\nMembantu meringankan kencing manis\n--\nKomposisi :\nAndrographis paniculata (500 mg)\n--\nAturan Pakai : 2 x 3 Kapsul/hari\n\nIsi : 50 kapsul\n--\nNo BPOM : TR133368991',30000,'kapsul,mengkudu',0,'2017-11-23 10:39:14',NULL),(495,495,26,104,1,50,'','',0,'ALEVA MADU ANAK (Ekstrak kelor PLus Albumin)','Perpaduan herbal pilihan 100% alami yang kaya akan vitamin untuk anak usia 1-12 tahun. Merupakan pilihan yang tepat buat Bunda saat disandingkan dengan asupan nutrisi pokok bagi buah hati. Memiliki citarasa dan aroma yang enak serta tekstur yang lebih lembut membuat Madu Aleva sangat disukai balita dan anak-anak. Madu Aleva mengkombinasikan antara madu murni pilihan ditambah dengan protein albumin dan tak ketinggalan dengan beberapa ekstrak pilihan seperti ekstrak pegagan, temulawak, daun kelor, dan meniran. Membuat Madu Aleva sangat efektif untuk pengobatan maupun digunakan untuk kesehatan. \n--\nKegunaan :\n- Membantu melancarkan sirkulasi darah\n- Meningkatkan kecerdasan dan daya konsentrasi anak\n- Merangsang motorik pada anak\n- Meningkatkan daya tahan tubuh\n- Meningkatkan nafsu makan\n- Meningkatkan berat badan anak\n- Suplai gizi pada anak\n- Meningkatkan kekebalan tubuh anak terhadap serangan penyakit\n- Membantu mengobati alergi\n- Mempercepat proses penyembuhan berbagai macam penyakit\n--\nKomposisi :\n- Mel Dde Puratum (Madu Murni Pilihan)\n- Centella Asiatica Herba Ekstrak (Ekstrak Pegagan)\n- Curcuma Xanthorrhiza Rhizoma Ekstrak (Ekstrak Temulawak)\n- Phyllantus Niruri Herba Ekstrak (Ekstrak Meniran Hijau)\n- Moringa Oleifera Folium Ekstrak (Ekstrak Daun Kelor)\n--\nKategori :\nCair\n--\nAturan Pakai :\n2 kali sehari 1 2 sendok teh\nIsi : 170 gr\n--\nNo BPOM : \nTR. 143 678 831\n',36000,'aleva,madu,herbal',0,'2017-11-24 04:25:08',NULL),(516,516,26,108,1,0,'','',0,'MD KOLESTEROL 350GR MUJAROB ','',60000,'madu,kolesterol,mujarob',0,'2017-11-27 04:34:59',NULL),(562,562,26,106,1,0,'','',0,'BIOKIDS PLATINUM','Madu murni Afis Melifera dari berbagai pohon (rambutan, kaliandra, randu dan mangga) yang di Formulasikan secara khusus dengan beberapa herbal pilihan seperti Kulit Manggis, Temulawak, Pegagan, Kencur serta buah buahan yang berfungsi untuk memudahkan tubuh dalam menyerap vitamin, mineral dan anti oksidan alami sebagai sumber gizi yang di perlukan bagi anak anda tercinta sehingga dapat menjaga stamina, daya tahan tubuh dan tumbuh kembang anak sebagai suplemen tambahan nutrisi kecerdasan anak\n\nManfaat Madu Biokids bagi si buah hati :\nMenjaga kesehatan\nMeningkatkan Kecerdasn\nMembantu Tumbuh Kembang Anak\nMenaikan Berat Badan Anak\nSebagai anti bakteri penyebab mudahnya terkena penyakit\nMeningkatkan daya tahan tubuh\nMembatu penyakit batuk, flu,pilek, demam ringan\nMeningkatkan Nafsu makan anak\nNutrisi Kecerdasan otak anak\nSebagai Nutrisi tambahan bagi therapy penyakit flek dan TBC\nMenjaga kesehatan mata     \n                                                  \nKomposisi Biokids madu Anak :\nMadu murni Afis Melifera, Kulit Manggis, Temulawak, Pegagan, Kencur serta buah buahan \n',65000,'madu,biokids,platinum',1,'2017-12-05 05:02:48',NULL),(574,719,1,3,1,50,'','',0,'HABASA GARLIC (90 Kapsul)','Habasa garlic ini adalah campuran antara bawang putih (Garlic Oil) dengan habbatusauda yang di kemas menjadi kapsul. Pengolahan yang higienis dengan standart pabrik internasional, Habbasa ini sagat mudah di bawa kemana-mana. Kapsul ini sendiri memliki kandungan yang sangat banyak guna membantu dan menurunkan kolesterol dalam tubuh (Jantung Koroner).\n--\nKhasiat :\n&bull;  Menguatkan sistem kekebalan tubuh. \n&bull;  Memperbaiki saluran pencernaan. \n&bull;  Meningkatkan bioaktivitas hormon. \n&bull;  Menetralkan racun dalam tubuh. \n&bull;  Mengatasi gangguan tidur dan stress.\n--\nKomposisi :\n- Tiap kapsul mengandung:\n- Oleum Nigella Sativa Semen\n- Oleum Allium Sativum Bulbus\n--\nAturan Pakai :\n3x sehari 2-3 kapsul.\nDapat diminum sebelum makan atau sesudah makan.\n--\nPerhatian &amp; Peringatan:\n&bull; Hentikan penggunaan 2 minggu sebelum operasi karena meningkatkan resiko pendarahan.\n&bull; Hentikan pemakaian jika terjadi reaksi alergi.\n&bull; Hindari penggunaan bersama obat-obatan pengencer darah seperti wafarin, heparin, aspirin.\n--\nAdditional Info :\nSimpan pada tempat sejuk dan kering dibawah suhu 30oC terhindar dari cahaya matahari langsung.\nPOM TR. 163 394 621, Isi 90 kapsul.\nDiproduksi Oleh : CV . AL-Afiat Sehat Alami, Magelang-Indonesia.\n',40000,'habasa,garlic',1,'2018-02-15 07:11:50',NULL),(575,720,27,127,1,50,'','',0,'HABBAT GARLIC OIL 99 (60 KAPSUL) ','Khasiat dan kegunaan :\n-Membantu memelihara kesehatan tubuh.\n--\nKomposisi :\nTiap kapsul mengandung :\n-Oleum Alii sativi Bulbus 355mg\n-Oleum Negella Sativa Semen 145mg\n--\nAturan Pakai :\n3 x 3 kapsul sehari, sebaiknya diminum 1 jam sebelum makan.\nKontra indikasi : dikontraindikasikan pada penderita tukak lambung.\n--\nPeringatan :\n- Hentikan penggunaan sebelum operasi, karena meningkatkan resiko pendarahan,\n- Hentikan penggunaan jika terjadi reaksi alergi,\n- Hindari penggunaan bersama obat &ndash; obatan pengencer darah \n        seperti : warfarin, heparin, aspirin.\n--\nAdditional Info :\nSimpan dibawa suhu 30oC ditempat yang sejuk dan kering dan tidak terkena sinar matahari langsung.\nPOM TR. 163.394.721, Isi 60 Kapsul.\nDiproduksi Oleh : CV. As-Shohwah Herbal, Banten &ndash; Indonesia.\n\n',30000,'habbat,garlic',1,'2018-02-15 08:24:29',NULL),(576,721,1,115,1,50,'','',0,'HAJAR JAHANAM MESIR','Stop viagra yang banyak resiko dan tissue basah yang hanya seventar, apalagi obat kuat yang hrus dikonsumsi dalam jangka panjang bisa merusak fungsi hati dan ginjal.\n--\nDosis dan cara pakai :\nKocok terlebih dahulu sebelum dipakai, oleskan sedikit hajar jahanam dibagian bawah leher Mr. P (jengger) kurang lebih 2x oles.\nKemudian diamkan selama 45 menit, lalu setelah meresap cuci dengan sabun hingga bersih maka anda siap menikmati kedahsyatan hajar jahanam.\n--\nAdditional info :\nHANYA UNTUK PEMAKAIAN LUAR, JANGAN DIMAKAN/DIMINUM.\nSimpan pada suhu &lt;30oC/lemari es.\nNet weight 6x5 ml, Made in EGYPT.\n--\nDikemas oleh : Piramid Herbal,Tanggerang &ndash; Indonesia. \n',21000,'obatkuat,blackstone',0,'2018-02-15 09:33:35',NULL),(578,718,27,127,1,50,'','',0,'HABAPROZ','Khasiat dan kegunaan :\n-Membantu meningkatkan daya tahan tubuh.\n--\nKomposisi :\nTiap kapsul mengandung :\n-Oleum negella sativa semen,\n-Oleum olea europaea fructus,\n-Oleum cocos,\n-Propolis\n--\nAturan Pakai :\n3 x 3 kapsul/hari.\n--\nAdditional Info :\nSimpan pada tempat kering pada suhu di bawah 30oC, terhindar dari cahaya matahari langsung.\n--\nPOM TR. 173 301 061, Isi 100 Kapsul.\n--\nDiproduksi Oleh : CV. AL-AFIAT Sehat Alami, Magelang &ndash; Indonesia.\n\n',35000,'habbatussauda,zaitun,propolis,trigona,vco',1,'2018-02-15 06:59:27',NULL),(579,717,29,121,1,50,'','',0,'GOLDSEA PLUS ','Goldsea plus terbuat dari bahan &ndash; bahan alami. Warna dan penampakan dapat sedikit berbeda satu Goldsea plus kaya akan albumin, protein, kolagen, asam amino, vitamin B, Omega 3, Omega 6 dan Antiseptic alami.\n--\nKomposisi :\n-Air\n-Sea Cucumbar Extract \n-Sorbitol \n-Sodium Carboxymenthyl\n-Cellulose\n-Citric Acid\n-Potassium Sorbate\n-Sodium Benzoate.\n--\nCara pakai :\n2-3 sendok makan (20-30ml) 3 kali sehari.\n--\nAdditional info :\nSimpan ditempat sejuk dan kering, jauhkan dari jangkauan anak-anak. Jika sakit berlanjut silahkan hubungi dokter.\n--\nDinkes P-IRT. 209320101800, Netto : 250ml.\n--\nDiproduksi oleh : NaturalHerba &ndash; Indonesia.\n',75000,'gamat,albumin',1,'2018-02-15 06:34:47',NULL),(580,716,29,109,1,50,'','',0,'GOLDEN TAMR SUKARI','Kurma sukari atau yang dikenal juga dengan sebutan kurma raja adalah salah satu kurma yang paling disukai di kawasan Saudi Arabia dan Timur Tengah. \nKurma sukari berukuran besar dan berwarna cokat terang dan ujungnya kuning ranum. Daging buahnya sangat lembut sehingga lumer di mulut saat dimakan.\n\nPremium Dates, Netto 500gr.',80000,'kurma,goldentamr,sukari',1,'2018-02-15 06:07:45',NULL),(581,715,29,109,1,50,'','',0,'GOLDEN TAMR MESIR','Golden tamr melebur di dalam mulut anda. Tumbuh di seluruh perkebunan mesir, kecuali pada bagian timur. Golden tamr berkarakter sangat halus dan tekstur yang lembut, kaya rasa unik dan manis yang seimbang, warna emas halus, ukuran buah kurma yang besar dengan manfaat kurma selama sesi pemetikan.\n--\nAdditional Info :\nSimpan di tempat yang sejuk dan kering.\nDinkes P-IRT No. 214327603310, Netto 1 Kg.\n',45000,'kurma,goldentamr',0,'2018-02-15 05:51:46',NULL),(582,714,1,115,1,50,'','',0,'GAMAT GOLD KAPSUL','Kandungan :\n-Mengandung Golden sea cucumbar (tripang emas)\n-Kolagen (bahan perekat tulang)\n-Muccopolysaccharide (pengencer darah)\n-Glucosamine (perangsang pertumbuhan tulang)\n-Chondroitin Sulfat\n-Holoturin (bahan anti virus &amp; kanker)\n-Omega 3, 6, &amp; 9, Chomium\n-Asam Amino, Dll.\n--\nManfaat dan kandungan :\n-Menjaga kesehatan badan.\n--\nKomposisi :\n-100% Gamat Emas.\n--\nAturan Pakai :\n-Pengobatan :3 x 2 kapsul/hari,\n-Pencegahan : 1 x 2 kapsul/hari.\n--\nAdditional Info :\nSimpanlah ditempat sejuk dan kering, jauhkan dari sinar matahari langsung.\n--\nPOM TR. 143 377 411, Isi 60 Kapsul @500mg.\n--\nDiproduksi Oleh : CV. Jogja Natural Herbal.\n',42000,'gamat,gold,kapsul',0,'2018-02-15 04:59:59',NULL),(583,713,27,127,1,50,'','',0,'ZAITUN HIKMAH OIL (200 Kapsul)','Zaitun hikmah oil adalah minyak zaitun pilihan yang dikemas secara modern berbentuk kapsul dengan melalui proses sterilisasi baik sehingga kandungan yang terdapat didalam setiap tetesnya tetap terjaga dengan baik.\n--\nKhasiat dan kegunaan : \nMembantu Memelihara Kesehatan.\n--\nKomposisi : \nTiap kapsul mengandung Oleum Olea Europaea Semen (Ekstrak Minyak Zaitun) 500 mg.\n--\nAturan Pakai :\n3 kali sehari, 1 kapsul.\n--\nAdditional Info :\nSimpan ditempat sejuk dan kering, jauhkan dari sinar matahari langsung.\nPOM TR. 173301461\nDiproduksi  : CV. AS-SHOHWAH HERBAL, Banten &ndash; Indonesia.',45000,'zaitun,hikmah,oil,kapsul,minyak',0,'2018-02-15 04:10:27',NULL),(584,712,29,112,1,50,'','',0,'BLACK GAYO COFFEE','--\nKomposisi :\nKopi + Gula Aren Semut.\nGula Aren Semut (Dalam 30gr, menggandung aren 20gr). Bersumber dari petani aren di jawa tengah dengan proses kristalisasi yang menhasilkan rasa minuman kopi yang nkimat.\nKopi Aren Semut ( dalam 30gr, mengfandung kopi 10gr). Bersumber dari biji kopi pilihan dari dataran tinggi gayo. Perpaduan antara kopi arabica dan robusta gayo dengan komposisi yang pas dan berkarakter.\n--\nCara Penyajian :\n- Tiga sendok makan kopi (&plusmn; 20gr)\n- Air Panas 90oC 130ml\n- Aduk secara merata.\n--\nAdditional Info :\n--\nDinkes P. IRT No. 5103276040401-22.\n--\nDiproduksi Oleh : PT. Habbasyi Niaga Utama, Depok &ndash; Indonesia.\n',35000,'black,gayo,coffee',1,'2018-02-15 03:57:29',NULL),(585,711,28,117,1,50,'','',0,'ANTUMO SHAMPOO','--\nKhasiat dan kegunaan :\nMenghitamkan rambut, menguatkan akar rambut, melebatkan rambut, membantu mengatasi kutu dan telur kutu rambut.\n--\nKomposisi :\n-Olive oil natural\n- lemon (citrul limonium)\n- allium cep extract\n-aleu rites moluccana extract\n--\nAturan pakai :\nBasahi rambut dengan air hangat, tuangkan antumo shampoo secukupnya, sampai merata di rambut dan kulit kepala. Diamkan sampai 5-10 menit, kemudian bilas sampai bersih.\nDigunakan 1-2x sehari sampai rambut bersih dari kutu dan telur kutu.\n--\nAdditional Info :\nSimpan ditempat sejuk dan kering.\n--\nPOM NA 18171001959, Isi 60ml.\n--\nDiproduksi oleh : CV. An Naufa &ndash; Indonesia.\n',30000,'antumo,shampoo',1,'2018-02-15 03:34:01',NULL),(586,710,26,104,1,50,'','',0,'ALEVA MADU ANAK + Ekstrak Daun Kelor','--\nKhasiat dan kegunaan :\nSecara tradisional digunakan untuk membantu sirkulasi darah.\n--\nKomposisi :\n-Tiap botol mengandung :\n-Mel de puratum  164gr,\n-Centella asiatica herba ekstrak 1,5gr,\n-Curcuma xanthorrhiza rhizoma 1,5gr,\n-Phillantus niruri herba ekstrak 1,5gr,\n-Moringa oleivera folium  1,5gr.\n--\nAturan Pakai :\n2 kali sehari 1 sendok teh, Kocok dahulu sebelum diminum.\n--\nAdditional Info :\nSimpan di tempat yang sejuk dan kering, terhindar dari sinar matahari langsung.\n--\nPOM TR. 143 678 831, Isi 170gr.\n--\nDiproduksi Oleh : CV. Griya An Nur, Bekasi &ndash; Indonesia. \n',36000,'aleva,madu,herbal',0,'2018-02-15 02:16:16',NULL),(587,631,29,121,1,50,'','',0,'SYAMCOLD    ','Syamcold merupakan perpaduan yang sempurna dari madu murni dengan black elderberry yang akan mampu meninggakatkan daya tahan tubuh anda. Sehingga semua keluhan penyakit yang anda rasakan akan segera hilang. Syamcold terbuat dari madu alam murni yang sudah di kenal sejak ribuan tahun akan khasiatnya dalam menyembuhkan dan meningkatkan kesehatan. Sedangkan black elderberry atau juga yang di kenal sebagai sambucus nigra sudah terbukti secara klinis dapat membantu mencegah virus influenza bereplikasidan mengurangi gejalanya sekitar 4 hari. Semua kebaikan dan manfaat dari madu dan buah black elderberry yang luar biasa dapat peroleh dengan mengkonsumsi secara rutin dan teratur.\n--\nKhasiat Dan Manfaat Syamcold :\n&bull; Dapat mengobati sakit flu.\n&bull; Bermanfaat untuk mengobati pilek.\n&bull; Sangat berkhasiat dalam mengobati sakit batuk.\n&bull; Berguna dalam mengobati sakit tenggorokan.\n&bull; Bermanfaat untuk menurunkan demam dan mengiigil.\n&bull; Dapat untuk mengobati sakit kepala.\n&bull; Membantu menghilangkan susah tidur.\n&bull; Bermanfaat sebagai anti oksidan di dalam tubuh.\n--\nAturan Pakai :\nUntuk Menjaga Kesehatan :\n&bull; Dewasa minum syamcold 1 x sehari 2 sendok makan\n&bull; Anak &ndash; anak minum syamcold 1 x sehari 1 sendok makan.\nUntuk Penyembuhan :\n&bull; Dewasa minum syamcold 2 x sehari 2 sendok makan\n&bull; Anak &ndash; anak minum syamcold 2 x sehari 1 sendok makan.\n\nUntuk pengobatan atau pada musim hujan ketika sistem kekebalan tubuh menjadi lemah dan rentan terhadap penyakit, di anjurkan untuk meningkatkan asupan menjadi:\n&bull; Dewasa minum syamcold 3 x sehari 2 sendok makan\n&bull; Anak &ndash; anak minum syamcold 3 x sehari 1 sendok makan.\n--\nAdditional info :\n-',50000,'syamcold',0,'2018-01-26 03:49:02',NULL),(588,628,29,113,1,50,'','',0,'COCOA IQ','Otak bertanggung jawab atas fungsi seperti pengenalan, emosi, ingatan, pembelajaran motorik dan segala bentuk pembelajaran lainnya. Sungguh suatu tugas yang sangat rumit dan banyak bagi otak. Pikun atau melemahnya daya ingat biasanya dialami oleh orang yang telah lanjut usia. Namun,saat ini pikun juga bisa menyerang anak muda atau dewasa muda. ketika usia masih baru di awal 20-an,mungkin akan merasa cemas karena ingatan tidak berfungsi dengan baik.\nCOCOA IQ merupakan minuman herbal alami dan terpercaya di akui menjadi suplemen bagus untuk merangsang sel motorik dan kecerdasan otak,bisa membantu memunculkan mood positif,emosi yang positif dan mengatasi kelelahan otak. selain itu COCOA IQ DI racik menggunakan bahan-bahan herbal alami seperti coklat pilihan, ekstrak pegagan, ginkgobiloba, temulawak, kurma, kismis dan madu, ke 7 bahan-bahan herbal alami ini menjadi pilihan yang sangat baik untuk menstimulus sel motorik dan meningkatkan kecerdasan otak. \n--\nP-IRT 2123275060580-21',75000,'cocoa,iq',1,'2018-01-23 04:45:16',NULL),(589,622,26,108,1,50,'','',0,'MACOL','Kegunaan :\nMembantu dalam penyembuhan penyakit kolesterol,\nMembantu menurunkan kolesterol jahat (LDL),\nMengatasi kesemutan,\nMengatasi pusing karena kolesterol,\nMembantu mengurangi rasa sakit bagian leher dan pundak belakang,\nMembantu menurunkan kadar lemak tubuh.\n--\nKomposisi :\nMadu,\nEkstrak jati belanda,\nEkstrak Sambiloto,\nEkstrak Temulawak,\nEkstrak Pegagan.\n--\nAturan Pakai :\nPencegahan : 2 sdm 2x sehari,\nPenyakit Ringan : 2 sdm 3x sehari,\nPenyakit Kronis : 3 sdm 3x sehari,\n--\nNo BPOM : \n-\n',45000,'madu,macol',0,'2018-01-08 10:14:20',NULL),(590,619,26,106,1,50,'','',0,'VITABUMIN','Dengan rasa yang manis, lezat, enak, lembut serta menggoda bagi buah hati. Produk PT. Aksamala Adi Andana ini menjadi solusi yang tepat bagi Bunda di rumah yang ingin buah hatinya agar selalu sehat di dalam tumbuh kembangnya. Perpaduan madu yang kaya vitamin, protein albumin dari ikan gabus ditambah dengan temulawak &amp; pegagan.&ldquo;Higienis &amp; Tanpa Pengawet&quot;.\nBuah hati anda susah makan, tidak bisa gemuk dan sering terkena penyakit seperti : flu, batuk, pilek dan demam. Vitabumin memberikan solusi alami karena di formulasikan khusus dan higienis oleh para ahli herbal yang berpengalaman sehingga mendapatkan paduan sempurna antara madu, ekstrak albumin ikan gabus, temulawak dan pegagan. Sehingga tidak memiliki efek samping jika diminum sesuai dengan aturan yang tertera. Madu Vitabumin dapat diminum bersamaan dengan air putih susu, teh atau bubur.\n--\nKegunaan :\nMenambah nafsu makan &amp; berat badan,\nTerapi Alami Anak penderita flek / TBC (Bisa dikombinasikan dgn Obat Dokter),\nMadu meningkatkan daya tahan tubuh terhadap penyakit pilek, batuk dll,\nTerapi anak penderita autis,\nMempercepat penyembuhan semua penyakit anak,\nMemperbaiki gizi buruk pada bayi dan anak,\nMencerdaskan otak anak,\nMembantu pengobatan Typus &amp; DBD,\nMenambah protein albumin dan vitamin pada tubuh anak agar pertumbuhan dan perkembangan anak maksimal.\n--\nKomposisi :\nMadu murni,\nEkstrak albumin ikan gabus,\nCurcuma xanthorrizha Rhizoma ekstrak (temulawak),\nCentella asiatica (pegagan) ekstrak.\n--\nKategori :\nMinum sambil duduk,1 tahun-3 tahun : 2-3 x sehari 2-3 sendok the,4 tahun-12 tahun: 2-3 x sehari 2-3 sendok makan\nDianjurkan dicampur dengan susu atau air putih.\n--\nNo BPOM : \nTR. 153 686 301\n',60000,'vitabumin,madu',1,'2018-01-08 10:00:56',NULL),(591,617,26,106,1,50,'','',0,'JAKOTENS   ','Madu jakotens merupakan minuman kesehatan yang sangat ampuh dan manjur untuk pengobatan herbal karena telah terujui klinis dan terbukti khasiatnya sehingga madu jakotens menjadi pilihan yang sangat tepat sebagai obat herbal kolesterol, jantung, dan darah tinggi (hipertensi).\nMembantu melancarkan sirkulasi darah, mengurangi kadar lemak dalam darah, menurunkan kadar gula dalam darah, membantu menormalkan tekanan darah.\nMaka dari itu sebelum timbulnya penyakit jantung, stroke, darah tinggi dan penyakit lainnya sebaiknya pencegahan dan konsumsi madu jakotens ini, bukan hanya pencegahan tetapi madu jakotens ini sangat ampuh unutk mengobati.\n--\nKomposisi :Kegunaan :\n&bull; Membantu pencegahan datang nya kanker\n&bull; Merangsang pertumbuhan  jaringan\n&bull; Menghaluskan kulit\n&bull; Meningkatkan kekebalan tubuh\n&bull; Menurunkan glukosa dan kolestrol darah\n&bull; Meringankan penyakit pernafasan \n&bull; Meningkatkan stamina\n&bull; Mengobati batuk dan radang tenggorokan\n&bull; Sebagai sumber vitamin dan minera\n--\nKomposisi :\nMadu murni pilihan\n--\nAturan Pakai :\n3 x sendok makan/hari\nIsi : 500 gr\n--\nNo BPOM : \n-\n',36000,'jakotens,herbal',1,'2018-01-08 09:56:53',NULL),(592,615,26,106,1,50,'','',0,'MADU ARAFAH ','Madu ARAFAH memiliki kandungan madu yang cukup tinggi sehingga ahli dgizi mengatakan \'madu adalah minuman terbaik di dunia&quot; kandungan madu ARAFAH mengandung royal jelly, bee pollen, moneral, kalsium, zat bersi, iodium, vitamin A,B,C,D dan K, asam organik laktat, asam malt, asam tatrat dan asam sitrat azat bionenitic serta zat antimikeroba.\n--\nKegunaan :\nMembantu pencegahan datang nya kanker,\nMerangsang pertumbuhan  jaringan,\nMenghaluskan kulit,\nMeningkatkan kekebalan tubuh,\nMenurunkan glukosa dan kolestrol darah,\nMeringankan penyakit pernafasan,\nMeningkatkan stamina,\nMengobati batuk dan radang tenggorokan,\nSebagai sumber vitamin dan mineral.\n--\nKandungan Madu Arafah :\nRoyal Jelly, Bee Pollen, Mineral, Kalsium, Zat Besi, Iodium, Vitamin A, B, C, D, K, Asam Organik, Laktat, Asam Malt, Asam Tatrat, Asam Sitrat, Zat Bionenitic, Zat Antimikroba. \n--\nAturan Pakai :\n3 x sendok makan/hari\nIsi : 500 gr\nNo BPOM : \nP-IRT No. 209327602310\n',55000,'madu,arafah',0,'2018-01-08 09:54:10',NULL),(593,723,29,110,1,50,'','',0,'TEA DE.M','Khasiat dan kegunaan :\nMenurunkan kadar gula anda, membantu proses penyembuhan penyakit, menjaga kesehatan stamina dan daya tahan tubuh anda.\n--\nKomposisi :\nPegagan/centella.A, Mimba/azadirachta.I, Brotowali/Tinospora.C, Insulin/Smallanthus.S, Ciplukan/physahi.P, Sarang semut/myrmecodia.P, Teh/Carmelia.\n--\nAnjuran Minum :\nAmbil satu gelas air panas, kemudian celupkan satu sachet tea De.M biarkan sampai mengental, lebih nikmat di campur madu atau gula diminum selagi hangat.\nAnak-anak dan dewasa minum satu kali sehari pagi atau malam sesuai kondisi, jika untuk lebih efektif mengeluarkan racun minum 2 kali sehari disertai mengatur pola makan dan gaya hidup.\n--\nAdditional Info :\nSimpan ditempat yang kering.\nP.IRT 310 367 402 200 5018, Isi 20 Sachet.\nDiproduksi oleh : CV. Dewi Makmur Yogyakarta',30000,'teh,celup,dem,de\'m,d\'em,diabet,diabetes',1,'2018-02-19 02:55:48',NULL),(594,722,1,3,1,50,'','',0,'KAPSUL BINAHONG','Binahong adalah tumbuhan alami multi khasiat, berasal dari alam sehingga amat baik untuk tubuh dan tidak memiliki efek samping. Kapsul binahong ini telah diramu oleh ahlinya sehingga mudah dikonsumsi dalam bentuk kapsul yang khasiatnya sangat baik \nuntuk kesehatan anda.\n--\nKomposisi :\n-Ekstrak daun Binahong 100%.\n--\nCara Pakai :\n-3x1-2 kapsul/hari, sebelum makan.\nPerbanyaklah minum air putih setelah mengonsumsi kapsul binahong.\n--\nAdditional Info :\nSimpan ditempat sejuk dan kering.\n--\nPOM TR. 163 393 951, Isi 60 Kapsul @500mg.\n--\nDiproduksi Oleh : CV. Al Kautsar, Indonesia.\n',35000,'kapsul,binahong',1,'2018-02-19 02:36:21',NULL),(595,726,1,3,1,50,'','',0,'SARGIMEX','Khasiat dan kegunaan :\nAnti kanker &amp; antioksidan\n--\nKomposisi :\nEkstrak sarang semut, Ekstrak kulit manggis, Ekstrak daun sirsak.\n--\nAturan Pakai :\n3 x 1-2 Kapsul/hari sebelum makan.\n--\nAdditional Info :\nSimpan di tempat sejuk pada suhu 30oC, dan hindari sinar matahari langsung.\nPOM TR. 173. 300.341, Isi 60 kapsul @500mg.\nDiproduksi Oleh : CV. Jogja Natural Indonesia.',30000,'sargimex,antikanker,antioksidan',1,'2018-02-19 08:50:58',NULL),(596,728,29,121,1,50,'','',0,'PROPOLIS DIAMOND LITE','Khasiat dan Kegunaan :\nMembantu memperbaiki daya tahan tubuh.\n--\nKomposisi :\nPropolis 100%.\n--\nCara pakai :\nTeteskan 5-10 tetes propolis ke dalam 100ml air yang telah dimasak, diminum 2 kali sehari, pagi dan malam.\n*penggunaan untuk wanit hamil, bayi dibawah umur 2 tahun dan manula diatas 60 tahun, maksimal 2 tetes 2 kali sehari atau dikonsultasikan terlebih dahulu.\n--\nAdditional info :\nSimpan ditempat sejuk dan kering. Jauhkan dari jangkauan anak &ndash; anak. Tidak dianjurkan bagi orang yang mempunyai alergi terhadap getah tumbuhann. Menimbulkan noda bila terken pakaian.\nPOM TR. 143 676 691, HAKI : IDM000456128, Netto 6ml.\nDiproduksi oleh : PT. Maisya Makmur, Jakarta &ndash; Indonesia.',50000,'propolis,diamond,lite,propollisdiamondlite',1,'2018-02-20 01:31:22',NULL),(597,725,1,3,1,50,'','',0,'SUPER GARLIC','Diformalasikan dari herbal yang berdasar penelitian sudah terbukti secara nyata berkhasiat dalam memelihara kesehatan dan mengatasi barbagai penyakit.\n--\nKhasiat dan Kegunaan :\nMenjaga kesehatan pembuluh darah, membantu mengatasi hipertensi, kolesterol, jantung, penggumpalan darah, sering kesemutan, asam urat, diabetes membantu meredakan stress, rasa cemas, tegang di leher, flu, masuk angin, antibiotik alami.\n--\nKomposisi :\nGarlic oil, Virgin coconut oil.\n--\nAturan Pakai :\nPengobatan berat : 3 x 3 kapsul,\nPengobatan ringan : 3 x 2 kapsul,\nKesehatan  : 2 x 2 kapsul.\nDi minum 30 menit sebelum/sesudah makan.\n--\nAdditional Info :\nDinkes No. 21432710195731, Isi 100 Kapsul.\nDidistribusikan Oleh : Kautsar Salam.',40000,'super,garlic,kapsul',1,'2018-02-19 03:42:46',NULL),(598,731,1,3,1,50,'','',0,'OSLIM','Khasiat dan kegunaan :\nSecara tradisional digunakan untuk membantu mengurangi lemak tubuh.\n--\nKomposisi :\nGuazuma ulmifolia folium 225mg,\nMurraya paniculata folium 150mg,\nZingeberis pupurei rhizoma 125mg.\n--\nAturan Pakai :\n3 x 2 kapsul/hari, diminum sebelum makan.\n--\nPerhatian :\nPenggunaan produk ini harus disertai olahraga secara teratur dan diet rendah lemak dan rendah kalori.\n--\nAdditional Info :\nSimpan ditempat kering dan sejuk suhu 28-32oC, serta terhindar dari sinar matahari secara langsung.\nPOM TR. 133 369 281, Isi 50 Kapsul @500mg.\nDiproduksi Oleh : CV Griya An Nur, Bekasi &ndash; Indonesia.',27000,'oslim,osllim',1,'2018-02-20 01:55:41',NULL),(599,737,29,121,1,50,'','',0,'MILKUMA','Susu kambing bubuk dengan gula aren.\n--\nKomposisi :\nSusu kambing, Gula aren.\n--\nPetunjuk pemakaian :\nTuangkan 2 sendok makan &lsquo;Milkuma&rsquo; kedalam 1 gelas (300cc) air panas, dan diminum selagi hangat.\n--\nAdditional Info :\nSimpan dalam wadah tertutup rapat di tempat kering dan sejuk.\nBPOM RI MD 803111013185, Netto 200gram.\nDiproduksi oleh : CV. Sari Madu Utama, Boyolali &ndash; Jawa Tengah &ndash; Indonesia.',40000,'susu,milkuma,kambing',1,'2018-02-20 02:37:20',NULL),(600,734,28,117,1,50,'','',0,'NABILA BREAST CARE','Khasiat dan Kegunaan :\nMembesarkan payudara, mengangkat payudara yang turun, mengencangkan payudara, mengenyalkan payudara.\n--\nKomposisi :\nPueraria mirifica root Extract, Triehanolamine, polypropylene glycol, aloe vera leaf extract, honey (mel) extract, Goat milk extract, malus domestica fruit extract, turtle oil, fragrance (parfum).\n--\nCara Pakai :\nPijatlah payudara dengan menggunakan cream cantik payudara Nabila Breast Care. Mulai dari payudara, daerang lingkar dada dan hindari bagian puting payudara. Gunakan setiap pagi dan malam hari. Efek pemakaian akan terasa dalam 2-4 minggu pertama. Perubahan bentuk biasanya dalam 4-6 bulan perawatan. Kecepatan reaksi bisa berbeda-beda untuk tiap orang, biasanya dipengaruhi oleh gen atau hormon.\n--\nPeringatan :\nTidak boleh digunakan oleh wanita hamil dan menyusui, wanita yang di diagnosis menderita tumor payudara.\n--\nAdditional Info :\nSimpan ditempat yang sejuk dan kering, terhindar dari sinar matahari langsung.\nNA18170101263, Netto 60gr.\nDiproduksi oleh : CV. An Naufa &ndash; Yogyakarta.',50000,'nabila,breast,care,kecantikan,payudara',1,'2018-02-20 02:23:25',NULL),(601,736,28,117,1,50,'','',0,'MIRACLE FRESH COFFEE SOAP','Miracle fresh soap adalah sabun unik berwarna hitam yang mengancung coffee dengan collagen dan propolis. Formulanya diciptakan khusus untuk perawatan kulit, menghaluskan dan menjaga kesehatan kulit. Miracle fresh soap dengan aroma coffee yang lembut membantu merelaksasikan kulit serta membuat kulit segar terawat.\n--\nKomposisi :\nSucrose, aqua, cocs nuciferaoil, alcohol denat, stearic acid, proplene glycol, glycerin, sodium hydroxide, sodium laureth sulfate, olea europaea fruit oil, coffee arabica seed powder, parfum, dipropylene glycol, aloe barbadensis leaf juice, non fat dry milk, hydrolyzed collagen, propolis extract, ci 14720, ci 19140, ci 42090, glycolic acid, BHT. \n--\nAdditional Info : \nPOM. NA. 18170500696, Netto 80gr.\nDiproduksi oleh : PT. Adev Natural Indonesia, Jawa barat &ndash; indonesia.',25000,'miraclefresh,coffeesoap',1,'2018-02-20 02:28:31',NULL),(602,743,26,107,1,50,'','',0,'MADU HUTAN SARANG','Madu hutan liar adalah cairan yang dihasilkan oleh jenis lebah hutan (apis dorsata) yang diperoleh pemburu madu di hutan belantara secara langsung. Madu hutan liar merupakan madu yang bersifat alamiah, yang terbebas dari pengaruh pupuk, pestisida dan polusi.\nMadu hutan liar ini sangat aman dikonsumsi sebagai suplemen makanan dengan kandungan madu berupa multimineral dan multivitamin yang berfaedah menjaga kesehatan dan terapi paling mendasar berbagai macam jenis penyakit.\n--\nKhasiat madu :\nMampu menurunkan kadar glukosa darah penderita diabetes karena adanya unsur antioksidan yang menjadikan similasi gula tersebut tidak terlihat tinggi. Madu nutrisi kaya vitamin b1, b5 dan c, dimana para penderita diabetes sangat memerlukan vitamin vitamin ini. Sesendok kecil madu alami murni akan menambah cepat dan besar kandungan gula dalam darah. Sehingga akan menstimulasi sel-sel penkreas untuk memproduksi insulin.\nSangat bergizi melembutkan sistem alami tubuh, menghilangkan rasa obat yang tidak enak, membersihkan liver, dan memperlancar buang air kecil\nMencegah terjadinya radang usu besar (colitis) maag dan tukak lambung. Madu berperan baik melingungi kolon dari luka-luka yang bisa ditimbulkan oleh asam asetat, membantu pengobatan infesi lambung (maag) pada kadar 20%, dan madu mampu melemahkan bakteri pylori penyebab tukak lambung. Madu yang sudah dicampur dengan habbattussauda yang sudah ditumbuk, dicampur dengan air panas kemudian diminum secara rutin. Dapat menghancurkan batu ginjal dan batu kantung kemih, memperlancar air seni, haid dan ASI.\n--\nKomposisi :\nWild Honey 100%.\n--\nAdditional Info : \nP.IRT 209327510529, Isi 300gr+free 200gr.\n--\nDi Distribusikan oleh : BIN DAWOOD.\n',75000,'madu,hutan',1,'2018-02-20 04:11:29',NULL),(607,942,48,138,5,30,'','',0,'diesel','',30000,'',0,'2018-07-25 05:04:47',NULL),(608,947,53,0,5,4,'','',0,'turbin','',2300000,'',0,'2018-07-30 04:49:11',NULL),(957,957,50,156,5,57,'','',0,'Plate putih','Plat Putih tersedia dari ketebalan 0, 35mm hingga 3mm dengan ukuran plat 3 X 6 atau 4 X 8 . Plat Putih ini Biasanya digunakan dalam industri otomotif, perlengkapan rumah tangga, kantor, pabrik atau industri perkapalan',2400000,'plate',1,'2018-08-23 07:17:52',NULL),(958,958,50,157,5,83,'','',0,'plate strip','Plat Strip memiliki ukuran ketebalan mulai dari 3mm hingga 25mm dengan lebar 16mm hingga 150mm dan dengan panjang 6M per batang. Produk Plat Strip ini biasanya digunakan dalam proyek konstruksi, aksesoris rangka dinding, rangka kanopi, pintu, pagar, dll.',1500000,'plate',1,'2018-08-23 07:20:25',NULL),(959,959,62,158,5,98,'','',0,'Pipe fiitting Cross','Pipe fiitting Cross berguna unutk sambungan 4 pipa',250000,'pipe',1,'2018-08-23 07:29:35',NULL);
/*!40000 ALTER TABLE `mk_bestseller` ENABLE KEYS */;
UNLOCK TABLES;

--
-- Table structure for table `mk_categories`
--

DROP TABLE IF EXISTS `mk_categories`;
/*!40101 SET @saved_cs_client     = @@character_set_client */;
/*!40101 SET character_set_client = utf8 */;
CREATE TABLE `mk_categories` (
  `id` int(11) NOT NULL AUTO_INCREMENT,
  `shop_id` int(11) NOT NULL,
  `name` varchar(255) NOT NULL,
  `is_published` int(11) NOT NULL DEFAULT '0',
  `ordering` int(5) NOT NULL,
  `added` timestamp NOT NULL DEFAULT CURRENT_TIMESTAMP,
  `updated` timestamp NULL DEFAULT NULL,
  PRIMARY KEY (`id`) USING BTREE
) ENGINE=InnoDB AUTO_INCREMENT=3 DEFAULT CHARSET=utf8 ROW_FORMAT=DYNAMIC;
/*!40101 SET character_set_client = @saved_cs_client */;

--
-- Dumping data for table `mk_categories`
--

LOCK TABLES `mk_categories` WRITE;
/*!40000 ALTER TABLE `mk_categories` DISABLE KEYS */;
INSERT INTO `mk_categories` VALUES (1,1,'gambar',1,2,'2014-12-10 15:57:19',NULL),(2,1,'video',1,4,'2014-12-10 15:59:13',NULL);
/*!40000 ALTER TABLE `mk_categories` ENABLE KEYS */;
UNLOCK TABLES;

--
-- Table structure for table `mk_codes`
--

DROP TABLE IF EXISTS `mk_codes`;
/*!40101 SET @saved_cs_client     = @@character_set_client */;
/*!40101 SET character_set_client = utf8 */;
CREATE TABLE `mk_codes` (
  `id` int(11) NOT NULL AUTO_INCREMENT,
  `user_id` int(11) NOT NULL,
  `code` text NOT NULL,
  `is_systemuser` tinyint(1) NOT NULL DEFAULT '0',
  PRIMARY KEY (`id`) USING BTREE
) ENGINE=InnoDB AUTO_INCREMENT=26 DEFAULT CHARSET=utf8 ROW_FORMAT=DYNAMIC;
/*!40101 SET character_set_client = @saved_cs_client */;

--
-- Dumping data for table `mk_codes`
--

LOCK TABLES `mk_codes` WRITE;
/*!40000 ALTER TABLE `mk_codes` DISABLE KEYS */;
INSERT INTO `mk_codes` VALUES (1,8,'dfab34737a48d578ccab4f2216824a3e',0),(2,53,'af9b905ee696066ae9569203dfabfeb6',0),(3,29,'858b414fc4b4f15ecaaa49df4c8545f4',0),(4,90,'3eebb86f7cee854b7f5c949486a722d4',0),(5,92,'02485ac489f210c205421c838c338b3a',0),(6,88,'1f23c89c197db222aeceb8772f3492bd',0),(7,245,'c788596c97c5253a4b3afd8f383588ac',0),(8,250,'457f7040a4806091e33ec1d64e302719',0),(9,341,'79503e14cc101af6b8c72e0b885d38b5',0),(10,365,'cd1a736b9b14591c0029561b5605c107',0),(11,364,'8f4075447f1ce875ea8fc3fe977027f4',0),(24,2,'c96ef67e02487f40581e7c50d7c29bcb',0),(25,3,'594551c73ddd474ba71e9c3ff81fffb4',0);
/*!40000 ALTER TABLE `mk_codes` ENABLE KEYS */;
UNLOCK TABLES;

--
-- Table structure for table `mk_contactus`
--

DROP TABLE IF EXISTS `mk_contactus`;
/*!40101 SET @saved_cs_client     = @@character_set_client */;
/*!40101 SET character_set_client = utf8 */;
CREATE TABLE `mk_contactus` (
  `id` int(11) NOT NULL AUTO_INCREMENT,
  `shop_id` int(11) NOT NULL,
  `name` varchar(255) NOT NULL,
  `email` varchar(255) NOT NULL,
  `message` text NOT NULL,
  `status` tinyint(4) NOT NULL,
  `added` timestamp NOT NULL DEFAULT CURRENT_TIMESTAMP,
  `updated` timestamp NOT NULL DEFAULT '0000-00-00 00:00:00',
  PRIMARY KEY (`id`) USING BTREE
) ENGINE=InnoDB AUTO_INCREMENT=8 DEFAULT CHARSET=utf8 ROW_FORMAT=DYNAMIC;
/*!40101 SET character_set_client = @saved_cs_client */;

--
-- Dumping data for table `mk_contactus`
--

LOCK TABLES `mk_contactus` WRITE;
/*!40000 ALTER TABLE `mk_contactus` DISABLE KEYS */;
INSERT INTO `mk_contactus` VALUES (1,1,'han','han@gmail.com','contact ',1,'2014-12-17 19:26:19','0000-00-00 00:00:00'),(2,2,'Jack','jack@gmail.com','Shop Inquiry Message Here',1,'2014-12-24 15:34:55','0000-00-00 00:00:00'),(3,1,'Mike','mike@gmail.com','volutpat nibh, nec pellentesque velit pede quis nunc. Shop Inquiry Message ',1,'2014-12-24 21:44:29','0000-00-00 00:00:00'),(4,4,'han','han@hotmail.com','Aenean posuere, tortor sed cursus feugiat, nunc augue blandit nunc, eu sollicitudin urna dolor\rsagittis lacus. ',1,'2015-01-02 19:43:58','0000-00-00 00:00:00'),(5,3,'Han','han@hotmail.com','Lorem ipsum dolor sit amet, consectetuer adipiscing elit. Aenean commodo ligula eget dolor.',1,'2015-01-02 20:01:21','0000-00-00 00:00:00'),(6,3,'Mike','mike@hotmail.com','Lorem ipsum dolor sit amet, consectetuer adipiscing elit. Aenean commodo ligula eget dolor.',1,'2015-01-02 20:23:55','0000-00-00 00:00:00'),(7,2,'ricky','yrickyc@gmail.com','udah malam',1,'2020-01-21 03:37:29','0000-00-00 00:00:00');
/*!40000 ALTER TABLE `mk_contactus` ENABLE KEYS */;
UNLOCK TABLES;

--
-- Table structure for table `mk_discount_type`
--

DROP TABLE IF EXISTS `mk_discount_type`;
/*!40101 SET @saved_cs_client     = @@character_set_client */;
/*!40101 SET character_set_client = utf8 */;
CREATE TABLE `mk_discount_type` (
  `id` int(11) NOT NULL AUTO_INCREMENT,
  `shop_id` int(11) NOT NULL,
  `name` text NOT NULL,
  `percent` float NOT NULL,
  PRIMARY KEY (`id`) USING BTREE
) ENGINE=InnoDB AUTO_INCREMENT=7 DEFAULT CHARSET=utf8 ROW_FORMAT=DYNAMIC;
/*!40101 SET character_set_client = @saved_cs_client */;

--
-- Dumping data for table `mk_discount_type`
--

LOCK TABLES `mk_discount_type` WRITE;
/*!40000 ALTER TABLE `mk_discount_type` DISABLE KEYS */;
INSERT INTO `mk_discount_type` VALUES (1,1,'Holiday Discount 10%',0.1),(2,1,'X\' Mas Discount 15%',0.15),(3,1,'New Year Discount 20%',0.2),(4,5,'akhir tahun ',10),(5,2,'promo suka suka',20),(6,2,'promo 1',10);
/*!40000 ALTER TABLE `mk_discount_type` ENABLE KEYS */;
UNLOCK TABLES;

--
-- Table structure for table `mk_faq`
--

DROP TABLE IF EXISTS `mk_faq`;
/*!40101 SET @saved_cs_client     = @@character_set_client */;
/*!40101 SET character_set_client = utf8 */;
CREATE TABLE `mk_faq` (
  `id` int(11) NOT NULL AUTO_INCREMENT,
  `shop_id` int(11) DEFAULT NULL,
  `name` varchar(255) NOT NULL,
  `title` varchar(255) NOT NULL,
  `description` text NOT NULL,
  `status` tinyint(4) NOT NULL,
  `added` timestamp NULL DEFAULT CURRENT_TIMESTAMP,
  `updated` timestamp NULL DEFAULT NULL,
  PRIMARY KEY (`id`) USING BTREE
) ENGINE=InnoDB DEFAULT CHARSET=utf8 ROW_FORMAT=DYNAMIC;
/*!40101 SET character_set_client = @saved_cs_client */;

--
-- Dumping data for table `mk_faq`
--

LOCK TABLES `mk_faq` WRITE;
/*!40000 ALTER TABLE `mk_faq` DISABLE KEYS */;
/*!40000 ALTER TABLE `mk_faq` ENABLE KEYS */;
UNLOCK TABLES;

--
-- Table structure for table `mk_faqs`
--

DROP TABLE IF EXISTS `mk_faqs`;
/*!40101 SET @saved_cs_client     = @@character_set_client */;
/*!40101 SET character_set_client = utf8 */;
CREATE TABLE `mk_faqs` (
  `id` int(11) NOT NULL AUTO_INCREMENT,
  `question` varchar(255) NOT NULL,
  `answer` tinytext NOT NULL,
  `added` timestamp NULL DEFAULT CURRENT_TIMESTAMP,
  PRIMARY KEY (`id`) USING BTREE
) ENGINE=InnoDB AUTO_INCREMENT=7 DEFAULT CHARSET=utf8 ROW_FORMAT=DYNAMIC;
/*!40101 SET character_set_client = @saved_cs_client */;

--
-- Dumping data for table `mk_faqs`
--

LOCK TABLES `mk_faqs` WRITE;
/*!40000 ALTER TABLE `mk_faqs` DISABLE KEYS */;
INSERT INTO `mk_faqs` VALUES (1,'Bagaimana cara menggunakan akun yang sama di beberapa perangkat?','Gunakan ALREADY REGISTERED? pilihan di Apper untuk mengambil pengaturan akun dan data Anda di perangkat lain.','2020-02-25 03:45:40'),(2,'Saya ingin mengubah alamat email saya dengan Btn DigiPro.','Anda dapat mengubah email Anda dengan mengajukan permintaan ke layanan dukungan kami','2020-02-25 03:46:47');
/*!40000 ALTER TABLE `mk_faqs` ENABLE KEYS */;
UNLOCK TABLES;

--
-- Table structure for table `mk_favourites`
--

DROP TABLE IF EXISTS `mk_favourites`;
/*!40101 SET @saved_cs_client     = @@character_set_client */;
/*!40101 SET character_set_client = utf8 */;
CREATE TABLE `mk_favourites` (
  `id` int(11) NOT NULL AUTO_INCREMENT,
  `item_id` int(11) NOT NULL,
  `appuser_id` int(11) NOT NULL,
  `shop_id` int(11) NOT NULL,
  `added` timestamp NOT NULL DEFAULT CURRENT_TIMESTAMP,
  PRIMARY KEY (`id`) USING BTREE
) ENGINE=InnoDB AUTO_INCREMENT=267 DEFAULT CHARSET=utf8 ROW_FORMAT=DYNAMIC;
/*!40101 SET character_set_client = @saved_cs_client */;

--
-- Dumping data for table `mk_favourites`
--

LOCK TABLES `mk_favourites` WRITE;
/*!40000 ALTER TABLE `mk_favourites` DISABLE KEYS */;
INSERT INTO `mk_favourites` VALUES (69,531,8,1,'2017-11-28 09:03:58'),(70,495,17,1,'2017-12-27 07:29:51'),(135,476,8,1,'2017-12-28 19:36:36'),(136,492,8,1,'2017-12-29 00:08:03'),(137,490,8,1,'2017-12-29 00:11:36'),(138,493,8,1,'2017-12-29 00:13:49'),(145,516,16,1,'2018-01-03 10:38:23'),(152,516,8,1,'2018-01-03 17:41:42'),(153,516,0,1,'2018-01-03 19:12:48'),(160,477,0,1,'2018-01-04 09:20:18'),(161,475,23,1,'2018-01-05 03:59:14'),(162,475,0,1,'2018-01-08 22:47:52'),(163,497,0,1,'2018-01-08 22:48:04'),(165,495,21,1,'2018-01-10 04:03:44'),(166,475,10,1,'2018-01-10 04:04:19'),(168,495,26,1,'2018-01-15 08:39:38'),(176,562,27,1,'2018-01-30 09:05:06'),(182,495,29,1,'2018-02-05 11:09:52'),(185,720,0,1,'2018-02-15 14:10:59'),(187,735,0,1,'2018-02-20 02:56:49'),(225,561,0,1,'2018-03-05 02:51:55'),(233,715,0,1,'2018-03-05 03:08:02'),(236,710,0,1,'2018-03-05 03:12:46'),(246,581,0,1,'2018-03-07 07:09:45'),(249,604,144,1,'2018-03-12 04:54:13'),(250,715,144,1,'2018-03-12 04:58:49'),(255,737,0,1,'2018-03-14 07:48:04'),(264,531,0,1,'2018-04-03 03:22:27'),(265,736,0,1,'2018-04-03 05:28:58'),(266,734,0,1,'2018-04-03 05:30:09');
/*!40000 ALTER TABLE `mk_favourites` ENABLE KEYS */;
UNLOCK TABLES;

--
-- Table structure for table `mk_feeds`
--

DROP TABLE IF EXISTS `mk_feeds`;
/*!40101 SET @saved_cs_client     = @@character_set_client */;
/*!40101 SET character_set_client = utf8 */;
CREATE TABLE `mk_feeds` (
  `id` int(11) NOT NULL AUTO_INCREMENT,
  `shop_id` int(11) NOT NULL,
  `title` varchar(255) NOT NULL,
  `description` text NOT NULL,
  `is_published` tinyint(1) NOT NULL DEFAULT '0',
  `added` timestamp NOT NULL DEFAULT CURRENT_TIMESTAMP,
  PRIMARY KEY (`id`) USING BTREE
) ENGINE=InnoDB AUTO_INCREMENT=31 DEFAULT CHARSET=utf8 ROW_FORMAT=DYNAMIC;
/*!40101 SET character_set_client = @saved_cs_client */;

--
-- Dumping data for table `mk_feeds`
--

LOCK TABLES `mk_feeds` WRITE;
/*!40000 ALTER TABLE `mk_feeds` DISABLE KEYS */;
INSERT INTO `mk_feeds` VALUES (1,1,'Akhir Tahun Promotion','Lorem ipsum dolor sit amet, consectetuer adipiscing elit. Aenean commodo ligula eget dolor. Aenean massa. Cum sociis natoque penatibus et magnis dis parturient montes, nascetur ridiculus mus. Donec quam felis, ultricies nec, pellentesque eu, pretium quis, sem. Nulla consequat massa quis enim.',1,'2014-12-17 20:36:43'),(2,1,'Produk Herbal anak Promotion','Lorem ipsum dolor sit amet, consectetuer adipiscing elit. Aenean commodo ligula eget dolor. Aenean massa. Cum sociis natoque penatibus et magnis dis parturient montes, nascetur ridiculus mus. Donec quam felis, ultricies nec, pellentesque eu, pretium quis, sem. Nulla consequat massa quis enim. ',1,'2014-12-17 20:39:10'),(3,1,'Sari Ayam Promotion','Lorem ipsum dolor sit amet, consectetuer adipiscing elit. Aenean commodo ligula eget dolor. Aenean massa. Cum sociis natoque penatibus et magnis dis parturient montes, nascetur ridiculus mus. Donec quam felis, ultricies nec, pellentesque eu, pretium quis, sem. Nulla consequat massa quis enim. ',1,'2014-12-17 20:40:14'),(4,1,'Madu anak','Lorem ipsum dolor sit amet, consectetuer adipiscing elit. Aenean commodo ligula eget dolor. Aenean massa. Cum sociis natoque penatibus et magnis dis parturient montes, nascetur ridiculus mus. Donec quam felis, ultricies nec, pellentesque eu, pretium quis, sem. Nulla consequat massa quis enim. ',1,'2014-12-17 20:41:21'),(5,1,'Herbal kita','Lorem ipsum dolor sit amet, consectetuer adipiscing elit. Aenean commodo ligula eget dolor. Aenean massa. Cum sociis natoque penatibus et magnis dis parturient montes, nascetur ridiculus mus. Donec quam felis, ultricies nec, pellentesque eu, pretium quis, sem. Nulla consequat massa quis enim. ',1,'2014-12-17 20:42:12'),(22,2,'Akhir Tahun Promotion','Lorem ipsum dolor sit amet, consectetuer adipiscing elit. Aenean commodo ligula eget dolor. Aenean massa. Cum sociis natoque penatibus et magnis dis parturient montes, nascetur ridiculus mus. Donec quam felis, ultricies nec, pellentesque eu, pretium quis, sem. Nulla consequat massa quis enim.',1,'2014-12-17 20:36:43'),(25,5,'product baru ke dua',' test test product baru ke dua',1,'2018-09-03 07:24:56'),(26,5,'test product terbaru','dec product terbaru nih',1,'2018-09-04 03:33:52'),(27,5,'product terbaru ini ya','des product terbaru ',1,'2018-09-04 03:36:48'),(28,5,'discont','desc  product discount',1,'2018-09-04 03:38:19'),(29,5,'test test info','test test info',1,'2018-09-04 03:39:07'),(30,5,'test test ','Lorem ipsum, dolor sit amet consectetur adipisicing elit. Provident ipsum quos rerum, ducimus distinctio inventore officia, accusantium deleniti soluta libero, incidunt laudantium adipisci quasi qui iure. Fugiat molestias porro distinctio!',1,'2018-09-04 03:45:01');
/*!40000 ALTER TABLE `mk_feeds` ENABLE KEYS */;
UNLOCK TABLES;

--
-- Table structure for table `mk_follows`
--

DROP TABLE IF EXISTS `mk_follows`;
/*!40101 SET @saved_cs_client     = @@character_set_client */;
/*!40101 SET character_set_client = utf8 */;
CREATE TABLE `mk_follows` (
  `id` int(11) NOT NULL AUTO_INCREMENT,
  `appuser_id` int(11) NOT NULL,
  `shop_id` int(11) NOT NULL,
  `added` timestamp NOT NULL DEFAULT CURRENT_TIMESTAMP,
  PRIMARY KEY (`id`) USING BTREE
) ENGINE=InnoDB AUTO_INCREMENT=2 DEFAULT CHARSET=utf8 ROW_FORMAT=DYNAMIC;
/*!40101 SET character_set_client = @saved_cs_client */;

--
-- Dumping data for table `mk_follows`
--

LOCK TABLES `mk_follows` WRITE;
/*!40000 ALTER TABLE `mk_follows` DISABLE KEYS */;
INSERT INTO `mk_follows` VALUES (1,1,1,'2014-12-24 15:44:22');
/*!40000 ALTER TABLE `mk_follows` ENABLE KEYS */;
UNLOCK TABLES;

--
-- Table structure for table `mk_gcm_tokens`
--

DROP TABLE IF EXISTS `mk_gcm_tokens`;
/*!40101 SET @saved_cs_client     = @@character_set_client */;
/*!40101 SET character_set_client = utf8 */;
CREATE TABLE `mk_gcm_tokens` (
  `id` int(11) NOT NULL AUTO_INCREMENT,
  `device_id` text,
  `os_type` varchar(20) NOT NULL,
  `reg_id` text NOT NULL,
  `added` timestamp NOT NULL DEFAULT CURRENT_TIMESTAMP,
  `appuser_id` int(11) NOT NULL,
  PRIMARY KEY (`id`) USING BTREE
) ENGINE=InnoDB AUTO_INCREMENT=81 DEFAULT CHARSET=latin1 ROW_FORMAT=DYNAMIC;
/*!40101 SET character_set_client = @saved_cs_client */;

--
-- Dumping data for table `mk_gcm_tokens`
--

LOCK TABLES `mk_gcm_tokens` WRITE;
/*!40000 ALTER TABLE `mk_gcm_tokens` DISABLE KEYS */;
INSERT INTO `mk_gcm_tokens` VALUES (72,'','ANDROID','feNFSOTvWbA:APA91bEwT009D1vxfWISbbW4q3vT3YIm6ZTX_cRsKW9jGI-OdZjWkv-ZOFvlLHHbqmsO4GxHjYz4F5pelULC3jGpKPJjQhUSs8MCuF37WSX0cpBZzTvunui9Paa6W7J5mmWnPe97kKcU','2020-03-09 06:51:48',1),(73,'','ANDROID','drfLXEneXm0:APA91bHomMSh7pUfpvimJ_0AgDF21hMKtRlbcTk0UvWBU9IfflvNno-Nl2UuV7Opl7XInkuZl3emd-yRWVpfuD0ylNR9LA_C4V84pcuw4cwx1QVZvF7U-yBfUQAcQghXWXBBNWXTANUt','2020-03-12 08:15:09',268),(74,'','ANDROID','cix5tFn37N4:APA91bF5cUDFKJol67fYaO1TBxWsPHC4pCGltYo6QAC0GPdrV5jGs9kOtsYSUdGvUUhqpndSI-orkAJhfdrLj87n1SEYgwVBOc3EQUQz3TUgMsLtG6W5IG1IF-z-gddii-fgrcmpfIO3','2020-03-13 06:23:10',2),(75,'','ANDROID','d6gWdlj-wtA:APA91bECCodDPM_sX-yPGOeXoqAEgT9_urU42KMxqvvDJ2i_4LoyK33f8EKcYvs4jvKyQ7lbJHKVA4Bg0GUu0dn-Gq1LCjdZE5xHTocF4pZKBU6dHYHu8U_AkA9bznP8zeWGnqiku93L','2020-03-13 06:46:29',320),(76,'','ANDROID','cix5tFn37N4:APA91bF5cUDFKJol67fYaO1TBxWsPHC4pCGltYo6QAC0GPdrV5jGs9kOtsYSUdGvUUhqpndSI-orkAJhfdrLj87n1SEYgwVBOc3EQUQz3TUgMsLtG6W5IG1IF-z-gddii-fgrcmpfIO3','2020-03-13 06:48:35',3),(77,'','ANDROID','fe9naii-YF4:APA91bHV8XGo7o2BhFgPxLHbZcJOUukUBT5f6MqqX8znVoi2T5NH-zS087dt3AFsikGRehUqUUpdc3a6qg3WlnhY142-TEAcoIn_Y2Q0ytMYuBO25OSU8NTGv7-c8lEJkyqFxn5iPDKT','2020-03-17 10:28:03',0),(78,'','ANDROID','null','2020-03-18 07:19:30',376),(79,'','ANDROID','evpubndNrZo:APA91bEd6iJqWiIu_B3UP9uwW98Ge66-OU46Y7qQ3NqRdbL23TdU0-KT98kB7Fxo6YmXi0KDMAB-YlxOVWtc4tzB2oRXg_C-5b0SISMkOl_OgfCZtSbJvXNzO6YvLrO4VhE-89fOu9Ve','2020-03-18 09:38:33',7),(80,'','ANDROID','cOy7_TbOErg:APA91bGQfAqJDjQ2uOsTaTD1id5t7pxiKjgv2FwGji7ilZhd3HItq-xCumICKYkLUuqcF843UUu09D-hCci5ceRRkghyJOEEVYml3n4DARbOmw98qQKsN7hM2LIT79SzdtFb2Xod-etQ','2020-04-06 06:59:13',11);
/*!40000 ALTER TABLE `mk_gcm_tokens` ENABLE KEYS */;
UNLOCK TABLES;

--
-- Table structure for table `mk_images`
--

DROP TABLE IF EXISTS `mk_images`;
/*!40101 SET @saved_cs_client     = @@character_set_client */;
/*!40101 SET character_set_client = utf8 */;
CREATE TABLE `mk_images` (
  `id` int(11) NOT NULL AUTO_INCREMENT,
  `parent_id` int(11) NOT NULL,
  `type` varchar(50) NOT NULL,
  `path` text NOT NULL,
  `width` text NOT NULL,
  `height` text NOT NULL,
  `description` text CHARACTER SET latin1 NOT NULL,
  PRIMARY KEY (`id`) USING BTREE
) ENGINE=InnoDB AUTO_INCREMENT=2430 DEFAULT CHARSET=utf8 ROW_FORMAT=DYNAMIC;
/*!40101 SET character_set_client = @saved_cs_client */;

--
-- Dumping data for table `mk_images`
--

LOCK TABLES `mk_images` WRITE;
/*!40000 ALTER TABLE `mk_images` DISABLE KEYS */;
INSERT INTO `mk_images` VALUES (5,4,'category','14.jpeg','259','194',''),(6,5,'category','15.jpeg','237','212',''),(7,6,'category','6.jpg','400','400',''),(8,7,'category','11.jpeg','300','168',''),(10,2,'sub_category','121.jpeg','260','194',''),(21,13,'sub_category','5.jpeg','238','212',''),(22,14,'sub_category','10.jpeg','259','194',''),(23,15,'sub_category','32.jpeg','220','229',''),(24,16,'sub_category','71.jpeg','259','194',''),(25,17,'sub_category','43.jpeg','240','180',''),(26,18,'sub_category','51.jpeg','240','210',''),(27,19,'sub_category','9.jpg','948','800',''),(28,20,'sub_category','33.jpeg','281','179',''),(29,21,'sub_category','8.jpeg','232','217',''),(30,22,'sub_category','44.jpeg','214','236',''),(31,23,'sub_category','34.jpeg','234','215',''),(32,24,'sub_category','101.jpeg','227','222',''),(33,25,'sub_category','72.jpeg','293','172',''),(34,26,'sub_category','20.jpeg','223','226',''),(36,2,'item','2(1).jpeg','259','194','Lorem ipsum dolor sit amet, consectetuer adipiscing elit.'),(37,2,'item','3(1).jpeg','259','194','Lorem ipsum dolor sit amet, consectetuer adipiscing elit.'),(38,2,'item','5(1).jpeg','225','225','Lorem ipsum dolor sit amet, consectetuer adipiscing elit.'),(39,2,'item','4(1).jpeg','225','225','Lorem ipsum dolor sit amet, consectetuer adipiscing elit.'),(45,3,'item','3(2).jpeg','259','194','Donec quam felis, ultricies nec, pellentesque eu, pretium quis, sem. '),(46,3,'item','5(2).jpeg','225','225','Donec quam felis, ultricies nec, pellentesque eu, pretium quis, sem. '),(47,4,'item','2(2).jpeg','259','194','Phasellus ullamcorper ipsum rutrum nunc. Nunc nonummy metus.'),(48,4,'item','4(2).jpeg','225','225','Phasellus ullamcorper ipsum rutrum nunc. Nunc nonummy metus.'),(49,4,'item','6.jpeg','225','225','Phasellus ullamcorper ipsum rutrum nunc. Nunc nonummy metus.'),(50,4,'item','8(1).jpeg','225','225','Phasellus ullamcorper ipsum rutrum nunc. Nunc nonummy metus.'),(51,5,'item','4(3).jpeg','225','225','Phasellus dolor. Maecenas vestibulum mollis diam. Pellentesque ut neque.'),(52,5,'item','5(3).jpeg','225','225','Phasellus dolor. Maecenas vestibulum mollis diam. Pellentesque ut neque.'),(53,5,'item','6(1).jpeg','225','225','Phasellus dolor. Maecenas vestibulum mollis diam. Pellentesque ut neque.'),(54,6,'item','7(1).jpeg','197','255','Vestibulum fringilla pede sit amet augue. In turpis. Pellentesque posuere.'),(55,6,'item','8(2).jpeg','225','225','Vestibulum fringilla pede sit amet augue. In turpis. Pellentesque posuere.'),(56,6,'item','10(2).jpeg','225','225','Vestibulum fringilla pede sit amet augue. In turpis. Pellentesque posuere.'),(57,6,'item','13(2).jpeg','292','173','Vestibulum fringilla pede sit amet augue. In turpis. Pellentesque posuere.'),(58,7,'item','9.jpeg','225','225','Nam pretium turpis et arcu. '),(59,7,'item','10(3).jpeg','225','225','Nam pretium turpis et arcu. '),(60,7,'item','8(3).jpeg','225','225','Nam pretium turpis et arcu. '),(61,8,'item','1(3).jpeg','307','164','Pellentesque posuere. Praesent turpis.'),(62,8,'item','2.jpg','390','260','Pellentesque posuere. Praesent turpis.'),(63,8,'item','3(3).jpeg','326','155','Pellentesque posuere. Praesent turpis.'),(64,8,'item','4(4).jpeg','225','225','Pellentesque posuere. Praesent turpis.'),(65,9,'item','19.jpeg','225','225','Phasellus nec sem in justo pellentesque facilisis.'),(66,9,'item','18.jpeg','290','174','Phasellus nec sem in justo pellentesque facilisis.'),(67,9,'item','16(1).jpeg','258','195','Phasellus nec sem in justo pellentesque facilisis.'),(68,9,'item','13(3).jpeg','225','225','Phasellus nec sem in justo pellentesque facilisis.'),(69,10,'item','13(4).jpeg','225','225','Praesent adipiscing. Phasellus ullamcorper ipsum rutrum nunc.'),(70,10,'item','8.jpg','483','281','Praesent adipiscing. Phasellus ullamcorper ipsum rutrum nunc.'),(71,10,'item','14(1).jpeg','338','149','Praesent adipiscing. Phasellus ullamcorper ipsum rutrum nunc.'),(72,11,'item','6(2).jpeg','225','225','Phasellus ullamcorper ipsum rutrum nunc.'),(73,11,'item','7(2).jpeg','255','198','Phasellus ullamcorper ipsum rutrum nunc.'),(74,11,'item','8(1).jpg','483','281','Phasellus ullamcorper ipsum rutrum nunc.'),(75,11,'item','9(1).jpeg','330','153','Phasellus ullamcorper ipsum rutrum nunc.'),(76,12,'item','9(2).jpeg','330','153','Phasellus ullamcorper ipsum rutrum nunc.'),(77,12,'item','14(2).jpeg','338','149','Phasellus ullamcorper ipsum rutrum nunc.'),(78,12,'item','19(1).jpeg','225','225','Phasellus ullamcorper ipsum rutrum nunc.'),(79,13,'item','19(2).jpeg','225','225','Sed cursus turpis vitae tortor. '),(80,13,'item','18(1).jpeg','290','174','Sed cursus turpis vitae tortor. '),(81,13,'item','3(4).jpeg','326','155','Sed cursus turpis vitae tortor. '),(82,14,'item','8(2).jpg','483','281','Phasellus leo dolor, tempus non, auctor et, hendrerit quis, nisi.'),(83,14,'item','12(2).jpeg','260','194','Phasellus leo dolor, tempus non, auctor et, hendrerit quis, nisi.'),(84,14,'item','18(2).jpeg','290','174','Phasellus leo dolor, tempus non, auctor et, hendrerit quis, nisi.'),(85,14,'item','7(3).jpeg','255','198','Phasellus leo dolor, tempus non, auctor et, hendrerit quis, nisi.'),(86,15,'item','1(4).jpeg','225','225','Phasellus leo dolor, tempus non, auctor et, hendrerit quis, nisi.'),(87,15,'item','2(3).jpeg','244','206','Phasellus leo dolor, tempus non, auctor et, hendrerit quis, nisi.'),(88,15,'item','3(5).jpeg','217','233','Phasellus leo dolor, tempus non, auctor et, hendrerit quis, nisi.'),(89,15,'item','4(5).jpeg','225','225','Phasellus leo dolor, tempus non, auctor et, hendrerit quis, nisi.'),(90,16,'item','5(4).jpeg','161','314',' In ac dui quis mi consectetuer lacinia.'),(91,16,'item','6(3).jpeg','239','204',' In ac dui quis mi consectetuer lacinia.'),(92,16,'item','8(4).jpeg','240','210',' In ac dui quis mi consectetuer lacinia.'),(93,16,'item','9(3).jpeg','169','298',' In ac dui quis mi consectetuer lacinia.'),(94,17,'item','5(5).jpeg','161','314','n ac dui quis mi consectetuer lacinia.'),(95,17,'item','8(5).jpeg','240','210','n ac dui quis mi consectetuer lacinia.'),(96,17,'item','13(5).jpeg','225','225','n ac dui quis mi consectetuer lacinia.'),(97,18,'item','3(6).jpeg','217','233','Vestibulum purus quam, scelerisque ut, mollis sed, nonummy id, metus.'),(98,18,'item','8(6).jpeg','240','210','Vestibulum purus quam, scelerisque ut, mollis sed, nonummy id, metus.'),(99,18,'item','13(6).jpeg','225','225','Vestibulum purus quam, scelerisque ut, mollis sed, nonummy id, metus.'),(100,19,'item','6(4).jpeg','239','204','In ac dui quis mi consectetuer lacinia.'),(101,19,'item','9(4).jpeg','169','298','In ac dui quis mi consectetuer lacinia.'),(102,19,'item','3(7).jpeg','217','233','In ac dui quis mi consectetuer lacinia.'),(103,20,'item','10(4).jpeg','225','225','Phasellus leo dolor, tempus non, auctor et, hendrerit quis, nisi.'),(104,20,'item','11(2).jpeg','239','204','Phasellus leo dolor, tempus non, auctor et, hendrerit quis, nisi.'),(105,20,'item','13(7).jpeg','225','225','Phasellus leo dolor, tempus non, auctor et, hendrerit quis, nisi.'),(106,21,'item','1(1).jpg','300','300',' Cras id dui. Aenean ut eros et nisl sagittis vestibulum.'),(107,21,'item','2(4).jpeg','259','194',' Cras id dui. Aenean ut eros et nisl sagittis vestibulum.'),(108,21,'item','3(8).jpeg','225','225',' Cras id dui. Aenean ut eros et nisl sagittis vestibulum.'),(109,21,'item','4(6).jpeg','193','262',' Cras id dui. Aenean ut eros et nisl sagittis vestibulum.'),(110,22,'item','6(5).jpeg','259','194','Aenean ut eros et nisl sagittis vestibulum.'),(111,22,'item','8(3).jpg','600','600','Aenean ut eros et nisl sagittis vestibulum.'),(112,22,'item','10(5).jpeg','259','194','Aenean ut eros et nisl sagittis vestibulum.'),(113,23,'item','12(3).jpeg','273','185','Aenean ut eros et nisl sagittis vestibulum.'),(114,23,'item','19(3).jpeg','140','240','Aenean ut eros et nisl sagittis vestibulum.'),(115,23,'item','16 (2).jpeg','259','194','Aenean ut eros et nisl sagittis vestibulum.'),(116,23,'item','17.jpg','350','350','Aenean ut eros et nisl sagittis vestibulum.'),(117,24,'item','10(6).jpeg','259','194','Aenean ut eros et nisl sagittis vestibulum.'),(118,24,'item','8(4).jpg','600','600','Aenean ut eros et nisl sagittis vestibulum.'),(119,24,'item','5.jpg','320','320','Aenean ut eros et nisl sagittis vestibulum.'),(120,25,'item','5(1).jpg','320','320','Cras id dui. Aenean ut eros et nisl sagittis vestibulum.'),(121,25,'item','16(3).jpeg','259','194','Cras id dui. Aenean ut eros et nisl sagittis vestibulum.'),(122,25,'item','10(7).jpeg','259','194','Cras id dui. Aenean ut eros et nisl sagittis vestibulum.'),(123,26,'item','8(5).jpg','600','600','Aenean ut eros et nisl sagittis vestibulum.'),(124,26,'item','13(8).jpeg','273','185','Aenean ut eros et nisl sagittis vestibulum.'),(125,26,'item','16(4).jpeg','259','194','Aenean ut eros et nisl sagittis vestibulum.'),(126,27,'item','17(1).jpg','350','350','Phasellus leo dolor, tempus non, auctor et, hendrerit quis, nisi.'),(127,27,'item','14(3).jpeg','264','191','Phasellus leo dolor, tempus non, auctor et, hendrerit quis, nisi.'),(128,27,'item','16(5).jpeg','259','194','Phasellus leo dolor, tempus non, auctor et, hendrerit quis, nisi.'),(283,75,'item','1(13).jpeg','225','225','Pellentesque posuere. Praesent turpis.'),(284,75,'item','2(10).jpeg','225','225','Pellentesque posuere. Praesent turpis.'),(285,75,'item','3(16).jpeg','257','196','Pellentesque posuere. Praesent turpis.'),(286,76,'item','3(17).jpeg','257','196','Pellentesque posuere. Praesent turpis.'),(287,76,'item','4(17).jpeg','256','192','Pellentesque posuere. Praesent turpis.'),(288,76,'item','6(20).jpeg','225','225','Pellentesque posuere. Praesent turpis.'),(289,77,'item','5(14).jpeg','238','212','In turpis. Pellentesque posuere. Praesent turpis.'),(290,77,'item','8(16).jpeg','269','187','In turpis. Pellentesque posuere. Praesent turpis.'),(291,77,'item','10(20).jpeg','225','225','In turpis. Pellentesque posuere. Praesent turpis.'),(292,78,'item','1(14).jpeg','252','200','Vestibulum ante ipsum primis in faucibus '),(293,78,'item','2(11).jpeg','225','225','Vestibulum ante ipsum primis in faucibus '),(294,78,'item','3(18).jpeg','259','194','Vestibulum ante ipsum primis in faucibus '),(295,79,'item','4(18).jpeg','225','225','posuere cubilia Curae; Fusce id purus. '),(296,79,'item','6(21).jpeg','225','225','posuere cubilia Curae; Fusce id purus. '),(297,79,'item','7(17).jpeg','259','194','posuere cubilia Curae; Fusce id purus. '),(298,80,'item','15(4).jpeg','259','194','Curabitur ullamcorper ultricies nisi. Nam eget dui.'),(299,80,'item','9(18).jpeg','259','194','Curabitur ullamcorper ultricies nisi. Nam eget dui.'),(300,80,'item','6(22).jpeg','225','225','test'),(301,80,'item','4(19).jpeg','225','225','Curabitur ullamcorper ultricies nisi. Nam eget dui.'),(302,81,'item','1(15).jpeg','231','176','Duis leo. Sed fringilla mauris sit amet nibh. Donec sodales sagittis magna. '),(303,81,'item','2(12).jpeg','225','225','Duis leo. Sed fringilla mauris sit amet nibh. Donec sodales sagittis magna. '),(304,81,'item','3(19).jpeg','220','229','Duis leo. Sed fringilla mauris sit amet nibh. Donec sodales sagittis magna. '),(305,82,'item','6(23).jpeg','231','218','Sed consequat, leo eget bibendum sodales,'),(306,82,'item','10(21).jpeg','225','225','Sed consequat, leo eget bibendum sodales,'),(307,82,'item','12(16).jpeg','225','225','Sed consequat, leo eget bibendum sodales,'),(308,83,'item','5(15).jpeg','220','229',' In ac dui quis mi consectetuer lacinia.'),(309,83,'item','7(18).jpeg','214','236',' In ac dui quis mi consectetuer lacinia.'),(310,83,'item','9(19).jpeg','180','201',' In ac dui quis mi consectetuer lacinia.'),(311,84,'item','4(20).jpeg','225','225','In ac dui quis mi consectetuer lacinia.'),(312,84,'item','7(19).jpeg','259','194','In ac dui quis mi consectetuer lacinia.'),(313,84,'item','14(9).jpeg','259','194','In ac dui quis mi consectetuer lacinia.'),(314,85,'item','3(20).jpeg','259','194',' In ac dui quis mi consectetuer lacinia.'),(315,85,'item','9(20).jpeg','259','194',' In ac dui quis mi consectetuer lacinia.'),(316,85,'item','14(10).jpeg','259','194',' In ac dui quis mi consectetuer lacinia.'),(317,86,'item','4(21).jpeg','225','225','In ac dui quis mi consectetuer lacinia.'),(318,86,'item','13(18).jpeg','294','171','In ac dui quis mi consectetuer lacinia.'),(319,86,'item','15(5).jpeg','259','194','In ac dui quis mi consectetuer lacinia.'),(320,87,'item','1(16).jpeg','262','192','In ac dui quis mi consectetuer lacinia.'),(321,87,'item','2(13).jpeg','221','229','In ac dui quis mi consectetuer lacinia.'),(322,87,'item','3(21).jpeg','225','225','In ac dui quis mi consectetuer lacinia.'),(323,88,'item','4(22).jpeg','240','180','In ac dui quis mi consectetuer lacinia.'),(324,88,'item','6(24).jpeg','259','194','In ac dui quis mi consectetuer lacinia.'),(325,88,'item','8(17).jpeg','272','186','In ac dui quis mi consectetuer lacinia.'),(326,89,'item','5(16).jpeg','279','181','In ac dui quis mi consectetuer lacinia.'),(327,89,'item','7(20).jpeg','230','198','In ac dui quis mi consectetuer lacinia.'),(328,89,'item','10(22).jpeg','240','180','In ac dui quis mi consectetuer lacinia.'),(329,90,'item','3(22).jpeg','246','205',' In ac dui quis mi consectetuer lacinia.'),(330,90,'item','2(14).jpeg','275','183',' In ac dui quis mi consectetuer lacinia.'),(331,90,'item','8(18).jpeg','258','195',' In ac dui quis mi consectetuer lacinia.'),(335,92,'item','13(19).jpeg','225','225','Etiam imperdiet imperdiet orci.'),(336,92,'item','8(19).jpeg','258','195','Etiam imperdiet imperdiet orci.'),(337,92,'item','15(6).jpeg','237','212','Etiam imperdiet imperdiet orci.'),(338,93,'item','9(22).jpeg','275','183','Donec mollis hendrerit risus. '),(339,93,'item','8(20).jpeg','258','195','Donec mollis hendrerit risus. '),(340,93,'item','4(23).jpeg','273','185','Donec mollis hendrerit risus. '),(341,94,'item','1(17).jpeg','225','225',' Etiam imperdiet imperdiet orci.'),(342,94,'item','2(16).jpeg','239','211',' Etiam imperdiet imperdiet orci.'),(343,94,'item','3(23).jpeg','238','211',' Etiam imperdiet imperdiet orci.'),(344,95,'item','4(24).jpeg','224','224','Etiam imperdiet imperdiet orci.'),(345,95,'item','5(17).jpeg','247','204','Etiam imperdiet imperdiet orci.'),(346,95,'item','6(25).jpeg','255','198','Etiam imperdiet imperdiet orci.'),(347,96,'item','6(26).jpeg','255','198','Sed lectus. Donec mollis hendrerit risus. '),(348,96,'item','7.jpg','560','429','Sed lectus. Donec mollis hendrerit risus. '),(349,96,'item','8(21).jpeg','225','225','Sed lectus. Donec mollis hendrerit risus. '),(350,97,'item','13(20).jpeg','252','200','elit erat euismod orci, ac placerat dolor lectus quis orci.'),(351,97,'item','14(11).jpeg','225','225','elit erat euismod orci, ac placerat dolor lectus quis orci.'),(352,97,'item','5(18).jpeg','247','204','elit erat euismod orci, ac placerat dolor lectus quis orci.'),(353,98,'item','1(18).jpeg','300','168','ac placerat dolor lectus quis orci.'),(354,98,'item','2(17).jpeg','252','200','ac placerat dolor lectus quis orci.'),(355,98,'item','3(24).jpeg','281','179','ac placerat dolor lectus quis orci.'),(356,99,'item','4(25).jpeg','275','183','Sed aliquam, nisi quis porttitor congue,'),(357,99,'item','5(19).jpeg','318','159','Sed aliquam, nisi quis porttitor congue,'),(358,99,'item','6(27).jpeg','240','156','Sed aliquam, nisi quis porttitor congue,'),(359,100,'item','11(13).jpeg','209','242','ultrices posuere cubilia Curae; Sed aliquam,'),(360,100,'item','6(28).jpeg','240','156','ultrices posuere cubilia Curae; Sed aliquam,'),(361,100,'item','2(18).jpeg','252','200','ultrices posuere cubilia Curae; Sed aliquam,'),(362,101,'item','12(18).jpeg','287','176',' ac placerat dolor lectus quis orci.'),(363,101,'item','10(23).jpeg','225','225',' ac placerat dolor lectus quis orci.'),(364,101,'item','5(20).jpeg','318','159',' ac placerat dolor lectus quis orci.'),(365,102,'item','1(19).jpeg','287','176','Sed aliquam, nisi quis porttitor congue'),(366,102,'item','2(19).jpeg','257','196','Sed aliquam, nisi quis porttitor congue'),(367,102,'item','3(4).jpg','500','384','Sed aliquam, nisi quis porttitor congue'),(368,103,'item','4(26).jpeg','225','225','Maecenas vestibulum mollis diam. Pellentesque ut neque.'),(369,103,'item','5(21).jpeg','257','196','Maecenas vestibulum mollis diam. Pellentesque ut neque.'),(370,103,'item','9(23).jpeg','225','225','Maecenas vestibulum mollis diam. Pellentesque ut neque.'),(371,104,'item','11(14).jpeg','258','196','et netus et malesuada fames ac turpis egestas.'),(372,104,'item','9(24).jpeg','225','225','et netus et malesuada fames ac turpis egestas.'),(373,104,'item','6(29).jpeg','240','209','et netus et malesuada fames ac turpis egestas.'),(374,105,'item','1(20).jpeg','253','199',' et malesuada fames ac turpis egestas.'),(375,105,'item','7(21).jpeg','192','192',' et malesuada fames ac turpis egestas.'),(376,105,'item','2(20).jpeg','207','243',' et malesuada fames ac turpis egestas.'),(377,106,'item','3(25).jpeg','275','183','et malesuada fames ac turpis egestas.'),(378,106,'item','4(27).jpeg','214','236','et malesuada fames ac turpis egestas.'),(379,106,'item','5(22).jpeg','225','225','et malesuada fames ac turpis egestas.'),(380,107,'item','4(28).jpeg','214','236',' et malesuada fames ac turpis egestas.'),(381,107,'item','6(2).jpg','400','400',' et malesuada fames ac turpis egestas.'),(382,107,'item','9(25).jpeg','217','232',' et malesuada fames ac turpis egestas.'),(383,108,'item','1(21).jpeg','275','183',' et malesuada fames ac turpis egestas.'),(384,108,'item','2(21).jpeg','279','181',' et malesuada fames ac turpis egestas.'),(385,108,'item','3(26).jpeg','234','215',' et malesuada fames ac turpis egestas.'),(386,109,'item','20(1).jpeg','225','225','Pellentesque posuere. Praesent turpis.'),(387,109,'item','7(22).jpeg','255','197','Pellentesque posuere. Praesent turpis.'),(388,109,'item','2(22).jpeg','279','181','Pellentesque posuere. Praesent turpis.'),(389,110,'item','13(21).jpeg','225','225','Curae; Fusce id purus. Ut varius tincidunt libero.'),(390,110,'item','14(12).jpeg','220','229','Curae; Fusce id purus. Ut varius tincidunt libero.'),(391,110,'item','12(19).jpeg','303','166','Curae; Fusce id purus. Ut varius tincidunt libero.'),(392,111,'item','20(2).jpeg','225','225','Curae; Fusce id purus. Ut varius tincidunt libero.'),(393,111,'item','10(24).jpeg','261','193','Curae; Fusce id purus. Ut varius tincidunt libero.'),(394,111,'item','5(23).jpeg','240','180','Curae; Fusce id purus. Ut varius tincidunt libero.'),(395,112,'item','1(22).jpeg','289','174','et netus et malesuada fames ac turpis egestas.'),(396,112,'item','3(27).jpeg','259','195','et netus et malesuada fames ac turpis egestas.'),(397,112,'item','2(23).jpeg','225','225','et netus et malesuada fames ac turpis egestas.'),(398,113,'item','3(28).jpeg','259','195','In ac dui quis mi consectetuer lacinia.'),(399,113,'item','9(26).jpeg','225','225','In ac dui quis mi consectetuer lacinia.'),(400,113,'item','11.jpg','656','350','In ac dui quis mi consectetuer lacinia.'),(401,114,'item','4(29).jpeg','262','193','In ac dui quis mi consectetuer lacinia.'),(402,114,'item','5(24).jpeg','225','225','In ac dui quis mi consectetuer lacinia.'),(403,114,'item','6(30).jpeg','247','204','In ac dui quis mi consectetuer lacinia.'),(404,115,'item','7(23).jpeg','213','237','Sed consequat, leo eget bibendum sodales'),(405,115,'item','4(30).jpeg','262','193','Sed consequat, leo eget bibendum sodales'),(406,115,'item','15(7).jpeg','225','225','Sed consequat, leo eget bibendum sodales'),(407,116,'item','1(23).jpeg','247','204','In ac dui quis mi consectetuer lacinia.'),(408,116,'item','2(24).jpeg','211','239','In ac dui quis mi consectetuer lacinia.'),(409,116,'item','3(29).jpeg','284','178','In ac dui quis mi consectetuer lacinia.'),(410,117,'item','2(25).jpeg','211','239','In ac dui quis mi consectetuer lacinia.'),(411,117,'item','5(25).jpeg','259','195','In ac dui quis mi consectetuer lacinia.'),(412,117,'item','7(24).jpeg','293','172','In ac dui quis mi consectetuer lacinia.'),(413,118,'item','17.jpeg','225','225','In ac dui quis mi consectetuer lacinia.'),(414,118,'item','7(25).jpeg','293','172','In ac dui quis mi consectetuer lacinia.'),(415,118,'item','4(31).jpeg','266','190','In ac dui quis mi consectetuer lacinia.'),(416,119,'item','22.jpeg','300','168','In ac dui quis mi consectetuer lacinia.'),(417,119,'item','19(4).jpeg','275','183','In ac dui quis mi consectetuer lacinia.'),(418,119,'item','13(22).jpeg','302','167','In ac dui quis mi consectetuer lacinia.'),(419,120,'item','20(3).jpeg','223','226',' In ac dui quis mi consectetuer lacinia.'),(420,120,'item','11(15).jpeg','300','168',' In ac dui quis mi consectetuer lacinia.'),(421,120,'item','6(31).jpeg','300','168',' In ac dui quis mi consectetuer lacinia.'),(422,121,'item','8(22).jpeg','224','225','In ac dui quis mi consectetuer lacinia.'),(423,121,'item','14(13).jpeg','275','183','In ac dui quis mi consectetuer lacinia.'),(424,121,'item','10(25).jpeg','261','193','In ac dui quis mi consectetuer lacinia.'),(425,122,'item','9(27).jpeg','240','210',' In ac dui quis mi consectetuer lacinia.'),(426,122,'item','16(8).jpeg','225','225',' In ac dui quis mi consectetuer lacinia.'),(427,122,'item','7(26).jpeg','293','172',' In ac dui quis mi consectetuer lacinia.'),(428,123,'item','16(9).jpeg','225','225','Curae; In ac dui quis mi consectetuer lacinia.'),(429,123,'item','5(26).jpeg','259','195','Curae; In ac dui quis mi consectetuer lacinia.'),(430,123,'item','9(28).jpeg','240','210','Curae; In ac dui quis mi consectetuer lacinia.'),(715,1,'sub_category','4(1).jpeg','225','225','Lorem ipsum dolor sit amet, consectetuer adipiscing elit. Aenean commodo ligula eget dolor.'),(716,1,'item','5(1).jpeg','225','225','Lorem ipsum dolor sit amet, consectetuer adipiscing elit. Aenean commodo ligula eget dolor.'),(717,1,'item','13(1).jpeg','292','173','Lorem ipsum dolor sit amet, consectetuer adipiscing elit. Aenean commodo ligula eget dolor.'),(718,1,'item','9(1).jpeg','225','225','Lorem ipsum dolor sit amet, consectetuer adipiscing elit. Aenean commodo ligula eget dolor.'),(1253,425,'item','13(30).jpeg','292','173','Lorem ipsum dolor sit amet'),(1254,426,'item','12(25).jpeg','225','225','Lorem ipsum dolor sit amet'),(1255,427,'item','11(30).jpeg','240','180','Lorem ipsum dolor sit amet'),(1256,428,'item','9(33).jpeg','225','225','Lorem ipsum dolor sit amet'),(1257,429,'item','8(30).jpeg','225','225','Lorem ipsum dolor sit amet'),(1258,430,'item','7(42).jpeg','197','255','Lorem ipsum dolor sit amet'),(1259,431,'item','6(45).jpeg','225','225','Lorem ipsum dolor sit amet'),(1260,432,'item','4(53).jpeg','225','225','Lorem ipsum dolor sit amet'),(1261,433,'item','3(48).jpeg','259','194','Lorem ipsum dolor sit amet'),(1262,434,'item','2(39).jpeg','259','194','Lorem ipsum dolor sit amet'),(1263,435,'item','1(2).jpeg','275','183','Lorem ipsum dolor sit amet'),(1264,436,'item','13(31).jpeg','292','173','Lorem ipsum dolor sit amet'),(1265,437,'item','12(26).jpeg','225','225','Lorem ipsum dolor sit amet'),(1266,438,'item','11(31).jpeg','240','180','Lorem ipsum dolor sit amet'),(1267,439,'item','9(34).jpeg','225','225','Lorem ipsum dolor sit amet'),(1268,440,'item','8(31).jpeg','225','225','Lorem ipsum dolor sit amet'),(1269,441,'item','7(43).jpeg','197','255','Lorem ipsum dolor sit amet'),(1270,442,'item','6(46).jpeg','225','225','Lorem ipsum dolor sit amet'),(1271,443,'item','6(47).jpeg','225','225','Lorem ipsum dolor sit amet'),(1272,444,'item','5(44).jpeg','225','225','Lorem ipsum dolor sit amet'),(1273,445,'item','3(49).jpeg','259','194','Lorem ipsum dolor sit amet'),(1274,446,'item','1(36).jpeg','275','183','Lorem ipsum dolor sit amet'),(1275,447,'item','2(40).jpeg','259','194','Lorem ipsum dolor sit amet'),(1276,448,'item','13(32).jpeg','292','173','Lorem ipsum dolor sit amet'),(1277,449,'item','12(27).jpeg','225','225','Lorem ipsum dolor sit amet'),(1278,450,'item','11(32).jpeg','240','180','Lorem ipsum dolor sit amet'),(1279,451,'item','10(33).jpeg','225','225','Lorem ipsum dolor sit amet'),(1280,452,'item','9(35).jpeg','225','225','Lorem ipsum dolor sit amet'),(1281,453,'item','8(32).jpeg','225','225','Lorem ipsum dolor sit amet'),(1282,454,'item','7(44).jpeg','197','255','Aenean massa'),(1283,455,'item','6(48).jpeg','225','225','Lorem ipsum dolor sit amet'),(1284,456,'item','5(45).jpeg','225','225','Lorem ipsum dolor sit amet'),(1285,457,'item','4(54).jpeg','225','225','Lorem ipsum dolor sit amet'),(1286,458,'item','4(55).jpeg','225','225','Lorem ipsum dolor sit amet'),(1287,459,'item','3(50).jpeg','259','194','Lorem ipsum dolor sit amet'),(1288,460,'item','12(28).jpeg','225','225','Lorem ipsum dolor sit amet'),(1289,461,'item','10(34).jpeg','225','225','Lorem ipsum dolor sit amet'),(1290,462,'item','8(33).jpeg','225','225','Lorem ipsum dolor sit amet'),(1294,24,'category','phone.png','300','223',''),(1295,101,'sub_category','LG1.jpg','450','450',''),(1296,102,'sub_category','samsung1.jpg','450','450',''),(1297,464,'item','LG1(1).jpg','450','450','LG 1'),(1298,464,'item','LG2.jpg','300','300','LG 2'),(1299,465,'item','samsung2.jpg','505','450','samsung 1'),(1300,465,'item','samsung1(1).jpg','450','450','samsung 2'),(1302,103,'sub_category','MZgART.png','480','800',''),(1306,467,'item','main_banner_600x400px(1).jpg','600','400',''),(1307,1,'shop','main_banner_600x400px1.jpg','600','400',''),(1308,468,'item','IMG_0822.JPG','2304','1536',''),(1309,469,'item','IMG_0825.JPG','2304','1536',''),(1310,469,'item','IMG_0824.JPG','2304','1536',''),(1311,470,'item','IMG_0824(1).JPG','2304','1536',''),(1312,470,'item','IMG_0825(1).JPG','2304','1536',''),(1313,471,'item','IMG_0830.JPG','2304','1536',''),(1314,471,'item','IMG_0831.JPG','2304','1536',''),(1315,472,'item','IMG_0835.JPG','2304','1536',''),(1316,472,'item','IMG_0836.JPG','2304','1536',''),(1317,473,'item','IMG_0837.JPG','2304','1536',''),(1318,473,'item','IMG_0838.JPG','2304','1536',''),(1319,474,'item','IMG_0839.JPG','2304','1536',''),(1320,474,'item','IMG_0840.JPG','2304','1536',''),(1355,492,'item','IMG_0875.JPG','2304','1536',''),(1358,495,'item','IMG_0878.JPG','2304','1536',''),(1359,495,'item','IMG_0879.JPG','2304','1536',''),(1369,501,'item','IMG_0889.JPG','2304','1536',''),(1372,503,'item','IMG_0893.JPG','2304','1536',''),(1373,503,'item','IMG_0894.JPG','2304','1536',''),(1380,507,'item','IMG_1121.JPG','1920','1280',''),(1381,508,'item','IMG_1122.JPG','1920','1280',''),(1385,511,'item','IMG_1128.JPG','1920','1280',''),(1386,512,'item','IMG_1129.JPG','1920','1280',''),(1410,528,'item','IMG_1153.JPG','1920','1280',''),(1411,528,'item','IMG_1154.JPG','1920','1280',''),(1413,530,'item','IMG_1156.JPG','1920','1280',''),(1414,531,'item','IMG_1157.JPG','1920','1280',''),(1415,531,'item','IMG_1158.JPG','1920','1280',''),(1416,532,'item','IMG_1159.JPG','1920','1280',''),(1423,537,'item','IMG_1168.JPG','1920','1280',''),(1424,537,'item','IMG_1167.JPG','1920','1280',''),(1425,538,'item','IMG_1170.JPG','1920','1280',''),(1426,538,'item','IMG_1169.JPG','1920','1280',''),(1427,539,'item','IMG_1171.JPG','1920','1280',''),(1428,539,'item','IMG_1172.JPG','1920','1280',''),(1429,540,'item','IMG_1173.JPG','1920','1280',''),(1430,540,'item','IMG_1174.JPG','1920','1280',''),(1432,25,'category','main_banner_600x400px.jpg','600','400',''),(1433,541,'item','IMG_1145.JPG','1920','1280',''),(1434,542,'item','IMG_1177.JPG','1920','1280',''),(1435,542,'item','IMG_1178.JPG','1920','1280',''),(1436,543,'item','IMG_1179.JPG','1920','1280',''),(1437,543,'item','IMG_1180.JPG','1920','1280',''),(1438,544,'item','IMG_1182.JPG','1920','1280',''),(1439,544,'item','IMG_1181.JPG','1920','1280',''),(1440,545,'item','IMG_1183.JPG','1920','1280',''),(1441,545,'item','IMG_1184.JPG','1920','1280',''),(1442,546,'item','IMG_1185.JPG','1920','1280',''),(1443,546,'item','IMG_1186.JPG','1920','1280',''),(1444,547,'item','IMG_1187.JPG','1920','1280',''),(1445,547,'item','IMG_1188.JPG','1920','1280',''),(1446,548,'item','IMG_1189.JPG','1920','1280',''),(1447,548,'item','IMG_1190.JPG','1920','1280',''),(1448,548,'item','IMG_1191.JPG','1920','1280',''),(1449,549,'item','IMG_1192.JPG','1920','1280',''),(1450,549,'item','IMG_1193.JPG','1920','1280',''),(1451,550,'item','IMG_1194.JPG','1920','1280',''),(1452,550,'item','IMG_1195.JPG','1920','1280',''),(1453,551,'item','IMG_1196.JPG','1920','1280',''),(1454,552,'item','IMG_1198.JPG','1920','1280',''),(1455,552,'item','IMG_1197.JPG','1920','1280',''),(1456,553,'item','IMG_1199.JPG','1920','1280',''),(1457,554,'item','IMG_1201.JPG','1920','1280',''),(1458,554,'item','IMG_1200.JPG','1920','1280',''),(1459,555,'item','IMG_1202.JPG','1920','1280',''),(1460,556,'item','IMG_1204.JPG','1920','1280',''),(1461,556,'item','IMG_1203.JPG','1920','1280',''),(1462,557,'item','IMG_1206.JPG','1920','1280',''),(1463,557,'item','IMG_1205.JPG','1920','1280',''),(1464,558,'item','IMG_1208.JPG','1920','1280',''),(1465,558,'item','IMG_1207.JPG','1920','1280',''),(1466,559,'item','IMG_1210.JPG','1920','1280',''),(1467,559,'item','IMG_1209.JPG','1920','1280',''),(1471,3,'sub_category','alternative-medicine-herbal-medicine.jpg','450','300',''),(1472,1,'category','herbal1.jpeg','520','520',''),(1473,26,'category','madu.jpeg','222','227',''),(1474,104,'sub_category','maduanak.jpeg','259','194',''),(1475,105,'sub_category','maduanak1.jpeg','259','194',''),(1476,106,'sub_category','maduanak2.jpeg','259','194',''),(1477,107,'sub_category','maduanak3.jpeg','259','194',''),(1478,27,'category','minyakherbal.jpeg','296','170',''),(1479,28,'category','sabunherbal.jpeg','302','167',''),(1480,108,'sub_category','madu1.jpeg','222','227',''),(1484,568,'item','madu_arabia2.JPG','1920','1280',''),(1485,568,'item','madu_arabia.JPG','1920','1280',''),(1489,585,'item','4907EB75D45340829A3D43CE4DBD3408_12075_740x408_e844c514eb172e942d00d9b5daa22336.jpg','740','408','test'),(1491,4,'feed','blog-img3-780x520.jpg','780','520',''),(1492,3,'feed','blog-img2-780x520.jpg','780','520',''),(1493,2,'feed','blog-img1-780x520.jpg','780','520',''),(1494,1,'feed','12391312_5757c36c-37a1-45da-bd0c-08a02d68e2a7_720_536.jpg','700','521',''),(1495,5,'feed','06-14-17-NationalVeggieDay-1200x630_jpg.jpg','640','336',''),(1520,595,'item','IMG_0893(1).JPG','2304','1536',''),(1521,595,'item','IMG_0894(1).JPG','2304','1536',''),(1524,597,'item','IMG_1122(1).JPG','1920','1280',''),(1526,30,'category','6-minuman-ini-berbahaya-bagi-kesehatan-tubuh.jpg','670','335',''),(1527,109,'sub_category','Lebih-Sehat-Mana-Teh-Celup-atau-Teh-Tubruk.jpg','2100','1400',''),(1528,31,'category','Pengobatan-Stroke-Makanan.jpg','565','353',''),(1529,110,'sub_category','10-Buah-Termahal-di-Dunia-yang-Bikin-Anda-Kaget-dan-Gambar-Buah-Buahan-01-Finansialku.jpg','500','337',''),(1530,32,'category','supplier-herbal.jpg','678','400',''),(1531,111,'sub_category','serbuk-coklat.png','703','320',''),(1533,112,'sub_category','coffee-substitute-benefits.gif','339','283',''),(1534,113,'sub_category','cocoa_2581947f.jpg','572','430',''),(1535,114,'sub_category','teh-herbal.jpg','600','431',''),(1536,600,'item','IMG_1165(1).JPG','1920','1280',''),(1537,600,'item','IMG_1142(1).JPG','1920','1280',''),(1541,603,'item','IMG_1149(1).JPG','1920','1280',''),(1576,621,'item','IMG_1178(1).JPG','1920','1280',''),(1577,621,'item','IMG_1177(1).JPG','1920','1280',''),(1582,624,'item','IMG_1184(1).JPG','1920','1280',''),(1583,624,'item','IMG_1183(1).JPG','1920','1280',''),(1585,615,'item','IMG_1169(1).JPG','1920','1280',''),(1586,615,'item','IMG_1170(1).JPG','1920','1280',''),(1599,631,'item','IMG_0877.JPG','2304','1536',''),(1602,2,'shop','Logo_Bank_BTN.png','1600','378',''),(1603,632,'item','macan.jpeg','321','157','macan'),(1605,648,'item','starynight.jpg','500','396',''),(1613,654,'item','btn_museum.JPG','700','525',''),(1614,655,'item','btn_museum(1).JPG','700','525',''),(1637,479,'item','KapsulPegagan,Isi50Kapsul.jpg','653','1160',''),(1640,479,'item','KapsulPegagan,Isi50Kapsul(2).jpg','1160','653',''),(1653,561,'item','maduklancengemas.jpg','700','567',''),(1661,649,'item','ic_coffee_espresso.png','462','506',''),(1662,603,'item','IMG_1150(1).JPG','1920','1280',''),(1663,694,'item','object1.jpg','500','248','1.  Scan QR kepada object atau situs yang mempunyai QR code.'),(1664,694,'item','img2.jpeg','720','1280','2. Tiap QR code yang ada di situs menghasilkan poin berbeda-beda'),(1665,694,'item','redeem.png','880','376','3. Tukar poin anda ke mesin kopi kami, dengan poin yang telah anda kumpulkan'),(1666,694,'item','gate.jpg','1295','720','4.  Gunakan Untuk Keluar dan masuk area museum'),(1673,0,'','','','',''),(1680,0,'','','','',''),(1681,695,'item','ic_coffee_espresso(1).png','462','506',''),(1683,693,'item','ic_coffee_chocolate.png','462','506',''),(1684,692,'item','ic_coffee_greentea.png','462','506',''),(1685,691,'item','ic_coffee_mocha.png','462','506',''),(1686,690,'item','ic_coffee_latte.png','462','506',''),(1687,689,'item','ic_coffee_cappucino.png','462','506',''),(1688,688,'item','ic_coffee_machiato.png','462','506',''),(1689,687,'item','ic_coffee_americano.png','462','506',''),(1690,22,'feed','FINAL_BUKU_KECIL_68_TAHUN_BANK_BTN_page_001.png','566','868',''),(1691,22,'feed','FINAL_BUKU_KECIL_68_TAHUN_BANK_BTN_page_002.png','566','868',''),(1692,22,'feed','FINAL_BUKU_KECIL_68_TAHUN_BANK_BTN_page_003.png','566','868',''),(1693,22,'feed','FINAL_BUKU_KECIL_68_TAHUN_BANK_BTN_page_004.png','566','868',''),(1694,22,'feed','FINAL_BUKU_KECIL_68_TAHUN_BANK_BTN_page_005.png','566','868',''),(1695,696,'item','FINAL_BUKU_KECIL_68_TAHUN_BANK_BTN_page_001(1).png','566','868','1'),(1696,696,'item','FINAL_BUKU_KECIL_68_TAHUN_BANK_BTN_page_002(1).png','566','868',''),(1697,696,'item','FINAL_BUKU_KECIL_68_TAHUN_BANK_BTN_page_003(1).png','566','868',''),(1698,696,'item','FINAL_BUKU_KECIL_68_TAHUN_BANK_BTN_page_004(1).png','566','868',''),(1699,696,'item','FINAL_BUKU_KECIL_68_TAHUN_BANK_BTN_page_005(1).png','566','868',''),(1715,698,'item','map2.jpeg','540','958','Lantai 1'),(1717,698,'item','map1.jpeg','539','960','Lantai 2'),(1719,671,'item','R.S.Darmosoetanto(1).png','96','121',''),(1720,672,'item','R.M.SoemiratSoerjodarmodjo(1).png','97','119',''),(1721,673,'item','SoedjiwoBc.Hk(1).png','97','119',''),(1722,674,'item','PrajogoMirhad(1).png','98','120',''),(1723,675,'item','Sasonotomo(1).png','98','119',''),(1724,676,'item','M.Jakile(1).png','98','119',''),(1725,677,'item','TowilHeryoto(1).png','98','148',''),(1728,678,'item','Sjahrizal(1).png','98','148',''),(1729,679,'item','WidigdoSukarman(1).png','102','150',''),(1730,680,'item','TitoSoetalaksana(1).png','102','155',''),(1731,681,'item','Kodradi(1).png','103','156',''),(1732,682,'item','IqbalLatanro(1).png','103','156',''),(1733,683,'item','Maryono(1).png','138','182',''),(1736,478,'item','HerbaretikP.jpg','677','768',''),(1737,478,'item','HerbaretikL.jpg','1408','768',''),(1742,574,'item','AlbuminP.jpg','677','768',''),(1743,574,'item','AlbuminL.jpg','1408','768',''),(1744,710,'item','AlevaP.jpg','677','768',''),(1745,710,'item','AlevaL.jpg','1408','768',''),(1746,489,'item','AmbenolP.jpg','677','768',''),(1747,489,'item','AmbenolL.jpg','1408','768',''),(1754,489,'item','IMG_0869.JPG','2304','1536',''),(1755,489,'item','IMG_0870.JPG','2304','1536',''),(1756,711,'item','AntumoShampooP.jpg','677','768',''),(1757,711,'item','AntumoShampooL.jpg','1408','768',''),(1761,562,'item','BiokidsPlatinumP.jpg','677','768',''),(1762,562,'item','BiokidsPlatinumL.jpg','1408','768',''),(1763,562,'item','Biokids.JPG','1280','1920',''),(1764,562,'item','Biokidss.JPG','1920','1280',''),(1765,712,'item','BlackGayoCoffeeP.jpg','677','768',''),(1766,712,'item','BlackGayoCoffeeL.jpg','1408','768',''),(1771,490,'item','ALAshfaP.jpg','677','768',''),(1772,490,'item','ALAshfaL.jpg','1408','768',''),(1773,490,'item','IMG_0871.JPG','2304','1536',''),(1774,490,'item','IMG_0872.JPG','2304','1536',''),(1780,498,'item','CocoaCollagenP.jpg','677','768',''),(1781,498,'item','CocoaCollagenL.jpg','1408','768',''),(1782,498,'item','CocoaCollagen.JPG','1536','2304',''),(1783,713,'item','ZaitunHikmahOilP.jpg','677','768',''),(1785,604,'item','CocoaDietP.jpg','677','768',''),(1786,604,'item','CocoaDietL.jpg','1408','768',''),(1787,628,'item','CocoaIQP.jpg','677','768',''),(1788,628,'item','CocoaIQL.jpg','1408','768',''),(1789,628,'item','CocoaIQ.JPG','1536','2304',''),(1790,628,'item','CocoaIQi.JPG','2304','1536',''),(1791,523,'item','CocoaManjaKasehKotakP.jpg','677','768',''),(1792,523,'item','CocoaManjaKasehKotakL.jpg','1408','768',''),(1794,523,'item','CocoaManjaKasehKotak.JPG','1920','1280',''),(1796,521,'item','CocoaManjaKasehToplesP.jpg','735','768',''),(1797,521,'item','CocoaManjaKasehToplesL.jpg','1408','768',''),(1798,521,'item','CocoaManjaKasehToples.JPG','1280','1920',''),(1801,596,'item','D\'Virgin(OliveOil)P.jpg','677','768',''),(1802,596,'item','D\'Virgin(OliveOil)L.jpg','1408','768',''),(1803,596,'item','D\'Virgin.JPG','1920','1280',''),(1804,714,'item','GamatGoldP.jpg','677','768',''),(1805,714,'item','GamatGoldL.jpg','1408','768',''),(1806,566,'item','NomandelP.jpg','677','768',''),(1807,566,'item','NomandelL.jpg','1408','768',''),(1808,715,'item','GoldenTamrMesirP.jpg','677','768',''),(1809,715,'item','GoldenTamrMesirL.jpg','1408','768',''),(1810,716,'item','GoldenTamrSukariP.jpg','677','768',''),(1811,716,'item','GoldenTamrSukariL.jpg','1408','768',''),(1813,536,'item','TCDaunsirsakKenconosariP.jpg','677','768',''),(1815,535,'item','TCRosellaKenconosariP.jpg','677','768',''),(1816,535,'item','TCRosellaKenconosariL.jpg','1408','768',''),(1817,535,'item','IMG_1163.JPG','1920','1280',''),(1818,535,'item','IMG_1164.JPG','1920','1280',''),(1819,534,'item','TCpasakBumiP.jpg','677','768',''),(1820,534,'item','TCpasakBumiL.jpg','1408','768',''),(1821,534,'item','IMG_1162.JPG','1920','1280',''),(1822,533,'item','MenstriP.jpg','677','768',''),(1823,533,'item','IMG_1161.JPG','1920','1280',''),(1824,533,'item','MenstriL.jpg','1408','768',''),(1825,533,'item','IMG_1160.JPG','1920','1280',''),(1826,717,'item','GoldSeaPlusP.jpg','677','768',''),(1827,717,'item','GoldSeaPlusL.jpg','1408','768',''),(1828,718,'item','HabaprozP.jpg','677','768',''),(1829,718,'item','HabaprozL.jpg','1408','768',''),(1832,719,'item','HabasaGarlic90kapsulP.jpg','677','768',''),(1833,719,'item','HabasaGarlic90kapsulL.jpg','1408','768',''),(1834,522,'item','HabasaGarlic200kapsulP.jpg','677','768',''),(1835,522,'item','HabasaGarlic200kapsulL.jpg','1408','768',''),(1836,522,'item','Habasagarlic200kaps.JPG','1280','1920',''),(1837,522,'item','Habasagarlic200kapss.JPG','1920','1280',''),(1839,518,'item','MaduTemulawakP.jpg','677','768',''),(1840,518,'item','MaduTemulawakL.jpg','1408','768',''),(1841,518,'item','IMG_1137.JPG','1920','1280',''),(1842,518,'item','IMG_1138.JPG','1920','1280',''),(1847,589,'item','HabbasyahKapsul-Isi200P.jpg','677','768',''),(1848,589,'item','HabbasyahKapsul-Isi200L.jpg','1408','768',''),(1849,517,'item','MadugairahP.jpg','677','768',''),(1850,517,'item','MadugairahL.jpg','1408','768',''),(1851,517,'item','IMG_1136.JPG','1920','1280',''),(1852,517,'item','IMG_1135.JPG','1920','1280',''),(1853,515,'item','TCJaticinaKenconosariP.jpg','677','768',''),(1854,515,'item','TCJaticinaKenconosariL.jpg','1408','768',''),(1855,515,'item','IMG_1132.JPG','1920','1280',''),(1856,514,'item','KurmaMaduAngkakP.jpg','677','768',''),(1857,514,'item','KurmaMaduAngkakL.jpg','1408','768',''),(1858,514,'item','IMG_1131(1).JPG','1920','1280',''),(1863,505,'item','MaduratP.jpg','677','768',''),(1864,505,'item','IMG_0898.JPG','2304','1536',''),(1865,505,'item','IMG_0897.JPG','2304','1536',''),(1866,505,'item','MaduratL.jpg','1408','768',''),(1867,506,'item','HabbatGarlicoil99(75kapsul)P.jpg','677','768',''),(1868,506,'item','HabbatGarlicoil99(75kapsul)L.jpg','1408','768',''),(1869,506,'item','habbatgarlicc.JPG','1536','2304',''),(1870,506,'item','habbatgarlic.JPG','2304','1536',''),(1871,720,'item','HabbatGarlicoil99(60kapsul)P.jpg','677','768',''),(1872,720,'item','HabbatGarlicoil99(60kapsul)L.jpg','1408','768',''),(1873,577,'item','ManjaKasehP.jpg','735','768',''),(1874,577,'item','ManjaKasehL.jpg','1408','768',''),(1875,577,'item','IMG_1145(1).JPG','1920','1280',''),(1876,567,'item','HabbatProzaitun100KapsulP.jpg','677','768',''),(1877,567,'item','HabbatProzaitun100KapsulL.jpg','1408','768',''),(1878,504,'item','HabbatProzaitun200KapsulP.jpg','677','768',''),(1879,504,'item','HabbatProzaitun200KapsulL.jpg','1408','768',''),(1880,570,'item','ManjakasehKotakP.jpg','677','768',''),(1881,570,'item','IMG_1175(1).JPG','1920','1280',''),(1882,570,'item','ManjakasehKotakL.jpg','1408','768',''),(1883,500,'item','CocoaLQManP.jpg','677','768',''),(1884,500,'item','IMG_0887.JPG','2304','1536',''),(1885,500,'item','CocoaLQManL.jpg','1408','768',''),(1886,500,'item','IMG_0888.JPG','2304','1536',''),(1891,497,'item','WhiteSoyaP.jpg','677','768',''),(1893,497,'item','WhiteSoyaL.jpg','1408','768',''),(1894,496,'item','XanPlusMuricataP.jpg','677','768',''),(1900,493,'item','MinyakHabbasyiP.jpg','677','768',''),(1901,491,'item','KapsulSambilotoP.jpg','677','768',''),(1902,491,'item','IMG_0874.JPG','2304','1536',''),(1903,491,'item','KapsulSambilotoL.jpg','1408','768',''),(1904,491,'item','IMG_0873.JPG','2304','1536',''),(1905,721,'item','HajarjahanammesirP.jpg','677','768',''),(1906,721,'item','HajarjahanammesirL.jpg','1408','768',''),(1907,488,'item','KapsulTempuyungP.jpg','677','768',''),(1908,488,'item','KapsulTempuyungL.jpg','1408','768',''),(1909,488,'item','IMG_0868.JPG','2304','1536',''),(1910,488,'item','IMG_0867.JPG','2304','1536',''),(1911,614,'item','HerbaratikP.jpg','677','768',''),(1912,614,'item','HerbaratikL.jpg','1408','768',''),(1913,614,'item','herbaratik.JPG','1536','2304',''),(1914,614,'item','herrbaratik.JPG','2304','1536',''),(1915,617,'item','JakotensP.jpg','677','768',''),(1916,617,'item','JakotensL.jpg','1408','768',''),(1917,617,'item','jakotens.JPG','1280','1920',''),(1918,617,'item','jakotenss.JPG','1920','1280',''),(1925,713,'item','ZaitunHikmahOilL.jpg','1408','768',''),(1928,484,'item','KapsulAkarAlang-alangP.jpg','677','768',''),(1931,484,'item','KapsulAkarAlang-alangL(2).jpg','1408','768',''),(1932,484,'item','kapsulakaralangalang.JPG','1536','2304',''),(1933,484,'item','kapsulakaralanngalang.JPG','2304','1536',''),(1934,496,'item','XanPlusMuricataL.jpg','1408','768',''),(1935,496,'item','IMG_0881.JPG','2304','1536',''),(1936,496,'item','IMG_0880.JPG','2304','1536',''),(1939,609,'item','WhiteGreenCoffeeP.jpg','677','768',''),(1940,572,'item','KapsulAngkak(berasmerah)P.jpg','677','768',''),(1941,572,'item','KapsulAngkak(berasmerah)L.jpg','1408','768',''),(1942,572,'item','kapsulangkak.JPG','1280','1920',''),(1943,572,'item','kapsulangkakk.JPG','1920','1280',''),(1944,497,'item','IMG_0882.JPG','2304','1536',''),(1945,481,'item','VitaGojiGojiBerryP.jpg','677','768',''),(1946,481,'item','IMG_0853(1).JPG','2304','1536',''),(1947,481,'item','VitaGojiGojiBerryL.jpg','1408','768',''),(1948,481,'item','IMG_0854(1).JPG','2304','1536',''),(1949,619,'item','VitabuminP.jpg','677','768',''),(1950,619,'item','IMG_1174(2).JPG','1920','1280',''),(1951,619,'item','IMG_1173(2).JPG','1920','1280',''),(1952,619,'item','VitabuminL.jpg','1408','768',''),(1953,580,'item','VinegarP.jpg','677','768',''),(1954,580,'item','VinegarL.jpg','1408','768',''),(1955,580,'item','IMG_1200(1).JPG','1920','1280',''),(1956,580,'item','IMG_1201(1).JPG','1920','1280',''),(1957,722,'item','KapsulBinahongP.jpg','677','768',''),(1958,722,'item','KapsulBinahongL.jpg','1408','768',''),(1959,486,'item','KapsulDaunUnguP.jpg','677','768',''),(1960,486,'item','KapsulDaunUnguL.jpg','1408','768',''),(1961,486,'item','KapsulDaunUngu.JPG','1536','2304',''),(1962,486,'item','KapsulDaunUnguu.JPG','2304','1536',''),(1963,592,'item','KapsulIkangabusP.jpg','677','768',''),(1964,723,'item','TeaDeMP.jpg','677','768',''),(1965,723,'item','TeaDeML.jpg','1408','768',''),(1966,592,'item','KapsulIkangabusL.jpg','1408','768',''),(1967,592,'item','kapsulikangabuss.JPG','1536','2304',''),(1968,592,'item','kapsulikangabus.JPG','2304','1536',''),(1969,480,'item','kapsulJaticinaP.jpg','677','768',''),(1970,480,'item','kapsulJaticinaL.jpg','1408','768',''),(1971,513,'item','TCKumisKucing,KenconoSariP.jpg','677','768',''),(1972,513,'item','TCKumisKucing,KenconoSariL.jpg','1408','768',''),(1973,513,'item','IMG_1130.JPG','1920','1280',''),(1974,598,'item','TCKulitManggisP.jpg','677','768',''),(1975,598,'item','TCKulitManggisL.jpg','1408','768',''),(1976,598,'item','IMG_1128(1).JPG','1920','1280',''),(1977,724,'item','KapsulKunirPutihP.jpg','677','768',''),(1978,724,'item','KapsulKunirPutihL.jpg','1408','768',''),(1979,536,'item','TCDaunsirsakKenconosariL.jpg','1408','768',''),(1980,536,'item','IMG_1166.JPG','1920','1280',''),(1983,527,'item','SqualeneL.jpg','1408','768',''),(1984,527,'item','IMG_1152.JPG','1920','1280',''),(1985,527,'item','IMG_1151.JPG','1920','1280',''),(1986,527,'item','SqualeneP.jpg','677','768',''),(1987,476,'item','KapsulMengkuduP.jpg','677','768',''),(1988,476,'item','KapsulMengkuduL.jpg','1408','768',''),(1989,476,'item','kapsulmengkudu.JPG','1536','2304',''),(1990,476,'item','kapsulmengkuduu.JPG','2304','1536',''),(1991,607,'item','IMG-20180202-WA0005(1).jpg','1025','653',''),(1992,607,'item','IMG-20180202-WA0006(1).jpg','863','1280',''),(1993,607,'item','SozoFormulaManggataP.jpg','677','768',''),(1994,607,'item','SozoFormulaManggataL.jpg','1408','768',''),(1995,593,'item','SoyamaP.jpg','677','768',''),(1996,593,'item','IMG_0889(2).JPG','2304','1536',''),(1997,593,'item','SoyamaL.jpg','1408','768',''),(1998,726,'item','SargimexP.jpg','677','768',''),(1999,726,'item','SargimexL.jpg','1408','768',''),(2001,610,'item','SahGreencoffeeExtractP.jpg','677','768',''),(2004,590,'item','KapsulTapakLimanP.jpg','677','768',''),(2005,590,'item','KapsulTapakLimanL.jpg','1408','768',''),(2006,590,'item','KapsulTapakLimann.JPG','1536','2304',''),(2007,590,'item','KapsulTapakLiman.JPG','2304','1536',''),(2008,493,'item','MinyakHabbasyiL(1).jpg','1408','768',''),(2009,493,'item','IMG_0876(1).JPG','2304','1536',''),(2010,610,'item','SahGreencoffeeExtractL(1).jpg','1408','768',''),(2011,610,'item','IMG_1197(1).JPG','1920','1280',''),(2012,610,'item','IMG_1198(1).JPG','1920','1280',''),(2013,612,'item','Red-Max\'sP.jpg','677','768',''),(2014,612,'item','Red-Max\'sL.jpg','1408','768',''),(2015,612,'item','IMG_1202(1).JPG','1920','1280',''),(2016,591,'item','KapsulTemuPutihP.jpg','677','768',''),(2018,591,'item','KapsulTemuPutihL.jpg','1408','768',''),(2019,477,'item','KapsulTemulawakP.jpg','677','768',''),(2020,477,'item','KapsulTemulawakL.jpg','1408','768',''),(2023,605,'item','LemonHoneyP.jpg','677','768',''),(2024,605,'item','LemonHoneyL.jpg','1408','768',''),(2025,605,'item','LemonHoney.JPG','1920','1280',''),(2026,622,'item','Macol(MaduColesterol)P.jpg','677','768',''),(2027,622,'item','Macol(MaduColesterol)L.jpg','1408','768',''),(2028,622,'item','Macol.JPG','1920','1280',''),(2030,728,'item','PropolisDiamondliteP.jpg','677','768',''),(2031,728,'item','PropolisDiamondliteL.jpg','1408','768',''),(2032,729,'item','PropolisDiamondP.jpg','677','768',''),(2033,729,'item','PropolisDiamondL.jpg','1408','768',''),(2034,613,'item','ProlacPlusP.jpg','677','768',''),(2035,613,'item','ProlacPlusL.jpg','1408','768',''),(2036,613,'item','IMG_1207(2).JPG','1920','1280',''),(2037,613,'item','IMG_1208(2).JPG','1920','1280',''),(2038,730,'item','ProbetP.jpg','677','768',''),(2039,730,'item','ProbetL.jpg','1408','768',''),(2040,526,'item','ProLovemilP.jpg','677','768',''),(2041,526,'item','ProLovemilL.jpg','1408','768',''),(2042,526,'item','IMG_1149(2).JPG','1920','1280',''),(2043,526,'item','IMG_1150(2).JPG','1920','1280',''),(2044,485,'item','OsteoPlusP.jpg','677','768',''),(2045,485,'item','IMG_0861(1).JPG','2304','1536',''),(2046,485,'item','OsteoPlusL.jpg','1408','768',''),(2047,485,'item','IMG_0862(1).JPG','2304','1536',''),(2048,731,'item','OslimP.jpg','677','768',''),(2049,731,'item','OslimL.jpg','1408','768',''),(2050,733,'item','MaduALMahiraP.jpg','677','768',''),(2051,733,'item','MaduALMahiraL.jpg','1408','768',''),(2052,482,'item','NuromaagP.jpg','677','768',''),(2053,482,'item','NuromaagL.jpg','1408','768',''),(2054,482,'item','IMG_0855(1).JPG','2304','1536',''),(2055,482,'item','IMG_0856(1).JPG','2304','1536',''),(2056,487,'item','NurkolesP.jpg','677','768',''),(2057,487,'item','IMG_0865(1).JPG','2304','1536',''),(2058,487,'item','NurkolesL.jpg','1408','768',''),(2059,487,'item','IMG_0866(1).JPG','2304','1536',''),(2060,565,'item','MaduHitamPahitP.jpg','677','768',''),(2061,565,'item','MaduHitamPahitL.jpg','1408','768',''),(2062,734,'item','NabilaBreastCareP.jpg','677','768',''),(2063,734,'item','NabilaBreastCareL.jpg','1408','768',''),(2066,609,'item','WhiteGreenCoffeeL.jpg','1408','768',''),(2067,736,'item','MiracleFreshP.jpg','677','768',''),(2068,736,'item','MiracleFreshL.jpg','1408','768',''),(2069,529,'item','MinyakBidaraP.jpg','677','768',''),(2070,529,'item','MinyakBidaraL.jpg','1408','768',''),(2071,529,'item','IMG_1155(1).JPG','1920','1280',''),(2072,582,'item','Habbat\'s(100kapsul)P.jpg','677','768',''),(2074,582,'item','Habbat\'s(100kapsul)L.jpg','1408','768',''),(2075,737,'item','MilkumaP.jpg','677','768',''),(2076,737,'item','MilkumaL.jpg','1408','768',''),(2077,594,'item','ManjaKaniP.jpg','677','768',''),(2078,594,'item','IMG_0891.JPG','2304','1536',''),(2079,594,'item','IMG_0892.JPG','2304','1536',''),(2080,594,'item','ManjaKaniL.jpg','1408','768',''),(2084,608,'item','MaduarabiaArafahP.jpg','677','768',''),(2085,608,'item','MaduarabiaArafahL.jpg','1408','768',''),(2086,739,'item','MajakanzaP.jpg','677','768',''),(2087,739,'item','MajakanzaL.jpg','1408','768',''),(2088,569,'item','MadublackGarlicArafahP.jpg','677','768',''),(2089,569,'item','MadublackGarlicArafahL.jpg','1408','768',''),(2090,569,'item','MadublackGarlicArafah.JPG','1920','1280',''),(2091,520,'item','MaduGamatGoldP.jpg','677','768',''),(2092,520,'item','MaduGamatGoldL.jpg','1408','768',''),(2093,740,'item','MaduMerahPahitP.jpg','677','768',''),(2094,740,'item','MaduMerahPahitL.jpg','1408','768',''),(2095,599,'item','MaduKolesterolP.jpg','677','768',''),(2096,599,'item','MaduKolesterolL.jpg','1408','768',''),(2097,599,'item','IMG_1134.JPG','1920','1280',''),(2099,742,'item','MadukelancengHutanP.jpg','677','768',''),(2100,742,'item','MadukelancengHutanL.jpg','1408','768',''),(2101,563,'item','MaduinsulinP.jpg','677','768',''),(2102,563,'item','MaduinsulinL.jpg','1408','768',''),(2105,510,'item','GoldenTamrAjwaP.jpg','677','768',''),(2106,510,'item','GoldenTamrAjwaL.jpg','1408','768',''),(2107,525,'item','CofistaP.jpg','677','768',''),(2108,525,'item','CofistaL.jpg','1408','768',''),(2109,601,'item','KopiMedanSIdikalagP.jpg','677','768',''),(2110,601,'item','KopiMedanSIdikalagL.jpg','1408','768',''),(2112,581,'item','HabbasyahKapsullIsi100.jpg','677','768',''),(2113,483,'item','Abetens.jpg','677','768',''),(2114,0,'','','','',''),(2115,483,'item','Abetens.jpg','677','768',''),(2116,483,'item','AbetensP.jpg','677','768',''),(2117,483,'item','AbetensL(1).jpg','1408','768',''),(2118,483,'item','Abetens.jpg','677','768',''),(2119,483,'item','AbetensP.jpg','677','768',''),(2120,483,'item','AbetensL(1).jpg','1408','768',''),(2121,483,'item','Abetens.jpg','677','768',''),(2122,483,'item','Abetens.jpg','677','768',''),(2123,709,'item','1.jpg','1500','1500',''),(2124,0,'','','','',''),(2125,709,'item','bg_mgi.png','545','964',''),(2126,709,'item','email_icon.png','200','200',''),(2127,0,'','','','','ggg'),(2128,709,'item','1.jpg','1500','1500',''),(2129,709,'item','bg_mgi.png','545','964',''),(2137,0,'','','','',''),(2143,696,'item','ScreenShot2018-05-28at21.32.21.png','2560','1600','1'),(2144,696,'item','sc.png','2560','1600',''),(2145,696,'item','1919260_105246376154044_4390967_n.jpg','508','604',''),(2146,689,'item','1919260_105246376154044_4390967_n.jpg','508','604',''),(2147,689,'item','1919260_105246376154044_4390967_n.jpg','508','604',''),(2148,689,'item','225365_180913501920664_6986939_n.jpg','288','400',''),(2150,0,'','','','',''),(2152,131,'sub_category','top_10_hl.jpg','663','382',''),(2154,746,'item','30_finalis.jpg','670','335',''),(2155,747,'item','mgi_bali.jpg','800','500',''),(2156,748,'item','mgi_2018.jpg','700','393',''),(2157,755,'item','tem_square_congrats_grid_all.jpg','800','1350',''),(2158,756,'item','poster-KRITERIA-724x1024.jpg','724','1024',''),(2159,757,'item','FORMULIR-MGI_001.jpg','595','842',''),(2160,758,'item','ic_launcher.png','100','156',''),(2161,754,'item','1.EGGYACEH.jpg','1280','1280',''),(2232,803,'item','1.EGGYACEH(1).jpg','512','512',''),(2233,804,'item','02.AYUSADA-BALI.jpg','512','512',''),(2234,805,'item','03.KENYA-BABEL.jpg','512','512',''),(2235,806,'item','4BRENDABANTEN.jpg','512','512',''),(2236,807,'item','05.NADIA-BENGKULU.jpg','512','512',''),(2237,808,'item','06.CALLISTA-DIY.jpg','512','512',''),(2238,809,'item','07.STEPHANIE-JKT.jpg','512','512',''),(2239,810,'item','8.RISMAWATI-JAMBI.jpg','512','512',''),(2240,811,'item','9MENTARI-JABAR.jpg','512','512',''),(2241,812,'item','10.BUNGAJATENG.jpg','512','512',''),(2242,813,'item','11.Rizky-jatim.jpg','512','512',''),(2243,814,'item','12.VEGI-KALBAR.jpg','512','512',''),(2244,815,'item','13REFIANAKALSEL.jpg','512','512',''),(2245,816,'item','14.SUSAN-KALTENG.jpg','512','512',''),(2246,817,'item','15AMELKALTIM.jpg','512','512',''),(2247,818,'item','16GABRIELLEKALTAR.jpg','512','512',''),(2248,819,'item','17ARNETAKEPRI.jpg','512','512',''),(2249,820,'item','18.SEVIN-LAMPUNG.jpg','512','512',''),(2250,821,'item','19ANGELIKAMALUKU.jpg','512','512',''),(2251,822,'item','20MAYADIANNTB.jpg','512','512',''),(2252,823,'item','21DEBORAPAPUA.jpg','512','512',''),(2253,824,'item','22.RACHELPABAR.jpg','512','512',''),(2254,825,'item','23DIANARIAU.jpg','512','512',''),(2255,826,'item','24ANDINISULBAR.jpg','512','512',''),(2256,827,'item','25RAHMAYANISULSEL.jpg','512','512',''),(2257,828,'item','26LUPITASULTENG.jpg','512','512',''),(2258,829,'item','27.SABRINA-SULUT.jpg','512','512',''),(2259,830,'item','28NADASUMBAR.jpg','512','512',''),(2260,831,'item','29PUTRIAZIZAHSUMSEL.jpg','512','512',''),(2261,832,'item','30.VIVI-SUMUT.jpg','512','512',''),(2266,132,'sub_category','video_cover.jpg','800','600',''),(2337,936,'item','Webp.net-compress-image.jpg','1079','768',''),(2338,936,'item','Webp.net-compress-image(2).jpg','1152','768',''),(2339,936,'item','Webp.net-compress-image(1).jpg','1152','768',''),(2340,936,'item','Webp.net-compress-image(3).jpg','1152','768',''),(2341,936,'item','Webp.net-compress-image(4).jpg','1152','768',''),(2342,937,'item','JOK_6526copy.jpg','1152','768',''),(2343,937,'item','JOK_6527copy.jpg','1152','768',''),(2344,937,'item','Webp.net-compress-image(5).jpg','1152','768',''),(2345,937,'item','Webp.net-compress-image(6).jpg','1152','768',''),(2346,937,'item','Webp.net-compress-image(7).jpg','1152','768',''),(2347,938,'item','JOK_6528copy.jpg','1152','768',''),(2348,938,'item','JOK_6529copy.jpg','1152','768',''),(2349,938,'item','JOK_6530copy.jpg','1152','768',''),(2350,939,'item','product.png','628','530',''),(2351,940,'item','product(1).png','628','530',''),(2368,5,'shop','background2.jpeg','1251','171',''),(2369,956,'item','Plateberlubang.jpg','1023','767',''),(2370,957,'item','plateputih.jpg','600','450',''),(2371,958,'item','platestrip.jpg','430','300',''),(2372,959,'item','pipefiittingCross.jpg','342','359',''),(2373,960,'item','EqualTee.jpg','463','463',''),(2374,961,'item','ReducingTee.jpg','500','451',''),(2375,962,'item','firetubeboiler.jpg','1017','568',''),(2376,963,'item','stokerfireboiler.jpg','400','289',''),(2377,964,'item','watertubeboiler.jpg','500','500',''),(2378,965,'item','GATEVALVE.jpg','600','600',''),(2379,966,'item','globevalve.jpg','430','621',''),(2380,967,'item','ballvalve.jpg','700','700',''),(2381,968,'item','haydroturbin.jpg','447','252',''),(2382,969,'item','turbinangin.jpg','375','500',''),(2383,970,'item','turbingas.jpg','800','533',''),(2386,25,'feed','boiler-1-copy.jpg','251','201',''),(2387,26,'feed','crc.jpg','4000','3000',''),(2388,27,'feed','2(1).jpg','400','266',''),(2389,28,'feed','valve-manual.gif','300','300',''),(2390,29,'feed','valve.jpg','508','449',''),(2391,30,'feed','valve(1).jpg','508','449',''),(2392,957,'item','crc(1).jpg','4000','3000',''),(2393,957,'item','lipped-channel-01.jpg','1020','682',''),(2395,973,'item','pemasanganboiler.jpeg','1280','960',''),(2396,974,'item','perbaikanboiler.png','600','600',''),(2397,974,'item','perbaikanboiler2.png','600','600',''),(2398,973,'item','instalation2.jpg','1600','900',''),(2399,975,'item','design.jpg','1600','1118',''),(2400,975,'item','6.Perencanaantataletakpabrik_1.jpg','553','377',''),(2402,64,'category','profile-update.jpeg','720','1280',''),(2404,982,'item','SkyeBloom.png','500','500','test'),(2405,980,'item','SkyeBloom(1).png','500','500','wwwwwwwwwwwwwww'),(2406,709,'item','SkyeBloom(2).png','500','500',''),(2410,743,'item','btn.png','462','416','aaa'),(2416,741,'item','btn(2).png','462','416',''),(2426,0,'','','','',''),(2427,996,'item','btn(1).png','462','416',''),(2429,1008,'item','404.png','860','486','');
/*!40000 ALTER TABLE `mk_images` ENABLE KEYS */;
UNLOCK TABLES;

--
-- Table structure for table `mk_inquiries`
--

DROP TABLE IF EXISTS `mk_inquiries`;
/*!40101 SET @saved_cs_client     = @@character_set_client */;
/*!40101 SET character_set_client = utf8 */;
CREATE TABLE `mk_inquiries` (
  `id` int(11) NOT NULL AUTO_INCREMENT,
  `item_id` int(11) NOT NULL,
  `shop_id` int(11) NOT NULL,
  `name` varchar(255) NOT NULL,
  `email` varchar(255) NOT NULL,
  `message` text NOT NULL,
  `status` int(11) NOT NULL DEFAULT '1',
  `added` timestamp NOT NULL DEFAULT CURRENT_TIMESTAMP,
  `updated` timestamp NULL DEFAULT NULL,
  PRIMARY KEY (`id`) USING BTREE
) ENGINE=InnoDB AUTO_INCREMENT=47 DEFAULT CHARSET=utf8 ROW_FORMAT=DYNAMIC;
/*!40101 SET character_set_client = @saved_cs_client */;

--
-- Dumping data for table `mk_inquiries`
--

LOCK TABLES `mk_inquiries` WRITE;
/*!40000 ALTER TABLE `mk_inquiries` DISABLE KEYS */;
INSERT INTO `mk_inquiries` VALUES (1,1,1,'han','han@gmail.com','test inq',1,'2014-12-16 19:47:14',NULL),(2,1,1,'han','pphmit@gmail.com','inquiry submit from android',1,'2014-12-23 16:51:12',NULL),(3,25,1,'Jole','jole@gmail.com','volutpat nibh, nec pellentesque velit pede quis nunc. ',1,'2014-12-24 21:41:55',NULL),(4,37,1,'mike','mike@hotmail.com','inquiry submit from android tablet testing',1,'2014-12-24 22:56:28',NULL),(5,215,2,'carlos','carlos@yahoo.com','item inquiry testing from android phone',1,'2014-12-26 07:15:37',NULL),(6,153,2,'John','john@gmail.com','item inquiry submit from android tablet',1,'2014-12-26 09:26:56',NULL),(7,1,1,'Jack','jack@gmail.com','Lorem ipsum dolor sit amet,consectetuer adipiscing elit. Aenean commodo ligula eget dolor. Aenean massa. Cum sociis natoque penatibus et magnis dis parturient montes, nascetur ridiculus\r\nmus.',1,'2014-12-31 14:19:01',NULL),(8,2,1,'Larry','larry@gmail.com','Lorem ipsum dolor sit amet,consectetuer adipiscing elit. Aenean commodo ligula eget dolor. Aenean massa. Cum sociis natoque penatibus et magnis dis parturient montes, nascetur ridiculus\r\nmus.',1,'2014-12-31 14:19:01',NULL),(9,212,2,'Cole','cole@gmail.com','Lorem ipsum dolor sit amet, consectetuer adipiscing elit. Aenean commodo ligula eget dolor. Aenean massa. Cum sociis natoque penatibus et magnis dis parturient montes, nascetur ridiculus mus. Donec quam felis, ultricies nec, pellentesque eu, pretium quis, sem.',1,'2015-01-01 20:49:58',NULL),(10,213,2,'Kent','kent@gmail.com','Lorem ipsum dolor sit amet, consectetuer adipiscing elit. Aenean commodo ligula eget dolor. Aenean massa. Cum sociis natoque penatibus et magnis dis parturient montes, nascetur ridiculus mus. Donec quam felis, ultricies nec, pellentesque eu, pretium quis, sem.',1,'2015-01-01 20:50:30',NULL),(11,173,2,'Ruben','ruben@gmail.com','Lorem ipsum dolor sit amet, consectetuer adipiscing elit. Aenean commodo ligula eget dolor. Aenean massa. Cum sociis natoque penatibus et magnis dis parturient montes, nascetur ridiculus mus. Donec quam felis, ultricies nec, pellentesque eu, pretium quis, sem.',1,'2015-01-01 20:51:19',NULL),(12,228,3,'Nicole','nicole@gmail.com','Aenean posuere, tortor sed cursus feugiat, nunc augue blandit nunc, eu sollicitudin urna dolor\rsagittis lacus. ',1,'2015-01-01 20:55:30',NULL),(13,229,3,'Juliet','juliet@hotmail.com','Aenean posuere, tortor sed cursus feugiat, nunc augue blandit nunc, eu sollicitudin urna dolor\rsagittis lacus. ',1,'2015-01-01 20:56:08',NULL),(14,233,3,'Gio','giolet@yahoo.com','Aenean posuere, tortor sed cursus feugiat, nunc augue blandit nunc, eu sollicitudin urna dolor\rsagittis lacus. ',1,'2015-01-01 20:56:43',NULL),(15,239,3,'Kent','kent@gmail.com','Aenean posuere, tortor sed cursus feugiat, nunc augue blandit nunc, eu sollicitudin urna dolor\rsagittis lacus. ',1,'2015-01-01 20:57:20',NULL),(16,244,3,'John','john@gmail.com','Aenean posuere, tortor sed cursus feugiat, nunc augue blandit nunc, eu sollicitudin urna dolor\rsagittis lacus. ',1,'2015-01-01 20:57:57',NULL),(17,356,4,'Jaz','jac@hotmail.com','Aenean posuere, tortor sed cursus feugiat, nunc augue blandit nunc, eu sollicitudin urna dolor\rsagittis lacus. ',1,'2015-01-01 21:01:22',NULL),(18,357,4,'bill','bill@yahoo.com','Aenean posuere, tortor sed cursus feugiat, nunc augue blandit nunc, eu sollicitudin urna dolor\rsagittis lacus. ',1,'2015-01-01 21:02:05',NULL),(19,362,4,'carol','carol@gmail.com','Aenean posuere, tortor sed cursus feugiat, nunc augue blandit nunc, eu sollicitudin urna dolor\rsagittis lacus. ',1,'2015-01-01 21:02:41',NULL),(20,365,4,'mike','mike@gmail.com','Aenean posuere, tortor sed cursus feugiat, nunc augue blandit nunc, eu sollicitudin urna dolor\rsagittis lacus. ',1,'2015-01-01 21:03:24',NULL),(21,366,4,'janu','janu@gmail.com','Aenean posuere, tortor sed cursus feugiat, nunc augue blandit nunc, eu sollicitudin urna dolor\rsagittis lacus. ',1,'2015-01-01 21:04:03',NULL),(22,173,2,'Mike','mike@gmail.com','Lorem ipsum dolor sit amet, consectetuer adipiscing elit. Aenean commodo ligula eget dolor. Aenean massa. Cum sociis natoque penatibus et magnis dis parturient montes, nascetur ridiculus mus. Donec quam felis, ultricies nec, pellentesque eu, pretium quis, sem.',1,'2015-01-02 14:44:43',NULL),(23,117,1,'Jack','jack@gmail.com','Lorem ipsum dolor sit amet, consectetuer adipiscing elit. Aenean commodo ligula eget dolor.',1,'2015-01-02 15:55:09',NULL),(24,348,4,'Ronal','ronal@hotmail.com','Aenean posuere, tortor sed cursus feugiat, nunc augue blandit nunc, eu sollicitudin urna dolor\rsagittis lacus. ',1,'2015-01-02 17:32:22',NULL),(25,371,4,'joe','joe@hotmail.com','item inquiry testing from android tablet',1,'2015-01-02 19:34:40',NULL),(26,386,4,'hany','hany@yahoo.com','Aenean posuere, tortor sed cursus feugiat, nunc augue blandit nunc, eu sollicitudin urna dolor\rsagittis lacus. ',1,'2015-01-02 19:36:46',NULL),(27,423,3,'han','han@hotmail.com','Lorem ipsum dolor sit amet, consectetuer adipiscing elit. Aenean commodo ligula eget dolor.',1,'2015-01-02 20:00:40',NULL),(28,419,3,'mike','mike@hotmail.com','Lorem ipsum dolor sit amet, consectetuer adipiscing elit. Aenean commodo ligula eget dolor.',1,'2015-01-02 20:23:22',NULL),(29,1,1,'grant','grant@gmail.com','can i get discount?',1,'2016-07-24 10:50:07',NULL),(39,1,1,'error','ps@gmail.com','trans outside',1,'2016-08-10 18:19:00',NULL),(40,1,1,'error','ps@gmail.com','trans outside',1,'2016-08-10 18:21:18',NULL),(41,1,1,'error','ps@gmail.com','trans outside',1,'2016-08-10 18:36:33',NULL),(42,1,1,'error','ps@gmail.com','trans outside',1,'2016-08-10 20:10:44',NULL),(43,463,3,'gray','gray@gmail.com','Got discount?',1,'2016-08-13 22:40:24',NULL),(44,4,1,'Han','han@gmail.com','I want to know office hour?',1,'2016-08-15 17:22:32',NULL),(45,464,1,'han','han@gmail.com','can i know shop address?',1,'2016-08-15 18:37:25',NULL),(46,495,1,'novi','novita@saktimobile.com','test.',1,'2017-12-13 10:38:51',NULL);
/*!40000 ALTER TABLE `mk_inquiries` ENABLE KEYS */;
UNLOCK TABLES;

--
-- Table structure for table `mk_items`
--

DROP TABLE IF EXISTS `mk_items`;
/*!40101 SET @saved_cs_client     = @@character_set_client */;
/*!40101 SET character_set_client = utf8 */;
CREATE TABLE `mk_items` (
  `id` int(11) NOT NULL AUTO_INCREMENT,
  `cat_id` int(11) NOT NULL,
  `sub_cat_id` int(11) DEFAULT NULL,
  `shop_id` int(11) DEFAULT NULL,
  `stock` int(11) DEFAULT NULL,
  `qr_code` text NOT NULL,
  `url` text NOT NULL,
  `discount_type_id` int(11) DEFAULT NULL,
  `name` varchar(255) NOT NULL,
  `description` text NOT NULL,
  `unit_price` float DEFAULT NULL,
  `search_tag` text,
  `is_published` int(11) NOT NULL DEFAULT '0',
  `added` timestamp NOT NULL DEFAULT CURRENT_TIMESTAMP,
  `updated` timestamp NULL DEFAULT NULL,
  PRIMARY KEY (`id`) USING BTREE
) ENGINE=InnoDB AUTO_INCREMENT=1013 DEFAULT CHARSET=utf8 ROW_FORMAT=DYNAMIC;
/*!40101 SET character_set_client = @saved_cs_client */;

--
-- Dumping data for table `mk_items`
--

LOCK TABLES `mk_items` WRITE;
/*!40000 ALTER TABLE `mk_items` DISABLE KEYS */;
INSERT INTO `mk_items` VALUES (994,1,0,1,0,'','',0,'Eve Bazar','',0,'',1,'2020-02-12 08:13:36',NULL),(995,2,0,1,0,'','https://www.youtube.com/watch?v=Soxg-TeB6w0&amp;list=PLrxtYLYGK7CFy5UcM8Kr--vJcI78Dirjx&amp;index=2',0,'Digi Hp','aa',0,'abc',1,'2020-02-12 08:16:08',NULL),(996,2,0,1,0,'','https://www.youtube.com/watch?v=Soxg-TeB6w0&amp;list=PLrxtYLYGK7CFy5UcM8Kr--vJcI78Dirjx&amp;index=2',0,'KPR','ada',0,'aa',1,'2020-02-12 08:28:16',NULL),(997,1,0,1,0,'997.png','https://www.youtube.com/watch?v=Soxg-TeB6w0&amp;list=PLrxtYLYGK7CFy5UcM8Kr--vJcI78Dirjx&amp;index=2',0,'Card credits','',0,'aa',1,'2020-02-12 08:46:29',NULL),(999,1,0,1,0,'999.png','https://www.youtube.com/watch?v=Soxg-TeB6w0&amp;list=PLrxtYLYGK7CFy5UcM8Kr--vJcI78Dirjx&amp;index=2',0,'GrandPrize','aadfaaf',0,'abc',0,'2020-02-12 09:00:13',NULL),(1000,1,0,1,NULL,'','-',NULL,'kfc event','a',NULL,'aa',1,'2020-03-12 08:49:09',NULL),(1001,2,NULL,1,NULL,'','-',NULL,'Umroh','aa',NULL,'abc',1,'2020-03-12 08:57:46',NULL),(1002,1,NULL,2,NULL,'','-',NULL,'PLN Listrik','Casback 10% loh...',NULL,'abc',1,'2020-03-13 04:07:55',NULL),(1003,1,NULL,2,NULL,'','-',NULL,'Token PLN','',NULL,'abc',1,'2020-03-13 04:08:08',NULL),(1004,1,NULL,2,NULL,'','-',NULL,'ATM Link','',NULL,'abc',1,'2020-03-13 04:08:43',NULL),(1005,1,NULL,2,NULL,'','-',NULL,'Informa','',NULL,'abc',1,'2020-03-13 04:09:11',NULL),(1007,1,NULL,2,NULL,'','-',NULL,'Ace','',NULL,'ace',1,'2020-03-13 04:09:48',NULL),(1008,2,NULL,2,NULL,'','-',NULL,'Test SIT 1','test SIT di STC',NULL,'abc',1,'2020-03-18 08:35:41',NULL),(1009,0,NULL,2,NULL,'','',NULL,'aa','',NULL,'',1,'2020-03-19 07:01:14',NULL),(1010,0,NULL,2,NULL,'','',NULL,'aa','',NULL,'',1,'2020-03-19 07:04:26',NULL),(1011,0,NULL,2,NULL,'','',NULL,'aa','',NULL,'',1,'2020-03-19 07:05:17',NULL),(1012,0,NULL,2,NULL,'','',NULL,'aa','',NULL,'',1,'2020-03-19 07:10:36',NULL);
/*!40000 ALTER TABLE `mk_items` ENABLE KEYS */;
UNLOCK TABLES;

--
-- Table structure for table `mk_items_attributes_detail`
--

DROP TABLE IF EXISTS `mk_items_attributes_detail`;
/*!40101 SET @saved_cs_client     = @@character_set_client */;
/*!40101 SET character_set_client = utf8 */;
CREATE TABLE `mk_items_attributes_detail` (
  `id` int(11) NOT NULL AUTO_INCREMENT,
  `shop_id` int(11) NOT NULL,
  `header_id` int(11) NOT NULL,
  `item_id` int(11) NOT NULL,
  `name` varchar(255) NOT NULL,
  `additional_price` float NOT NULL,
  `added` timestamp NOT NULL DEFAULT CURRENT_TIMESTAMP,
  PRIMARY KEY (`id`) USING BTREE
) ENGINE=InnoDB AUTO_INCREMENT=37 DEFAULT CHARSET=utf8 ROW_FORMAT=DYNAMIC;
/*!40101 SET character_set_client = @saved_cs_client */;

--
-- Dumping data for table `mk_items_attributes_detail`
--

LOCK TABLES `mk_items_attributes_detail` WRITE;
/*!40000 ALTER TABLE `mk_items_attributes_detail` DISABLE KEYS */;
INSERT INTO `mk_items_attributes_detail` VALUES (1,1,1,1,'White',0,'2015-01-25 19:14:12'),(2,1,1,1,'Black',0,'2015-01-25 19:16:31'),(3,1,2,28,'Red',0,'2015-01-25 19:16:37'),(4,1,2,28,'Green',0,'2015-01-25 19:16:43'),(5,1,2,28,'Yellow',0,'2015-01-25 19:16:50'),(6,1,3,123,'White',0,'2015-01-25 19:17:15'),(7,1,3,123,'Black',0,'2015-01-25 19:17:20'),(8,1,4,120,'4 MB',0,'2015-01-25 19:17:29'),(9,1,4,120,'8 MB',0,'2015-01-25 19:17:34'),(10,1,5,120,'White',0,'2015-01-25 19:17:41'),(11,1,5,120,'Black',0,'2015-01-25 19:17:46'),(12,1,6,108,'Red',0,'2015-01-25 19:17:53'),(13,1,6,108,'Black',0,'2015-01-25 19:17:59'),(14,1,6,108,'White',0,'2015-01-25 19:18:05'),(15,1,7,1,'1 M',10,'2016-05-30 09:43:27'),(16,1,7,1,'2 M',15,'2016-05-30 09:43:32'),(17,1,7,1,'3 M',20,'2016-05-30 09:43:39'),(19,1,7,1,'4 M',30,'2016-07-25 20:45:55'),(26,1,10,464,'Gray',0,'2016-08-15 19:14:28'),(27,1,10,464,'Black',0,'2016-08-15 19:14:38'),(28,1,10,464,'White',0,'2016-08-15 19:14:46'),(29,1,11,465,'8GB',100,'2016-08-15 19:15:59'),(30,1,11,465,'16GB',200,'2016-08-15 19:16:11'),(31,1,11,465,'32GB',300,'2016-08-15 19:16:22'),(32,5,16,957,'10 m',0,'2018-09-03 08:03:27'),(33,5,17,957,'20 m',0,'2018-09-03 08:30:41'),(34,5,18,957,'Red',0,'2018-09-10 04:42:20'),(35,5,18,957,'Green',0,'2018-09-10 04:42:30'),(36,5,18,957,'Blue',0,'2018-09-10 04:42:37');
/*!40000 ALTER TABLE `mk_items_attributes_detail` ENABLE KEYS */;
UNLOCK TABLES;

--
-- Table structure for table `mk_items_attributes_header`
--

DROP TABLE IF EXISTS `mk_items_attributes_header`;
/*!40101 SET @saved_cs_client     = @@character_set_client */;
/*!40101 SET character_set_client = utf8 */;
CREATE TABLE `mk_items_attributes_header` (
  `id` int(11) NOT NULL AUTO_INCREMENT,
  `item_id` int(11) NOT NULL,
  `shop_id` int(11) NOT NULL,
  `name` varchar(255) NOT NULL,
  `added` timestamp NOT NULL DEFAULT CURRENT_TIMESTAMP,
  PRIMARY KEY (`id`) USING BTREE
) ENGINE=InnoDB AUTO_INCREMENT=19 DEFAULT CHARSET=utf8 ROW_FORMAT=DYNAMIC;
/*!40101 SET character_set_client = @saved_cs_client */;

--
-- Dumping data for table `mk_items_attributes_header`
--

LOCK TABLES `mk_items_attributes_header` WRITE;
/*!40000 ALTER TABLE `mk_items_attributes_header` DISABLE KEYS */;
INSERT INTO `mk_items_attributes_header` VALUES (1,1,1,'Colors','2015-01-25 18:29:23'),(2,28,1,'Colors','2015-01-25 19:09:43'),(3,123,1,'Colors','2015-01-25 19:10:05'),(4,120,1,'Sizes','2015-01-25 19:10:22'),(5,120,1,'Colors','2015-01-25 19:13:10'),(6,108,1,'Colors','2015-01-25 19:13:44'),(7,1,1,'Length','2016-05-30 09:43:16'),(10,464,1,'Colors','2016-08-15 19:14:15'),(11,465,1,'Memory','2016-08-15 19:15:42'),(16,957,5,'long','2018-09-03 08:03:02'),(17,957,5,'width','2018-09-03 08:30:28'),(18,957,5,'Color','2018-09-10 04:42:05');
/*!40000 ALTER TABLE `mk_items_attributes_header` ENABLE KEYS */;
UNLOCK TABLES;

--
-- Table structure for table `mk_likes`
--

DROP TABLE IF EXISTS `mk_likes`;
/*!40101 SET @saved_cs_client     = @@character_set_client */;
/*!40101 SET character_set_client = utf8 */;
CREATE TABLE `mk_likes` (
  `id` int(11) NOT NULL AUTO_INCREMENT,
  `item_id` int(11) NOT NULL,
  `appuser_id` int(11) NOT NULL,
  `shop_id` int(11) NOT NULL,
  `added` timestamp NOT NULL DEFAULT CURRENT_TIMESTAMP,
  PRIMARY KEY (`id`) USING BTREE
) ENGINE=InnoDB AUTO_INCREMENT=56 DEFAULT CHARSET=utf8 ROW_FORMAT=DYNAMIC;
/*!40101 SET character_set_client = @saved_cs_client */;

--
-- Dumping data for table `mk_likes`
--

LOCK TABLES `mk_likes` WRITE;
/*!40000 ALTER TABLE `mk_likes` DISABLE KEYS */;
INSERT INTO `mk_likes` VALUES (1,1,1,1,'2014-12-18 16:05:24'),(3,18,1,1,'2014-12-24 21:38:09'),(4,37,1,1,'2014-12-24 22:50:47'),(7,27,1,1,'2014-12-26 22:07:03'),(13,8,1,1,'2015-01-02 00:02:13'),(18,117,1,1,'2015-01-02 15:55:16'),(19,91,1,1,'2015-01-02 15:56:29'),(41,2,1,1,'2016-07-25 06:58:32'),(42,6,1,1,'2016-08-12 21:17:24'),(43,28,1,1,'2016-08-13 18:41:53'),(44,9,1,1,'2016-08-13 21:16:49'),(46,4,1,1,'2016-08-15 17:21:26'),(47,464,1,1,'2016-08-15 18:36:49'),(49,75,1,1,'2016-10-23 19:44:41'),(50,495,10,1,'2017-12-13 10:37:39'),(52,495,17,1,'2017-12-27 07:29:46'),(53,562,10,1,'2018-01-10 03:54:09'),(54,604,10,1,'2018-01-10 03:56:28'),(55,495,21,1,'2018-01-10 04:03:38');
/*!40000 ALTER TABLE `mk_likes` ENABLE KEYS */;
UNLOCK TABLES;

--
-- Table structure for table `mk_notification_contents`
--

DROP TABLE IF EXISTS `mk_notification_contents`;
/*!40101 SET @saved_cs_client     = @@character_set_client */;
/*!40101 SET character_set_client = utf8 */;
CREATE TABLE `mk_notification_contents` (
  `id` int(11) NOT NULL AUTO_INCREMENT,
  `notification_id` varchar(255) DEFAULT NULL,
  `title` varchar(255) DEFAULT NULL,
  `body` varchar(255) DEFAULT NULL,
  `link` text,
  `created_date` datetime DEFAULT NULL ON UPDATE CURRENT_TIMESTAMP,
  `total_target_user` int(11) DEFAULT NULL,
  `reach_user` int(11) DEFAULT NULL,
  PRIMARY KEY (`id`)
) ENGINE=InnoDB AUTO_INCREMENT=7 DEFAULT CHARSET=latin1;
/*!40101 SET character_set_client = @saved_cs_client */;

--
-- Dumping data for table `mk_notification_contents`
--

LOCK TABLES `mk_notification_contents` WRITE;
/*!40000 ALTER TABLE `mk_notification_contents` DISABLE KEYS */;
INSERT INTO `mk_notification_contents` VALUES (1,'btn_ar_5e60aedc535d3','Judul','Isi','https://www.btn.co.id/','2020-03-10 15:11:32',1,1),(2,'btn_ar_5e60af6754513','Bayi Gajah','Bayi gajah ini anaknya haji naim','https://www.btn.co.id/','2020-03-10 15:11:26',1,0),(3,'btn_ar_5e60bc96d2d7f','Jumlah user Active :','Jumlah user Sign Out :','https://www.btn.co.id/','2020-03-10 15:11:24',1,0),(4,'btn_ar_5e60be689dd33','Satu','Isi notifikasi:','https://www.vectorstock.com/royalty-free-vectors/blue-and-yellow-background-vectors','2020-03-17 13:16:14',1,2),(5,'btn_ar_5e60be7f75a23','Dua','Isi notifikasi:','','2020-03-18 13:56:46',1,18),(6,'btn_ar_5e61f4cf509b6','Judul','isi hari ini','https://www.btn.co.id/','2020-03-06 00:00:00',2,0);
/*!40000 ALTER TABLE `mk_notification_contents` ENABLE KEYS */;
UNLOCK TABLES;

--
-- Table structure for table `mk_notification_historys`
--

DROP TABLE IF EXISTS `mk_notification_historys`;
/*!40101 SET @saved_cs_client     = @@character_set_client */;
/*!40101 SET character_set_client = utf8 */;
CREATE TABLE `mk_notification_historys` (
  `id` int(11) NOT NULL AUTO_INCREMENT,
  `notification_id` varchar(255) NOT NULL,
  `appuser_id` int(11) DEFAULT NULL,
  `access_date` datetime DEFAULT NULL ON UPDATE CURRENT_TIMESTAMP,
  `is_read` tinyint(1) DEFAULT '0',
  PRIMARY KEY (`id`)
) ENGINE=InnoDB AUTO_INCREMENT=56 DEFAULT CHARSET=latin1;
/*!40101 SET character_set_client = @saved_cs_client */;

--
-- Dumping data for table `mk_notification_historys`
--

LOCK TABLES `mk_notification_historys` WRITE;
/*!40000 ALTER TABLE `mk_notification_historys` DISABLE KEYS */;
INSERT INTO `mk_notification_historys` VALUES (7,'btn_ar_5e60be7f75a23',2,'2020-03-13 13:54:28',1),(8,'btn_ar_5e60be689dd33',1,'2020-03-10 16:52:47',1),(9,'btn_ar_5e60be7f75a23',1,'2020-03-16 17:02:34',1),(10,'btn_ar_5e6b2e8158150',2,NULL,0),(11,'btn_ar_5e6b2e8158150',320,NULL,0),(12,'btn_ar_5e6b2e8158150',1,NULL,0),(13,'btn_ar_5e6b2effafbb7',2,NULL,0),(14,'btn_ar_5e6b2effafbb7',320,NULL,0),(15,'btn_ar_5e6b2effafbb7',1,NULL,0),(16,'btn_ar_5e6b2fcbd52d0',2,NULL,0),(17,'btn_ar_5e6b2fcbd52d0',320,NULL,0),(18,'btn_ar_5e6b2fcbd52d0',1,NULL,0),(19,'btn_ar_5e6b305120f1e',2,NULL,0),(20,'btn_ar_5e6b305120f1e',320,NULL,0),(21,'btn_ar_5e6b305120f1e',1,NULL,0),(22,'btn_ar_5e6b311d69001',2,NULL,0),(23,'btn_ar_5e6b311d69001',320,NULL,0),(24,'btn_ar_5e6b311d69001',1,NULL,0),(25,'btn_ar_5e6b313c03935',2,NULL,0),(26,'btn_ar_5e6b313c03935',320,NULL,0),(27,'btn_ar_5e6b313c03935',1,NULL,0),(28,'btn_ar_5e6b317c81dbd',2,'2020-03-13 14:09:03',1),(29,'btn_ar_5e6b317c81dbd',320,NULL,0),(30,'btn_ar_5e6b317c81dbd',1,NULL,0),(31,'btn_ar_5e6b329c8c41e',2,'2020-03-13 14:13:52',1),(32,'btn_ar_5e6b329c8c41e',320,NULL,0),(33,'btn_ar_5e6b329c8c41e',1,NULL,0),(34,'btn_ar_5e6b32df8aac8',2,'2020-03-13 14:14:59',1),(35,'btn_ar_5e6b32df8aac8',320,NULL,0),(36,'btn_ar_5e6b32df8aac8',1,NULL,0),(37,'btn_ar_5e6b3308aaa50',2,'2020-03-13 14:15:44',1),(38,'btn_ar_5e6b3308aaa50',320,NULL,0),(39,'btn_ar_5e6b3308aaa50',1,NULL,0),(40,'btn_ar_5e71e26ea1bf1',376,NULL,0),(41,'btn_ar_5e71e26ea1bf1',1,NULL,0),(42,'btn_ar_5e71e26ea1bf1',2,NULL,0),(43,'btn_ar_5e71e26ea1bf1',320,NULL,0),(44,'btn_ar_5e71e26ea1bf1',268,NULL,0),(45,'btn_ar_5e71e2bd8d6ef',376,NULL,0),(46,'btn_ar_5e71e2bd8d6ef',1,NULL,0),(47,'btn_ar_5e71e2bd8d6ef',2,NULL,0),(48,'btn_ar_5e71e2bd8d6ef',320,NULL,0),(49,'btn_ar_5e71e2bd8d6ef',268,NULL,0),(50,'btn_ar_5e71e363b43c2',376,NULL,0),(51,'btn_ar_5e71e363b43c2',0,'2020-03-18 16:13:23',1),(52,'btn_ar_5e71e363b43c2',2,NULL,0),(53,'btn_ar_5e71e363b43c2',320,NULL,0),(54,'btn_ar_5e71e363b43c2',268,NULL,0),(55,'btn_ar_5e71e363b43c2',1,NULL,0);
/*!40000 ALTER TABLE `mk_notification_historys` ENABLE KEYS */;
UNLOCK TABLES;

--
-- Table structure for table `mk_poins`
--

DROP TABLE IF EXISTS `mk_poins`;
/*!40101 SET @saved_cs_client     = @@character_set_client */;
/*!40101 SET character_set_client = utf8 */;
CREATE TABLE `mk_poins` (
  `id` int(11) NOT NULL AUTO_INCREMENT,
  `appuser_id` int(11) NOT NULL,
  `item_id` varchar(255) NOT NULL,
  `poin` int(11) NOT NULL,
  `added` timestamp NOT NULL DEFAULT CURRENT_TIMESTAMP,
  PRIMARY KEY (`id`)
) ENGINE=InnoDB AUTO_INCREMENT=17 DEFAULT CHARSET=latin1;
/*!40101 SET character_set_client = @saved_cs_client */;

--
-- Dumping data for table `mk_poins`
--

LOCK TABLES `mk_poins` WRITE;
/*!40000 ALTER TABLE `mk_poins` DISABLE KEYS */;
INSERT INTO `mk_poins` VALUES (13,1,'btn2',30,'2020-03-11 04:41:00'),(14,0,'btn2',10,'2020-03-12 03:21:06'),(15,2,'btn2',10,'2020-03-13 06:46:15'),(16,3,'btn2',10,'2020-03-13 06:48:59');
/*!40000 ALTER TABLE `mk_poins` ENABLE KEYS */;
UNLOCK TABLES;

--
-- Table structure for table `mk_ratings`
--

DROP TABLE IF EXISTS `mk_ratings`;
/*!40101 SET @saved_cs_client     = @@character_set_client */;
/*!40101 SET character_set_client = utf8 */;
CREATE TABLE `mk_ratings` (
  `id` int(11) NOT NULL AUTO_INCREMENT,
  `shop_id` int(11) NOT NULL,
  `appuser_id` int(11) NOT NULL,
  `item_id` int(11) NOT NULL,
  `rating` float NOT NULL,
  `added` timestamp NOT NULL DEFAULT CURRENT_TIMESTAMP,
  PRIMARY KEY (`id`) USING BTREE
) ENGINE=InnoDB AUTO_INCREMENT=77 DEFAULT CHARSET=utf8 ROW_FORMAT=DYNAMIC;
/*!40101 SET character_set_client = @saved_cs_client */;

--
-- Dumping data for table `mk_ratings`
--

LOCK TABLES `mk_ratings` WRITE;
/*!40000 ALTER TABLE `mk_ratings` DISABLE KEYS */;
INSERT INTO `mk_ratings` VALUES (1,1,8,516,4,'2014-12-17 14:09:41'),(2,1,1,25,3,'2014-12-24 21:42:39'),(3,1,1,66,5,'2014-12-24 22:11:25'),(4,2,1,215,4,'2014-12-26 07:13:52'),(5,2,1,153,5,'2014-12-26 09:24:11'),(6,1,1,36,3,'2014-12-26 18:45:18'),(7,3,1,229,4,'2014-12-30 14:46:22'),(8,1,2,1,5,'2015-01-01 21:53:13'),(9,1,1,8,4,'2015-01-02 00:02:08'),(10,2,1,173,3,'2015-01-02 14:44:49'),(11,2,1,204,4,'2015-01-02 15:35:54'),(12,2,1,194,4,'2015-01-02 15:37:11'),(13,2,1,175,4,'2015-01-02 15:41:51'),(14,1,1,91,4,'2015-01-02 15:56:27'),(15,3,1,297,5,'2015-01-02 16:31:56'),(16,3,1,290,5,'2015-01-02 16:35:35'),(17,3,1,303,4,'2015-01-02 16:42:37'),(18,4,1,370,4,'2015-01-02 16:53:00'),(19,4,1,400,4,'2015-01-02 16:58:08'),(20,4,1,356,5,'2015-01-02 17:10:43'),(21,4,1,385,4,'2015-01-02 17:15:19'),(22,4,1,392,5,'2015-01-02 17:21:47'),(23,4,1,359,4,'2015-01-02 17:28:24'),(24,4,1,348,4,'2015-01-02 17:32:02'),(25,4,1,373,5,'2015-01-02 17:36:51'),(26,4,1,376,5,'2015-01-02 17:47:41'),(27,4,1,357,4,'2015-01-02 19:25:19'),(28,4,1,371,4,'2015-01-02 19:34:45'),(29,4,1,386,4,'2015-01-02 19:35:55'),(30,4,1,389,4,'2015-01-02 19:39:28'),(31,4,1,384,4,'2015-01-02 19:40:57'),(32,3,1,423,5,'2015-01-02 20:00:09'),(33,3,1,240,4,'2015-01-02 20:07:34'),(34,3,1,419,5,'2015-01-02 20:22:57'),(35,1,1,2,3,'2016-06-10 17:55:35'),(36,1,1,3,1,'2016-06-10 17:59:50'),(37,1,1,4,2,'2016-06-10 18:42:37'),(38,1,1,5,3,'2016-06-10 18:46:24'),(39,1,1,1,4,'2016-08-05 19:03:22'),(40,1,1,1,2,'2016-08-05 19:12:45'),(41,1,1,1,5,'2016-08-05 19:13:00'),(42,1,1,1,2,'2016-08-05 19:23:47'),(43,1,1,1,2,'2016-08-05 19:40:54'),(44,1,1,1,5,'2016-08-05 19:41:12'),(45,1,1,1,3,'2016-08-05 19:45:55'),(46,1,1,1,5,'2016-08-05 19:46:39'),(47,1,1,1,5,'2016-08-05 19:46:52'),(48,1,1,1,5,'2016-08-05 19:49:43'),(49,1,1,1,3,'2016-08-05 19:51:20'),(50,1,1,1,4,'2016-08-05 19:52:42'),(51,1,1,1,4,'2016-08-05 20:09:03'),(52,1,1,35,4,'2016-08-12 21:38:59'),(53,1,1,28,4,'2016-08-13 18:42:40'),(54,1,1,9,4,'2016-08-13 21:17:20'),(55,3,1,463,3,'2016-08-13 22:40:44'),(56,1,1,4,3,'2016-08-15 17:22:47'),(57,1,1,464,4,'2016-08-15 18:37:32'),(58,1,8,514,5,'2017-11-27 09:02:23'),(59,1,8,534,5,'2017-12-04 08:27:40'),(60,1,10,495,5,'2017-12-13 10:13:13'),(61,1,10,495,4,'2017-12-13 10:13:15'),(62,1,10,495,5,'2017-12-13 10:13:16'),(63,1,10,495,5,'2017-12-13 10:18:41'),(64,1,10,562,5,'2017-12-13 10:22:33'),(65,1,10,495,5,'2017-12-13 10:37:49'),(66,1,8,516,3,'2017-12-27 19:57:13'),(67,1,8,516,5,'2017-12-27 20:50:48'),(68,1,8,516,5,'2017-12-27 20:51:36'),(69,1,8,516,5,'2017-12-27 20:55:22'),(70,1,8,516,5,'2017-12-27 20:58:33'),(71,1,8,516,4,'2017-12-27 21:03:10'),(72,1,8,516,4,'2017-12-27 21:04:41'),(73,1,8,516,4,'2017-12-27 21:05:37'),(74,1,10,604,5,'2018-01-10 03:56:23'),(75,1,21,495,5,'2018-01-10 04:02:12'),(76,1,26,495,5,'2018-01-15 08:38:04');
/*!40000 ALTER TABLE `mk_ratings` ENABLE KEYS */;
UNLOCK TABLES;

--
-- Table structure for table `mk_reviews`
--

DROP TABLE IF EXISTS `mk_reviews`;
/*!40101 SET @saved_cs_client     = @@character_set_client */;
/*!40101 SET character_set_client = utf8 */;
CREATE TABLE `mk_reviews` (
  `id` int(11) NOT NULL AUTO_INCREMENT,
  `item_id` int(11) NOT NULL,
  `appuser_id` int(11) NOT NULL,
  `shop_id` int(11) NOT NULL,
  `review` text NOT NULL,
  `status` tinyint(1) NOT NULL DEFAULT '1',
  `added` timestamp NOT NULL DEFAULT CURRENT_TIMESTAMP,
  PRIMARY KEY (`id`) USING BTREE
) ENGINE=InnoDB AUTO_INCREMENT=245 DEFAULT CHARSET=utf8 ROW_FORMAT=DYNAMIC;
/*!40101 SET character_set_client = @saved_cs_client */;

--
-- Dumping data for table `mk_reviews`
--

LOCK TABLES `mk_reviews` WRITE;
/*!40000 ALTER TABLE `mk_reviews` DISABLE KEYS */;
INSERT INTO `mk_reviews` VALUES (4,18,1,1,'volutpat nibh, nec pellentesque velit pede quis nunc. volutpat nibh, nec pellentesque velit pede quis nunc. ',1,'2014-12-24 21:40:14'),(5,37,1,1,'review submit from android tablet testing. It is very cool.',1,'2014-12-24 22:52:32'),(8,27,1,1,'item review submit.',1,'2014-12-26 22:07:27'),(9,116,1,1,'Lorem ipsum dolor sit amet, consectetuer adipiscing elit. Aenean commodo ligula eget dolor. Aenean massa. Cum sociis natoque penatibus et magnis dis parturient montes, nascetur ridiculus mus. Donec quam felis, ultricies nec, pellentesque eu, pretium quis, sem.',1,'2015-01-01 14:46:25'),(10,119,1,1,'Lorem ipsum dolor sit amet, consectetuer adipiscing elit. Aenean commodo ligula eget dolor. Aenean massa. Cum sociis natoque penatibus et magnis dis parturient montes, nascetur ridiculus mus. Donec quam felis, ultricies nec, pellentesque eu, pretium quis, sem.',1,'2015-01-01 14:46:37'),(11,118,1,1,'Lorem ipsum dolor sit amet, consectetuer adipiscing elit. Aenean commodo ligula eget dolor. Aenean massa. Cum sociis natoque penatibus et magnis dis parturient montes, nascetur ridiculus mus. Donec quam felis, ultricies nec, pellentesque eu, pretium quis, sem.',1,'2015-01-01 14:46:49'),(15,8,1,1,'Lorem ipsum dolor sit amet,consectetuer adipiscing elit. Aenean commodo ligula eget dolor.',1,'2015-01-02 00:03:00'),(18,117,1,1,'Lorem ipsum dolor sit amet, consectetuer adipiscing elit. Aenean commodo ligula eget dolor.',1,'2015-01-02 15:55:30'),(37,1,1,1,'how about delivery service?',1,'2016-07-24 09:36:06'),(47,1,1,1,'how about office hour?',1,'2016-07-24 10:22:41'),(48,1,1,1,'price is really cheap.',1,'2016-07-24 10:26:10'),(49,2,1,1,'How about office hour?',1,'2016-08-12 21:16:59'),(50,28,1,1,'How is office address?',1,'2016-08-13 18:42:28'),(51,9,1,1,'How is delivery?',1,'2016-08-13 21:17:12'),(53,4,1,1,'how about delivery service?',1,'2016-08-15 17:21:54'),(54,464,1,1,'can get discount?',1,'2016-08-15 18:37:02'),(55,75,1,1,'it is really nice',1,'2016-10-23 19:44:58'),(56,1,8,1,'tai lo',1,'2017-11-22 10:22:17'),(57,534,8,1,'test',1,'2017-12-04 08:27:46'),(58,495,10,1,'test',1,'2017-12-13 10:38:03'),(59,562,8,1,'test',1,'2017-12-27 10:55:26'),(60,562,8,1,'',1,'2017-12-27 11:18:28'),(61,562,8,1,'test 1',1,'2017-12-27 11:20:09'),(62,562,8,1,'test 1',1,'2017-12-27 11:20:32'),(63,562,8,1,'test 2',1,'2017-12-27 11:24:17'),(64,562,8,1,'test 222',1,'2017-12-27 11:24:56'),(65,562,8,1,'test 222',1,'2017-12-27 11:27:21'),(66,562,8,1,'test 222',1,'2017-12-27 11:27:27'),(67,562,8,1,'test 222',1,'2017-12-27 11:28:59'),(68,562,8,1,'test 222',1,'2017-12-27 11:31:48'),(69,562,8,1,'test lagi',1,'2017-12-27 11:32:07'),(70,562,8,1,'test lagi',1,'2017-12-27 11:32:23'),(71,562,8,1,'',1,'2017-12-27 11:33:30'),(72,562,8,1,'',1,'2017-12-27 11:34:02'),(73,562,8,1,'tess 3',1,'2017-12-27 11:35:10'),(74,516,8,1,'test 44',1,'2017-12-27 11:36:06'),(75,516,8,1,'tests kdld;;lfv',1,'2017-12-27 11:37:53'),(76,516,8,1,'ddgg',1,'2017-12-27 11:39:26'),(77,516,8,1,'stata',1,'2017-12-27 11:40:06'),(78,516,8,1,'',1,'2017-12-27 20:51:19'),(79,516,8,1,'',1,'2017-12-27 20:55:09'),(80,516,8,1,'test',1,'2017-12-27 21:05:32'),(81,516,8,1,'',1,'2017-12-27 21:18:20'),(82,516,8,1,'test 9',1,'2017-12-27 21:18:50'),(83,604,10,1,'',1,'2018-01-10 03:56:47'),(84,495,26,1,'test',1,'2018-01-15 08:39:27'),(85,516,8,1,'',1,'2018-04-30 06:06:59'),(86,562,8,1,'test',1,'2018-05-29 12:56:53'),(87,516,8,1,'',1,'2018-05-29 12:57:43'),(88,562,8,1,'test',1,'2018-07-19 08:02:23'),(89,516,8,1,'',1,'2018-08-07 10:55:11'),(90,516,8,1,'',1,'2018-08-08 03:57:54'),(91,562,8,1,'test',1,'2018-08-11 17:07:21'),(92,562,8,1,'test',1,'2018-08-14 10:11:43'),(93,562,8,1,'test',1,'2018-08-18 04:32:10'),(94,516,8,1,'',1,'2018-08-30 09:09:52'),(95,130,8,1,'',1,'2018-08-30 09:13:17'),(96,130,8,5,'',1,'2018-08-30 09:13:53'),(97,956,8,5,'test',1,'2018-08-30 09:50:03'),(98,956,8,5,'test',1,'2018-08-30 10:11:27'),(99,957,260,5,'test bro ya',1,'2018-08-30 10:21:21'),(100,957,260,5,'test bro ya',1,'2018-08-30 10:21:31'),(101,957,260,5,'test bro ya',1,'2018-08-30 10:22:25'),(102,957,260,5,'test bro ya',1,'2018-08-30 10:30:33'),(103,130,260,5,'',1,'2018-08-30 10:32:35'),(104,957,260,5,'',1,'2018-08-30 10:33:10'),(105,957,260,5,'test',1,'2018-08-30 10:35:18'),(106,957,260,5,'test bro ya',1,'2018-08-31 02:58:24'),(107,516,260,5,'',1,'2018-08-31 03:29:25'),(108,516,260,5,'',1,'2018-08-31 03:29:34'),(109,260,260,5,'test',1,'2018-08-31 03:32:09'),(110,957,260,5,'test ya',1,'2018-08-31 03:34:41'),(111,957,130,5,'test ya',1,'2018-08-31 03:35:04'),(112,957,260,5,'test bro ya',1,'2018-08-31 03:42:12'),(113,957,260,5,'test bro ya',1,'2018-08-31 03:42:18'),(114,957,260,5,'test bro ya',1,'2018-08-31 04:10:34'),(115,957,260,5,'test bro ya',1,'2018-08-31 06:13:55'),(116,957,260,5,'test bro ya',1,'2018-08-31 08:06:53'),(117,562,8,1,'test',1,'2018-09-04 05:46:52'),(118,957,260,5,'sadsf',1,'2018-09-04 08:05:08'),(119,957,260,5,'sadsf',1,'2018-09-04 08:05:09'),(120,957,260,5,'sadsf',1,'2018-09-04 08:05:29'),(121,957,260,5,'dfsd',1,'2018-09-04 08:05:47'),(122,957,260,5,'getg',1,'2018-09-05 04:03:46'),(123,957,260,5,'wgtg',1,'2018-09-05 04:03:59'),(124,957,260,5,'wefrf',1,'2018-09-05 04:07:08'),(125,957,260,5,'e32r',1,'2018-09-05 04:08:38'),(126,957,260,5,'e32r',1,'2018-09-05 04:08:39'),(127,957,260,5,'e32r',1,'2018-09-05 04:08:41'),(128,957,260,5,'tretr',1,'2018-09-05 04:09:04'),(129,957,260,5,'tretr',1,'2018-09-05 04:14:57'),(130,957,260,5,'jg\n',1,'2018-09-05 04:31:47'),(131,960,260,5,'4tre',1,'2018-09-05 04:34:57'),(132,958,260,5,'awe',1,'2018-09-05 08:10:33'),(133,958,260,5,'',1,'2018-09-05 08:10:47'),(134,958,260,5,'eq',1,'2018-09-05 08:11:04'),(135,956,260,5,'ewrw',1,'2018-09-05 08:11:52'),(136,961,260,5,'test test jjj',1,'2018-09-05 08:13:05'),(137,969,260,5,'test',1,'2018-09-05 08:14:53'),(138,969,260,5,'test',1,'2018-09-05 08:14:55'),(139,969,260,5,'dffsre',1,'2018-09-05 08:18:22'),(140,969,260,5,'wrer',1,'2018-09-05 08:18:52'),(141,960,260,5,'bagus nih productnya',1,'2018-09-05 08:20:41'),(142,960,260,5,'',1,'2018-09-05 08:20:59'),(143,960,260,5,'tese',1,'2018-09-05 08:22:21'),(144,960,260,5,'eq',1,'2018-09-05 08:40:06'),(145,958,260,5,'efdasf',1,'2018-09-05 08:40:49'),(146,957,260,5,'test',1,'2018-09-06 07:39:18'),(147,957,260,5,'sad',1,'2018-09-06 07:44:02'),(148,957,260,5,'',1,'2018-09-06 07:58:35'),(149,957,260,5,'test',1,'2018-09-12 05:16:29'),(150,957,260,5,'test',1,'2018-09-12 05:16:47'),(151,957,260,5,'ded',1,'2018-09-12 06:18:22'),(152,957,260,5,'dedfwe',1,'2018-09-12 06:18:27'),(153,957,260,5,'dwqe',1,'2018-09-12 06:18:42'),(154,957,260,5,'dwqe',1,'2018-09-12 06:19:04'),(155,957,260,5,'dwqe',1,'2018-09-12 06:19:14'),(156,957,260,5,'qere',1,'2018-09-12 06:19:54'),(157,957,260,5,'',1,'2018-09-12 06:25:34'),(158,957,260,5,'erer',1,'2018-09-12 06:25:38'),(159,957,260,5,'dfsd',1,'2018-09-12 06:43:04'),(160,957,260,5,'test',1,'2018-09-12 06:43:19'),(161,957,260,5,'test',1,'2018-09-12 06:43:23'),(162,958,260,5,'test',1,'2018-09-12 07:18:59'),(163,958,260,5,'test2',1,'2018-09-12 07:19:17'),(164,958,260,5,'tesyt lagi',1,'2018-09-12 07:20:20'),(165,958,260,5,'test xxx',1,'2018-09-12 07:23:04'),(166,958,260,5,'text',1,'2018-09-12 07:24:28'),(167,958,260,5,'test',1,'2018-09-12 07:28:38'),(168,958,260,5,'',1,'2018-09-12 07:37:28'),(169,958,260,5,'test',1,'2018-09-12 07:37:39'),(170,958,260,5,'boneng',1,'2018-09-12 07:40:30'),(171,958,260,5,'test xxx',1,'2018-09-12 10:07:32'),(172,958,260,5,'text',1,'2018-09-12 10:10:17'),(173,958,260,5,'text',1,'2018-09-12 10:59:55'),(174,956,260,5,'test',1,'2018-09-12 11:07:48'),(175,956,260,5,'test',1,'2018-09-12 11:08:17'),(176,956,260,5,'test',1,'2018-09-12 11:08:29'),(177,958,260,5,'test',1,'2018-09-12 17:19:30'),(178,958,260,5,'test',1,'2018-09-12 17:32:39'),(179,958,260,5,'test',1,'2018-09-12 17:36:33'),(180,967,260,5,'test',1,'2018-09-13 10:24:42'),(181,967,260,5,'test',1,'2018-09-13 10:43:38'),(182,967,260,5,'test',1,'2018-09-13 10:51:15'),(183,959,260,5,'test',1,'2018-09-13 10:53:10'),(184,967,260,5,'test',1,'2018-09-13 11:30:42'),(185,967,260,5,'test test',1,'2018-09-13 11:30:52'),(186,967,260,5,'',1,'2018-09-13 11:32:43'),(187,967,260,5,'tr',1,'2018-09-13 11:33:01'),(188,967,260,5,'trt',1,'2018-09-13 11:33:08'),(189,967,260,5,'test',1,'2018-09-13 11:34:59'),(190,961,260,5,'test',1,'2018-09-14 03:41:06'),(191,961,260,5,'test',1,'2018-09-14 03:41:21'),(192,961,260,5,'test',1,'2018-09-14 03:42:50'),(193,961,260,5,'d',1,'2018-09-14 03:49:37'),(194,958,260,5,'test',1,'2018-09-14 03:52:31'),(195,958,260,5,'test',1,'2018-09-14 03:57:54'),(196,958,260,5,'test',1,'2018-09-14 04:09:36'),(197,958,260,5,'test',1,'2018-09-14 04:21:21'),(198,958,260,5,'test',1,'2018-09-16 17:25:26'),(199,958,260,5,'text',1,'2018-09-17 02:40:49'),(200,958,260,5,'text',1,'2018-09-17 02:40:56'),(201,958,260,5,'test berhasil',1,'2018-09-17 02:46:35'),(202,958,260,5,'test berhasil',1,'2018-09-17 02:47:40'),(203,958,260,5,'test berhasil y',1,'2018-09-17 02:47:52'),(204,958,260,5,'test',1,'2018-09-17 02:48:32'),(205,958,260,5,'test ber',1,'2018-09-17 02:53:04'),(206,958,260,5,'',1,'2018-09-19 05:09:43'),(207,958,260,5,'ljdlkjjlkds',1,'2018-09-19 05:11:32'),(208,958,260,5,'cfgsdg',1,'2018-09-19 05:11:54'),(209,964,260,5,'test',1,'2018-09-19 05:14:05'),(210,961,260,5,'jjhj',1,'2018-09-19 05:21:04'),(211,964,260,5,'test',1,'2018-09-19 05:28:18'),(212,960,260,5,'f',1,'2018-09-19 05:37:26'),(213,969,260,5,'tet',1,'2018-09-19 05:53:26'),(214,964,260,5,'n,,,,',1,'2018-09-19 05:58:57'),(215,963,260,5,'test ini adalah test ya',1,'2018-09-19 06:04:33'),(216,963,260,5,'',1,'2018-09-19 06:07:10'),(217,963,260,5,'ytyyfyf',1,'2018-09-19 06:07:17'),(218,963,260,5,'lkjlkljjk',1,'2018-09-19 06:07:38'),(219,963,260,5,'lkjlkljjk',1,'2018-09-19 06:07:48'),(220,963,260,5,'lkjlkljjk',1,'2018-09-19 06:07:51'),(221,963,260,5,'lkjlkljjk',1,'2018-09-19 06:07:53'),(222,963,260,5,'lkjlkljjk',1,'2018-09-19 06:07:56'),(223,963,260,5,'dadadad',1,'2018-09-19 06:12:25'),(224,963,260,5,'dadadadsfsdf',1,'2018-09-19 06:12:33'),(225,963,260,5,'dadadadsfsdf',1,'2018-09-19 06:12:35'),(226,963,260,5,'dadadadsfsdf',1,'2018-09-19 06:12:59'),(227,963,260,5,'sffs',1,'2018-09-19 06:13:13'),(228,963,260,5,'sffs',1,'2018-09-19 06:13:15'),(229,963,260,5,'cscs',1,'2018-09-19 06:31:42'),(230,963,260,5,'ada',1,'2018-09-19 06:45:33'),(231,963,260,5,'test',1,'2018-09-19 06:57:34'),(232,963,260,5,'tea',1,'2018-09-19 06:59:04'),(233,962,260,5,'test',1,'2018-09-19 08:34:23'),(234,962,260,5,'rt',1,'2018-09-19 08:34:37'),(235,962,260,5,'',1,'2018-09-19 08:36:09'),(236,963,260,5,'fssd',1,'2018-09-19 08:48:29'),(237,963,260,5,'zd',1,'2018-09-19 08:49:43'),(238,964,260,5,'ere',1,'2018-09-19 09:14:09'),(239,964,260,5,'dad',1,'2018-09-19 09:18:24'),(240,958,260,5,'dssf',1,'2018-09-19 10:07:05'),(241,958,260,5,'aasd',1,'2018-09-19 10:11:29'),(242,958,260,5,'',1,'2018-09-19 10:11:29'),(243,956,260,5,'ewewr',1,'2018-09-19 11:16:00'),(244,562,8,1,'',1,'2020-01-21 03:27:37');
/*!40000 ALTER TABLE `mk_reviews` ENABLE KEYS */;
UNLOCK TABLES;

--
-- Table structure for table `mk_shop_followers`
--

DROP TABLE IF EXISTS `mk_shop_followers`;
/*!40101 SET @saved_cs_client     = @@character_set_client */;
/*!40101 SET character_set_client = utf8 */;
CREATE TABLE `mk_shop_followers` (
  `id` int(11) NOT NULL AUTO_INCREMENT,
  `appuser_id` int(11) NOT NULL,
  `shop_id` int(11) NOT NULL,
  `added` timestamp NOT NULL DEFAULT CURRENT_TIMESTAMP,
  PRIMARY KEY (`id`) USING BTREE
) ENGINE=InnoDB DEFAULT CHARSET=utf8 ROW_FORMAT=DYNAMIC;
/*!40101 SET character_set_client = @saved_cs_client */;

--
-- Dumping data for table `mk_shop_followers`
--

LOCK TABLES `mk_shop_followers` WRITE;
/*!40000 ALTER TABLE `mk_shop_followers` DISABLE KEYS */;
/*!40000 ALTER TABLE `mk_shop_followers` ENABLE KEYS */;
UNLOCK TABLES;

--
-- Table structure for table `mk_shops`
--

DROP TABLE IF EXISTS `mk_shops`;
/*!40101 SET @saved_cs_client     = @@character_set_client */;
/*!40101 SET character_set_client = utf8 */;
CREATE TABLE `mk_shops` (
  `id` int(11) NOT NULL AUTO_INCREMENT,
  `name` varchar(255) NOT NULL,
  `description` text NOT NULL,
  `phone` text NOT NULL,
  `email` varchar(255) NOT NULL,
  `address` text NOT NULL,
  `coordinate` text NOT NULL,
  `lat` float(10,6) NOT NULL,
  `lng` float(10,6) NOT NULL,
  `paypal_email` varchar(255) NOT NULL,
  `paypal_environment` varchar(255) NOT NULL,
  `paypal_appid_live` varchar(255) NOT NULL,
  `paypal_merchantname` varchar(255) NOT NULL,
  `paypal_customerid` varchar(255) NOT NULL,
  `paypal_ipnurl` varchar(255) NOT NULL,
  `paypal_memo` varchar(255) NOT NULL,
  `bank_account` varchar(255) NOT NULL,
  `bank_name` varchar(255) NOT NULL,
  `bank_code` varchar(50) NOT NULL,
  `branch_code` varchar(50) NOT NULL,
  `swift_code` varchar(50) NOT NULL,
  `cod_email` varchar(50) NOT NULL,
  `stripe_publishable_key` varchar(255) NOT NULL,
  `stripe_secret_key` varchar(255) NOT NULL,
  `currency_symbol` varchar(255) NOT NULL,
  `currency_short_form` varchar(255) NOT NULL,
  `sender_email` varchar(50) NOT NULL,
  `added` timestamp NOT NULL DEFAULT CURRENT_TIMESTAMP,
  `status` tinyint(1) NOT NULL DEFAULT '1',
  `paypal_enabled` tinyint(1) NOT NULL,
  `stripe_enabled` tinyint(1) NOT NULL,
  `cod_enabled` tinyint(1) NOT NULL,
  `banktransfer_enabled` tinyint(1) NOT NULL,
  `tos` text NOT NULL,
  `privacy` text NOT NULL,
  `facebook` varchar(256) NOT NULL,
  `twitter` varchar(256) NOT NULL,
  `instagram` varchar(256) NOT NULL,
  `faq` text NOT NULL,
  PRIMARY KEY (`id`) USING BTREE
) ENGINE=InnoDB AUTO_INCREMENT=6 DEFAULT CHARSET=utf8 ROW_FORMAT=DYNAMIC;
/*!40101 SET character_set_client = @saved_cs_client */;

--
-- Dumping data for table `mk_shops`
--

LOCK TABLES `mk_shops` WRITE;
/*!40000 ALTER TABLE `mk_shops` DISABLE KEYS */;
INSERT INTO `mk_shops` VALUES (1,'Herbal Kita','Kami Herbal kita sebagai Produsen/Suplayer Obat-obatan herbal alami, yang berpedoman kepada Thibun Nabawi. Untuk memenuhi kebutuhan konsumen di seluruh Nusantara, kami menyediakan berbagai macam herbal alami. Kami membuka jalur pendistribusian ke seluruh Nusantara, Impor Kurma, Zaitun dan Habatussauda. Kami juga melayani pembelian secara grosir maupun eceran. Bila ada kritik dan saran yang membangun silahkan hubungi kami.','+6221 2298 5611','support@herbalkita.com','Jl. Utan Kayu Raya No.40, RT.5/RW.5, Utan Kayu Utara, Matraman, Kota Jakarta Timur, Daerah Khusus Ibukota Jakarta 13120.','',-6.250127,106.573395,'pphmit@gmail.com','Paypal.PAYPAL_ENV_NONE','APP-9WE41553SD3116512','Mokets','MoketsCustomer','http://www.panacea-soft.com','Payment for items order from Mokets Shop','0123456','BCA','001','002','003','herbalkita40@gmail.com','pk_test_RjJFXdLkbesQpjm6T2xPddmp','sk_test_lxHim6W6aJAjb4jjAtfviY0t','Rp','IDR','herbalkita40@gmail.com','2014-12-10 09:23:31',1,1,0,1,1,'Ketentuan Penggunaan\nIkhtisar\nKami adalah PT. HERBAL KITA INDONESIA dan kami memiliki dan mengoperasikan situs web ini (&quot;Situs&quot;) di herbalkita.net. Dalam Situs ini, istilah-istilah &quot;kami&quot; dan &ldquo;kita&rdquo; mengacu pada herbalkita.net . Herbal kita menawarkan situs web ini, termasuk, tidak terbatas, aplikasi dan setiap layanan terkait termasuk notifikasi, surat elektronik (secara bersama-sama disebut &ldquo;Layanan&rdquo;) dan setiap informasi, data atau konten atau materi lainnya yang muncul atau yang dibuat dapat diakses pada atau melalui Layanan (secara bersama-sama disebut &ldquo;Konten&rdquo;) dari Situs ini kepada Anda, pengguna, yang tergantung pada persetujuan Anda atas seluruh syarat, ketentuan, kebijakan dan pemberitahuan yang disebutkan dalam Ketentuan Penggunaan ini.\nAnda adalah perorangan atau badan yang mengakses Situs dan menggunakan Layanan untuk melakukan pemesanan dan pembelian atas Produk yang ditawarkan dan disediakan oleh Pedagang Terdaftar.\nPedagang Terdaftar adalah pihak ketiga yang bekerja sama dengan herbalkita untuk melakukan penyediaan atas Produk yang ditawarkan pada Situs kami.\nProduk adalah barang yang ditawarkan dan ditampilkan oleh Pedagang Terdaftar di Situs.\nCheckout adalah konfirmasi Anda melalui Situs ketika Anda telah selesai melakukan pemesanan dan proses pembayaran.\nDengan mengunjungi Situs kami, mendaftarkan akun pada kami, memberikan kepada kami data-data mengenai Anda yang termasuk namun tidak terbatas pada alamat email, pembelian sesuatu melalui Layanan kami dan/atau penggunaan Layanan kami maka Anda setuju untuk terikat oleh syarat-syarat dan ketentuan berikut (&ldquo;Ketentuan Penggunaan&rdquo;, &ldquo;Ketentuan&rdquo;), termasuk syarat-syarat dan ketentuan-ketentuan tambahan tersebut yang dijadikan acuan dalam Ketentuan Penggunaan ini dan/atau yang tersedia dengan pranala (hyperlink). Ketentuan Penggunaan ini berlaku atas semua pengguna Situs, termasuk tidak terbatas pada para pengguna yang merupakan pengunjung baru, vendor, pelanggan, pedagang dan/atau kontributor konten.\nMohon baca Ketentuan Penggunaan ini dengan cermat sebelum mengakses atau menggunakan Situs kami. Dengan mengakses atau menggunakan setiap bagian dari Situs, Layanan dan/atau Konten, Anda setuju untuk terikat oleh Ketentuan Penggunaan ini. Ketentuan ini mengatur akses Anda dan menggunakan Layanan herbalkita. Jika Anda tidak setuju atas seluruh syarat dan ketentuan dalam Ketentuan Penggunaan ini maka Anda tidak dapat mengakses dan/atau menggunakan Situs, Layanan dan/atau Konten. Jika Ketentuan Penggunaan ini dianggap sebagai suatu penawaran, persetujuan secara tegas terbatas pada Ketentuan Penggunaan ini.\nSetiap fitur atau perangkat (tools) baru yang ditambahkan pada toko yang terdaftar pada Situs kami juga tunduk pada Ketentuan Penggunaan. Anda dapat melihat versi terbaru dari Ketentuan Penggunaan pada setiap saat di laman ini. Kami berhak, dengan diskresi sepihak kami, untuk memperbarui, mengubah atau mengganti setiap bagian dari Ketentuan Penggunaan ini dengan menayangkan pembaruan dan/atau perubahan pada Situs kami. Tanggung jawab mutlak Anda adalah untuk memeriksa perubahan atas Ketentuan Penggunaan ini secara berkala. Jika Anda tidak setuju atas perubahan Ketentuan Penggunaan, mohon untuk tidak mengakses Situs, Layanan dan/atau Konten kami. Keberlanjutan penggunaan atau akses Anda pada Situs, Layanan dan/atau Konten kami setelah penayangan perubahan Ketentuan Penggunaan merupakan persetujuan atas perubahan Ketentuan Penggunaan tersebut.\nLayanan kami diselenggarakan (hosted) oleh Layanan Web Amazon. Layanan Web Amazon menyediakan program perdagangan elektronik daring (online e-commerce platform) yang memungkinkan kami menyediakan Layanan kepada Anda. Anda menyetujui informasi pribadi Anda, termasuk Konten Pengguna Anda, dialihkan atau diproses oleh Layanan Web Amazon. Anda juga mengakui bahwa akses serta penggunaan Layanan dan Konten dapat tunduk pada hukum Indonesia dan hukum internasional yang berlaku atas Layanan Web Amazon, termasuk namun tidak terbatas pada Undang-Undang Republik Indonesia No. 11 Tahun 2008 tentang Informasi dan Transaksi Elektronik, Peraturan Pemerintah No. 82 Tahun 2012 tentang Penyelenggaraan Sistem dan Transaksi Elektronik, dan peraturan perundang-undangan yang berlaku lainnya dan Anda bertanggung jawab mutlak untuk memastikan bahwa akses atau penggunaan Anda atas Layanan dan Konten mematuhi peraturan perundang-undangan yang berlaku tersebut.\nKami tidak menjamin bahwa Konten pada Situs cocok atau tersedia untuk digunakan di luar Indonesia. Dilarang mengakses Situs dari wilayah di mana Konten pada Situs merupakan hal yang melanggar hukum atau tidak sah. Jika Anda memilih untuk mengakses Situs dari mana saja, Anda melakukan hal tersebut dengan inisiatif sendiri dan bertanggung jawab untuk mematuhi peraturan perundang-undangan setempat.\nPersyaratan Umum\nAnda menyatakan dan menjamin bahwa jika Anda mendaftar untuk Layanan sebagai perorangan, Anda sekurang-kurangnya berusia 21 tahun atau lebih, Anda sepenuhnya mampu dan cakap untuk menandatangani dan mematuhi Ketentuan ini, atau jika Anda berusia di bawah 21 tahun, Anda memiliki izin dari orang tua atau wali yang sah yang telah setuju untuk menanggung penuh kewajiban-kewajiban Anda berdasarkan Ketentuan ini seolah-olah kewajiban-kewajiban tersebut ditanggung oleh orang tua atau wali tersebut, dan jika Anda mendaftar untuk Layanan untuk dan atas nama sebuah badan, Anda disahkan untuk menandatangani dan mengikat badan tersebut dengan Ketentuan ini. Kami berhak, dengan diskresi sepihak dari kami, untuk menolak menawarkan Layanan kepada orang maupun badan dan untuk mengubah kriteria kelayakan kami pada setiap saat. Anda tidak dapat membuat atau menggunakan akun kami untuk orang maupun badan selain Anda sendiri kecuali jika Anda berwenang untuk melakukan hal tersebut untuk dan atas nama orang atau badan tersebut.\nAkses dan penggunaan Anda atas Layanan adalah diskresi dan risiko Anda sendiri dan Anda bertanggung jawab penuh untuk mengamankan dan menjaga kerahasiaan Akun Anda, sebagaimana dijelaskan di bawah ini, termasuk nama pengguna dan kata sandi Anda dan seluruh aktivitas Anda sehubungan dengan atau yang terjadi pada atau melalui Akun Anda, sebagaimana dijelaskan di bawah ini.\nAnda tidak boleh menggunakan produk-produk kami untuk tujuan yang melanggar hukum atau tidak sah demikian juga Anda tidak boleh, dalam penggunaan Layanan, melanggar peraturan perundang-undangan apa pun dalam yurisdiksi Anda (termasuk tetapi tidak terbatas pada Undang-Undang No. 28 Tahun 2014 tentang Hak Cipta).\nSaat menggunakan Situs, Anda tidak boleh mengirimkan termasuk namun tidak terbatas pada worm, virus dan/atau kode komputer yang bersifat merusak.\nPelanggaran atau penyimpangan setiap Ketentuan Penggunaan akan mengakibatkan penghentian segera atas Layanan tanpa rujukan selanjutnya kepada Anda.\nKami berhak, dengan diskresi sepihak kami, untuk menolak layanan kepada siapa pun dan dengan alasan apa pun pada setiap saat.\nAnda memahami bahwa konten Anda (tidak termasuk informasi kartu kredit), dapat dipindahkan dengan tanpa enkripsi dan melibatkan (a) pengiriman melalui beragam jaringan; dan (b) perubahan-perubahan untuk memenuhi dan menyesuaikan dengan persyaratan teknis dari jaringan atau perangkat penghubung. Mohon perhatikan bahwa informasi kartu kredit selalu dienkripsi selama pemindahan melalui jaringan.\nJudul-judul yang digunakan dalam Ketentuan Penggunaan ini dimasukkan hanya untuk kemudahan dan tidak akan membatasi atau mempengaruhi Ketentuan ini.\nKeakuratan, Kelengkapan dan Jadwal Informasi\nKami tidak bertanggung jawab atas keakuratan, kelengkapan atau kekinian informasi pada Situs ini. Materi pada Situs ini disediakan hanya untuk informasi umum dan tidak untuk dirujuk atau digunakan sebagai dasar tunggal untuk pengambilan keputusan tanpa dikonsultasikan dengan sumber informasi utama yang lebih akurat, lebih lengkap atau lebih awal. Setiap rujukan atas material pada Situs ini menjadi resiko Anda.\nSitus ini dapat memuat informasi historis tertentu. Informasi historis mungkin tidak terbaru dan disediakan hanya untuk rujukan Anda. Kami berhak untuk mengubah konten Situs ini pada setiap saat, tetapi kami tidak berkewajiban untuk memperbarui informasi apa pun pada Situs kami. Anda memahami bahwa Anda bertanggung jawab untuk memantau perubahan apa pun pada Situs kami.\nPerubahan atas Ketentuan Layanan dan Harga\nKami berhak, dengan diskresi sepihak kami dan pada setiap saat untuk mengubah harga-harga produk sesuai dengan permintaan dari Pedagang Terdaftar tanpa pemberitahuan selanjutnya kepada Anda.\nKami berhak, dengan diskresi sepihak kami dan pada setiap saat untuk mengubah atau menghentikan Layanan (atau setiap bagian atau konten dari Layanan tersebut) tanpa pemberitahuan selanjutnya kepada Anda.\nKami tidak bertanggung jawab kepada Anda atau kepada pihak ketiga atas setiap, termasuk tetapi tidak terbatas pada, perubahan, perubahan harga, penangguhan atau penghentian Layanan.\nInformasi Akun\nUntuk mengakses bagian tertentu dari Situs, Layanan dan/atau Konten, Anda akan diwajibkan mendaftar untuk sebuah akun pada herbalkita (&ldquo;Akun&rdquo;). Dalam melakukan hal tersebut, Anda akan diwajibkan memasukkan e-mail (&ldquo;ID Login&rdquo;) dan kata sandi (&ldquo;Kata Sandi&rdquo;) Anda.\nAnda bertanggung jawab mutlak untuk mengamankan dan menjaga kerahasiaan ID Login dan Kata Sandi Anda. Anda setuju untuk tidak:\nmemberikan atau mengizinkan orang lain untuk menggunakan Akun atau Kata Sandi Anda; atau\nmengalihkan atau memindahkan Akun Anda kepada orang atau badan lain.\nAnda terikat oleh dan bertanggung jawab atas semua komunikasi dan aktivitas daring (online) yang dikirimkan atau dilakukan selama penggunaan Akun Anda.\nherbalkita tidak bertanggung jawab atau berkewajiban atas setiap kerugian, kerusakan, biaya, pengeluaran atau tanggungan yang timbul sebagai akibat atau sehubungan dengan penggunaan yang salah atau curang atas Akun Anda. Jika Anda mengetahui mengenai penggunaan (-penggunaan) tidak resmi yang nyata atau dicurigai atas Akun Anda, kehilangan, pencurian atau pengungkapan yang tidak resmi atas Kata Sandi Anda, mohon segera beritahukan kami pada: support@herbalkita.net\nMasing-masing keluarga atau alamat pengiriman hanya boleh mendaftarkan satu (1) Akun. Beberapa Akun yang mendaftarkan alamat pengiriman yang sama dapat diperbolehkan dengan diskresi sepihak dari kami.\nMohon berikan informasi yang tepat, lengkap dan terbaru yang disyaratkan untuk Akun Anda. Anda dapat setiap saat mengubah atau memperbarui informasi Akun Anda dengan memperbarui informasi Anda pada Akun Saya (My Account).\nApabila alamat pengiriman terkait dengan beberapa Akun tanpa persetujuan tertulis dari kami, atau dideteksi atau dicurigai adanya penggunaan yang palsu atau tidak benar atas suatu Akun, kami berhak dengan diskresi sepihak kami, tanpa kewajiban, dan tanpa mengurangi hak-hak dan upaya hukum kami selanjutnya berdasarkan Ketentuan Penggunaan ini atau berdasarkan hukum, untuk segera :\nmembatalkan pesanan yang diajukan melalui Akun (-akun) tersebut;\nmembatalkan atau membuat tidak berlaku voucher, kupon atau kode kredit atau diskon yang diberikan kepada atau digunakan oleh Akun (-akun) tersebut;\nmelarang Akun (-akun) atau orang-orang tersebut untuk berpartisipasi dalam promosi, lomba atau survei herbalkita; dan/atau\nmenggabungkan, membekukan dan/atau menghentikan Akun (-akun) tersebut.\nKekayaan Intelektual dan Pembatasan atas Penggunaan\nSeluruh hak, hak milik dan kepentingan pada dan terhadap Layanan, termasuk seluruh Konten sesuai dengan Layanan tetap dan/atau akan merupakan hak cipta atau kekayaan intelektual baik dari herbalkita atau para pihak ketiga yang menyediakan data (&ldquo;Para Penyedia Data&rdquo;) (sesuai keadaan yang berlaku).\nAnda tidak boleh menggunakan Situs, Layanan, termasuk seluruh Konten, untuk publikasi, distribusi, pengiriman, pengiriman ulang, distribusi ulang, penyiaran, perbanyakan atau sirkulasi kepada orang lain kecuali jika dengan izin tertulis yang tegas dari kami.\nAnda tidak boleh mengubah, menyalin, mendistribusikan, mengirimkan, menampilkan, melaksanakan, memperbanyak, mempublikasikan, melisensikan, membuat karya-karya turunan dari, mengalihkan atau menjual Konten yang diperoleh dari Layanan dan/atau Situs kecuali jika dengan izin tertulis yang tegas dari kami.\nKami dengan ini memberikan kepada Anda lisensi pribadi yang terbatas, berlaku di seluruh dunia, bebas royalti, tidak dapat dialihkan, tidak dapat dipindahkan, dapat dicabut dan tidak bersifat eksklusif (tanpa hak untuk melakukan sublisensi) untuk menggunakan Situs, Layanan dan Konten untuk semata-mata bertujuan memungkinkan Anda menggunakan dan menikmati manfaat Layanan dengan cara yang ditetapkan oleh Ketentuan ini. Lisensi tersebut tunduk pada Ketentuan ini dan tidak mencakup distribusi Konten, pengubahan atau pemanfaatan turunan atas Situs, Layanan dan/atau Konten (atau setiap bagian dari Situs, Layanan dan/atau Konten tersebut), penggunaan metode scraping, data mining, robot atau metode pengumpulan atau penggalian data yang serupa, pengunduhan (selain page caching) setiap bagian dari Situs, Layanan, Konten atau informasi yang terdapat dalam Situs, Layanan atau Konten tersebut kecuali sebagaimana diizinkan secara tegas atas Layanan, dan setiap penggunaan Situs, Layanan atau Konten selain untuk tujuan yang dimaksudkan.\nPesanan, Penetapan Harga dan Pembayaran\nArea dan Waktu Pengiriman\nKarena Layanan kami terus berkembang di Indonesia, mungkin terdapat waktu-waktu ketika beberapa area tidak akan tercakup oleh Layanan kami.\nUntuk menentukan apakah area Anda terlayani oleh Layanan herbalkita, silakan masukkan kode pos Anda pada bagian &ldquo;Shop from the nearest stores by entering your postal code&rdquo; pada Situs utama kami.\nPengiriman untuk setiap pesanan hanya akan dilakukan ke 1 (satu) alamat yang ditentukan oleh Anda pada saat Checkout.\nHerbalkita akan bekerja sama dengan pihak ketiga sebagai penyedia jasa pengiriman untuk melakukan pengiriman pesanan.\nWaktu pengiriman atas pemesanan ditampilkan berdasarkan perkiraan kami dan mungkin dapat berbeda sesuai dengan kondisi yang berlaku.\nPengiriman hanya dapat dilakukan sesuai dengan jam operasional yang ditentukan oleh herbalkita.\nSemua resiko atas Produk beralih kepada Anda pada saat pengiriman.\nPesanan\nSeluruh pesanan yang Anda lakukan akan dianggap sebagai penawaran yang Anda buat untuk membeli produk (-produk) dan jumlah yang dipilih yang ditetapkan dalam pesanan Anda berdasarkan Ketentuan Penggunaan ini. Semua pesanan adalah berdasarkan persetujuan oleh herbalkita. Pemrosesan pembayaran untuk suatu pesanan tidak dengan sendirinya merupakan persetujuan atas pesanan oleh herbalkita, kecuali apabila pesanan untuk produk ditolak atau dibatalkan oleh herbalkita maka pembayaran yang dilakukan untuk pesanan tersebut akan dikembalikan atau dibayar kembali oleh herbalkita menurut kebijakan pengembalian pembayaran kami yang berlaku pada waktu tersebut.\nSemua pesanan yang Anda lakukan adalah berdasarkan ketersediaan barang. herbalkita berhak untuk membatalkan, mengubah atau menolak pesanan Anda secara keseluruhan atau sebagian, pada setiap saat dan tanpa kewajiban atau kompensasi, apabila produk tersebut habis, rusak atau cacat atau tidak tersedia atas alasan apapun lainnya.\nKami berhak untuk menolak setiap pesanan yang Anda ajukan melalui Layanan kami. Kami dapat, dengan diskresi sepihak kami, membatasi atau membatalkan jumlah yang dibeli tiap orang, tiap keluarga atau tiap pesanan. Pembatasan ini dapat mencakup pesanan yang diajukan oleh atau dengan akun pelanggan yang sama, kartu kredit yang sama dan/atau pesanan yang menggunakan tagihan dan/atau alamat pengiriman yang sama.\nKami berhak untuk membatasi atau melarang pesanan yang, menurut pendapat sepihak kami, tampaknya akan diajukan oleh para penyalur, penjual kembali atau distributor.\nSetelah Anda melakukan pesanan dan Checkout, Anda tidak dapat membatalkan pesanan tersebut, kecuali diperbolehkan dengan diskresi sepihak dari herbalkita. herbalkita dapat mengenakan biaya atas pembatalan tersebut.\nInformasi Produk, Penetapan Harga dan Pembayaran\nherbalkita berusaha memberikan Anda informasi penetapan harga, produk dan promosi yang tepat dan terbaru berdasarkan informasi dari Pedagang Terdaftar. Namun, kami tidak menjamin bahwa penetapan harga, gambar atau informasi produk atau promosi lainnya yang disediakan akan bebas kesalahan, diperbarui atau lengkap. herbalkita tidak bertanggung jawab atas kesalahan dalam penetapan harga dan informasi produk atau promosi yang terdapat pada Situs kami atau melalui Layanan kami.\nHarga atas Produk yang akan Anda bayarkan akan didasarkan pada harga jual kami yang berlaku pada waktu kami menerima pesanan Anda, yang mungkin atau mungkin tidak dicantumkan secara benar pada Situs atau melalui Layanan kami.\nJika harga sebenarnya dari Produk yang Anda pesan lebih tinggi daripada yang ditampilkan pada Situs atau melalui Layanan kami, maka kami akan menginformasikan kepada Anda hal tersebut dan Anda akan diberikan pilihan untuk mengkonfirmasi atau membatalkan pembelian Produk tersebut berdasarkan harga yang aktual. Dengan memberikan konfirmasi pembelian dengan perubahan tersebut, Anda memberikan kewenangan kepada kami untuk membebankan jumlah biaya tambahan kepada Anda. Jika Anda memilih untuk membatalkan pembelian, kami akan mengembalikan atau membayar kembali pembayaran atas barang tersebut menurut kebijakan pengembalian pembayaran kami yang berlaku pada waktu tersebut. Jika kami tidak dapat menghubungi Anda, maka kami akan menganggap pesanan Anda atas barang dengan harga yang tidak benar tersebut sebagai dibatalkan.\nApabila harga aktual dari suatu produk tergantung pada beratnya (&ldquo;Barang Yang Ditimbang&rdquo;), kami akan memberikan perkiraan harga berdasarkan berat yang dinyatakan dan tarif kami yang berlaku pada waktu checkout. Berat aktual dan jumlah harga dari Barang Yang Ditimbang akan diberitahukan kepada Anda pada waktu pengiriman dan:\ndalam hal kekurangan pembayaran, kami berhak untuk membebankan Anda atas jumlah biaya tambahan; dan\ndalam hal terdapat kelebihan pembayaran, kami akan mengembalikan atau membayar kembali jumlah kelebihan pembayaran untuk Barang Yang Ditimbang tersebut menurut kebijakan pengembalian pembayaran kami yang berlaku pada waktu pengiriman.\nSemua harga produk ditunjukkan dalam Rupiah dan termasuk Pajak Pertambahan Nilai sesuai dengan ketentuan perpajakan yang berlaku di Indonesia. Harga produk dapat berubah dari waktu ke waktu dan diskon atau penawaran promosi juga dapat ditarik pada setiap saat tanpa pemberitahuan.\nPembayaran untuk semua pesanan harus dilakukan dalam Rupiah sesuai dengan ketentuan yang berlaku di Indonesia.\nKami menerima pembayaran untuk pesanan sesuai dengan pilihan yang kami sediakan pada Situs, antara lain secara Tunai, MasterCard, dan Visa.\nBerdasarkan pengajuan pesanan Anda, Anda memberikan kewenangan kepada kami untuk mengirimkan informasi atau untuk memperoleh informasi tentang Anda dari para pihak ketiga dari waktu ke waktu dan hal ini dapat mencakup pemeriksaan verifikasi yang menyangkut nomor kartu debit atau kartu kredit atau laporan kredit Anda untuk mengecek keaslian identitas Anda, memvalidasi kartu kredit Anda, memperoleh otorisasi kartu kredit awal, melindungi Anda dan kami dari penipuan (fraud), dan memungkinkan kami untuk mengatur pengiriman pesanan Anda ke alamat pengiriman yang Anda tentukan.\nApabila Anda memilih untuk melakukan pembayaran secara tunai, Anda sepakat untuk memberikan kuasa kepada herbalkita untuk melakukan pembayaran terlebih dahulu atas pesanan Anda.\nProduk\nKami telah melakukan setiap upaya yang wajar untuk menampilkan seakurat mungkin warna dan gambar produk yang tampil di Layanan dan Konten kami. Kami tidak dapat menjamin keakuratan tampilan warna produk tersebut pada monitor komputer Anda.\nKami berhak, namun tidak berkewajiban, untuk membatasi Layanan kami kepada orang, kawasan geografis atau yurisdiksi manapun. Kami dapat menggunakan hak ini berdasarkan kasus per kasus.\nKami berhak untuk memilih Produk yang ditampilkan dan membatasi jumlah Produk atau Layanan yang kami tawarkan.\nSemua keterangan produk atau penetapan harga produk dapat berubah pada setiap saat tanpa pemberitahuan, dengan diskresi sepihak kami.\nPenawaran untuk Produk atau Layanan yang dilakukan pada Situs ini batal apabila dilarang berdasarkan hukum.\nKami tidak menjamin bahwa kualitas Produk, Layanan, informasi atau materi lain yang Anda beli atau peroleh akan memenuhi harapan Anda, atau bahwa kesalahan dalam Layanan akan diperbaiki.\nPenjualan atas Produk tertentu yang memerlukan izin khusus sepenuhnya dilakukan oleh Pedagang Terdaftar yang memiliki izin untuk menjual produk tersebut sesuai peraturan perundang-undangan yang berlaku.\nKeakuratan Tagihan dan Informasi Akun\nDalam hal kami melakukan perubahan pada atau membatalkan suatu pesanan, kami berupaya memberitahukan Anda dengan menghubungi melalui e-mail dan/atau alamat penagihan/nomor telepon yang diberikan pada waktu dilakukannya pemesanan.\nAnda setuju untuk memberikan informasi pembelian dan akun yang terbaru, lengkap dan akurat untuk semua pembelian yang dilakukan di toko Pedagang Terdaftar. Anda setuju untuk segera memperbarui akun Anda dan informasi lainnya, termasuk alamat e-mail dan nomor kartu kredit Anda serta tanggal kedaluwarsanya, sehingga kami dapat merampungkan transaksi-transaksi Anda dan menghubungi Anda sebagaimana diperlukan.\nPerangkat Opsional\nKami dapat menyediakan Anda akses pada perangkat (tools) pihak ketiga yang tidak dapat kami pantau atau kami tidak memiliki kendali apa pun atasnya.\nAnda mengakui dan menyetujui bahwa kami menyediakan akses pada perangkat tersebut &lsquo;sebagaimana adanya&rsquo; dan &lsquo;sebagaimana tersedia&rsquo; tanpa jaminan, pernyataan atau persyaratan dalam bentuk apa pun dan tanpa pengesahan. Kami tidak bertanggung jawab atas, termasuk tetapi tidak terbatas pada, kerugian atau kerusakan apa pun yang Anda derita yang timbul dari atau terkait dengan penggunaan Anda atas perangkat opsional dari pihak ketiga.\nSetiap penggunaan Anda atas perangkat opsional yang ditawarkan melalui Situs seluruhnya merupakan risiko dan diskresi Anda sendiri dan Anda harus memastikan bahwa Anda paham dengan dan menyetujui ketentuan yang menjadi dasar penyediaan perangkat tersebut oleh (para) penyedia pihak ketiga yang bersangkutan.\nKami juga dapat, pada waktu yang akan datang, menawarkan layanan dan/atau fitur baru melalui Situs (termasuk, pelepasan perangkat dan instrumen baru). Fitur-fitur dan/atau layanan baru tersebut juga akan tunduk pada Ketentuan Penggunaan ini.\nTautan Pihak Ketiga\nTautan-tautan pihak ketiga pada Situs kami dapat mengarahkan Anda pada situs web pihak ketiga yang tidak berafiliasi dengan kami. Kami tidak bertanggung jawab untuk memeriksa atau mengevaluasi konten atau keakuratannya dan kami tidak menjamin dan tidak memiliki kewajiban atau tanggung jawab apapun atas materi atau situs web pihak ketiga, atau atas materi, produk atau layanan lain dari para pihak ketiga.\nKami tidak bertanggung jawab atas kerusakan atau kerugian terkait dengan pembelian atau penggunaan barang, layanan, instrumen, konten, atau transaksi-transaksi lainnya yang dilakukan sehubungan dengan situs web pihak ketiga. Mohon pastikan bahwa Anda memeriksa kebijakan dan praktik dari pihak ketiga dan pastikan Anda memahaminya sebelum Anda terlibat dalam transaksi apa pun.\nSetiap pengaduan, klaim, masukan atau pertanyaan mengenai produk-produk pihak ketiga harus ditujukan kepada pihak ketiga terkait.\nKomentar, Masukan dan Penyerahan Lain dari Pengguna\nApabila, berdasarkan permintaan kami, Anda mengirimkan pendaftaran aplikasi tertentu (contohnya, pendaftaran undian) atau tanpa permintaan dari kami, Anda mengirimkan ide-ide kreatif, usulan, proposal, rencana atau materi lainnya, baik daring (online), melalui e-mail, pos atau yang lain (secara bersama-sama disebut &rdquo;Komentar&rdquo;), Anda setuju bahwa kami dapat, pada setiap saat, tanpa batasan, mengedit, menyalin, mempublikasikan, mendistribusikan, menerjemahkan dan menggunakan dalam media apa pun setiap komentar yang Anda teruskan kepada kami.\nKami tidak dan tidak akan berkewajiban, termasuk namun tidak terbatas pada, untuk:\nmerahasiakan komentar;\nmembayar kompensasi untuk komentar; atau\nmenanggapi komentar.\nKami dapat, namun tidak berkewajiban untuk, memantau, mengedit atau menghapus konten yang kami anggap, dengan diskresi sepihak kami, tidak sah, menghina, mengancam, memfitnah, mencemarkan nama baik, porno, asusila atau tidak menyenangkan atau melanggar kekayaan intelektual pihak manapun atau Ketentuan Penggunaan ini.\nDengan mengirimkan dan/atau menampilkan komentar Anda, Anda setuju bahwa komentar Anda tidak akan melanggar hak pihak ketiga, termasuk hak cipta, merek dagang, privasi, kedudukan atau hak pribadi atau kepemilikan lainnya. Anda selanjutnya setuju bahwa komentar Anda tidak akan mengandung materi yang bersifat memfitnah atau melanggar hukum, menyerang atau asusila atau berisi virus komputer atau malware lainnya yang dapat dengan cara apa pun mempengaruhi operasional Layanan atau situs web yang terkait.\nAnda setuju untuk tidak menggunakan alamat e-mail palsu, berpura-pura menjadi orang lain selain diri Anda atau memberikan informasi yang tidak benar kepada kami atau pihak ketiga mengenai sumber komentar. Anda bertanggung jawab mutlak atas komentar yang Anda buat dan keakuratannya. Kami tidak bertanggung jawab dan tidak memikul kewajiban apapun atas setiap komentar yang Anda tampilkan atau oleh pihak ketiga manapun.\nInformasi Pribadi\nPenyerahan informasi pribadi Anda yang dilakukan melalui toko Pedagang Terdaftar diatur oleh Kebijakan Privasi kami. Untuk melihat Kebijakan Privasi kami, silakan klik di sini.\nKesalahan, Ketidakakuratan dan Kelalaian\nTerkadang mungkin ada informasi pada Situs kami, dalam Layanan dan/atau Konten yang memuat kesalahan ketik, ketidakakuratan atau kelalaian yang mungkin terkait dengan keterangan produk, penetapan harga, promosi, penawaran, biaya pengiriman produk, waktu singgah dan ketersediaan.\nKami berhak untuk memperbaiki kesalahan, ketidakakuratan atau kelalaian apapun, dan untuk mengganti atau memperbarui informasi atau membatalkan pesanan jika informasi pada Situs, Layanan, Konten atau pada situs web yang terkait tidak akurat pada setiap saat tanpa pemberitahuan sebelumnya kepada Anda.\nKami tidak menanggung kewajiban untuk memperbarui, mengubah atau mengklarifikasi informasi pada Situs, Layanan, Konten atau pada situs web yang terkait, termasuk tidak terbatas, informasi penetapan harga, kecuali sebagaimana diwajibkan berdasarkan hukum. Tidak ada tanggal pembaruan atau penyegaran (refresh) tertentu yang diberlakukan pada Situs, Layanan, Konten atau pada situs web yang terkait yang harus dijadikan patokan untuk menandai bahwa semua informasi pada Situs, Layanan, Konten atau pada situs web yang terkait telah diubah atau diperbarui.\nPenggunaan yang Dilarang\nSelain larangan lainnya yang terdapat dalam Ketentuan Penggunaan, Anda dilarang untuk menggunakan Situs, Layanan atau Konten:\nuntuk tujuan yang tidak sah;\nmeminta pihak lain untuk melaksanakan atau berpartisipasi dalam tindakan-tindakan yang tidak sah;\nmelanggar peraturan, aturan, undang-undang internasional, federal, provinsi atau negara bagian atau ordonansi setempat;\nmelanggar atau menyalahgunakan hak kekayaan intelektual kami atau hak kekayaan intelektual pihak lain;\nmelecehkan, menghina, mengejek, membahayakan, memfitnah, mencemarkan nama baik, meremehkan, melakukan intimidasi atau diskriminasi berdasarkan jenis kelamin, orientasi seksual, agama, etnis, ras, usia, asal negara atau disabilitas;\nmenyerahkan informasi palsu atau menyesatkan;\nmengunggah atau mengirimkan virus atau jenis kode berbahaya lainnya yang akan atau dapat digunakan dengan cara apapun yang akan mempengaruhi fungsi atau operasional Layanan atau situs web yang terkait, situs web lainnya atau internet;\nmengumpulkan atau melacak informasi pribadi orang lain;\nmelakukan spamming, phising, pharming, pretext, spider, crawl atau scraping;\nuntuk maksud asusila atau tidak bermoral; atau\nmengganggu atau memanipulasi fitur-fitur keamanan dari Layanan atau situs web terkait, situs web lainnya atau Internet.\nKami berhak untuk menghentikan penggunaan Anda atas Situs, Layanan, Konten atau situs terkait karena melanggar setiap ketentuan penggunaan yang dilarang.\nPelepasan Tanggung Jawab Atas Jaminan; Pembatasan Kewajiban\nKami tidak menanggung, menyatakan atau menjamin bahwa penggunaan Anda atas Situs, Layanan dan/atau Konten kami tidak akan terputus, tepat waktu, aman atau bebas kesalahan.\nKami tidak menjamin bahwa hasil-hasil yang mungkin diperoleh dari penggunaan Situs, Layanan dan/atau Konten kami akan tepat atau dapat diandalkan.\nAnda setuju bahwa dari waktu ke waktu kami dapat menghapus Situs, Layanan dan/atau Konten kami untuk jangka waktu yang tidak dapat ditentukan atau membatalkan Situs, Layanan dan/atau Konten kami pada setiap saat, tanpa pemberitahuan kepada Anda.\nAnda setuju bahwa penggunaan Anda atas, atau ketidakmampuan Anda untuk menggunakan, Situs, Layanan dan/atau Konten kami adalah merupakan risiko Anda sepenuhnya. Situs, Layanan dan/atau Konten kami dan seluruh produk dan layanan yang dikirimkan kepada Anda melalui Situs, Layanan dan/atau Konten kami (kecuali secara tegas dinyatakan oleh kami) disediakan &lsquo;sebagaimana adanya&rsquo; dan &lsquo;sebagaimana tersedia&rsquo; untuk Anda gunakan, tanpa pernyataan, jaminan atau persyaratan dalam bentuk apa pun, baik secara tegas atau tersirat, termasuk seluruh jaminan atau persyaratan tersirat atas perdagangan, kualitas yang dapat diperdagangkan, kelayakan untuk tujuan tertentu, keawetan, hak milik dan tidak ada pelanggaran.\nDalam hal apa pun herbalkita, direksi, pejabat, karyawan, afiliasi, agen, kontraktor, tenaga magang, pemasok, penyedia layanan atau pemberi lisensi kami tidak akan dikenakan tanggung jawab atas kerusakan, kerugian, klaim atau ganti rugi langsung, ganti rugi tidak langsung, ganti rugi tambahan, ganti rugi akibat hukuman, ganti rugi khusus atau ganti rugi konsekuensial dalam jenis apa pun, termasuk, tidak terbatas, atas kehilangan laba, kehilangan keuntungan, kehilangan tabungan, kehilangan data, biaya penggantian atau ganti rugi serupa, baik berdasarkan kontrak, perbuatan melawan hukum (termasuk kelalaian), kewajiban yang tegas atau yang lain, yang timbul dari penggunaan Anda atas setiap layanan atau produk yang diperoleh menggunakan layanan, atau atas klaim lainnya yang terkait dengan cara apa pun yang ditimbulkan sebagai akibat dari penggunaan Anda atas layanan atau produk apa pun, termasuk, namun tidak terbatas, pada kesalahan atau kelalaian dalam konten, atau kerugian atau kerusakan dalam jenis apa pun yang ditimbulkan sebagai akibat penggunaan layanan atau konten (atau produk) yang ditayangkan, dikirimkan atau disediakan melalui layanan, meskipun diberitahukan atas kemungkinannya.\nHerbalkita tidak bertanggung jawab untuk memeriksa legalitas dari Pedagang Terdaftar dalam melakukan kegiatan usahanya termasuk keberlakuan izin yang diperlukan berdasarkan ketentuan yang berlaku.\nPada saat kami telah melakukan pengiriman ke alamat yang Anda tentukan dan pesanan tidak diterima karena kesalahan atau kelalaian Anda, maka pesanan tersebut dianggap telah diantar kepada Anda dan semua resiko atas pesanan beralih kepada Anda. Setiap biaya, pengeluaran, maupun kerugian terkait hal tersebut menjadi tanggung jawab Anda.\nKami tidak bertanggung jawab untuk setiap kegagalan atau keterlambatan dalam melakukan Layanan atau mengirimkan Produk yang mana kegagalan tersebut timbul sebagai akibat dari setiap tindakan atau kelalaian, yang di luar kendali kami dan tidak dapat dihindari yang disebabkan oleh kekuatan alam yang tidak dapat diantisipasi, dikendalikan, atau dicegah, dengan tindakan kehati-hatian, ketelitian, dan perhatian, termasuk namun tidak terbatas pada: kecelakaan, bencana, perang, kerusuhan, huru-hara, perintah undang-undang, peraturan, ketentuan atau arahan dan tindakan dari pihak ketiga.\nPemberian Ganti Rugi\nAnda setuju untuk memberikan ganti rugi, membela dan membebaskan herbalkita dan perusahaan induk, anak perusahaan, afiliasi, mitra, pejabat, direksi, agen, kontrak, pemberi lisensi, penyedia layanan, subkontraktor, pemasok, tenaga magang dan karyawan kami dari klaim atau tuntutan apa pun, termasuk, imbalan jasa kuasa hukum, yang dilakukan oleh pihak ketiga yang diakibatkan atau yang timbul dari pelanggaran Anda atas Ketentuan Penggunaan ini atau dokumen-dokumen yang mereka masukkan berdasarkan rujukan, atau pelanggaran Anda atas hukum apa pun atau hak-hak pihak ketiga.\nKeterpisahan\nDalam hal salah satu ketentuan dari Ketentuan Penggunaan ini menjadi tidak sah, batal demi hukum atau tidak dapat diberlakukan maka ketentuan tersebut meskipun berlaku sejauh yang diizinkan berdasarkan hukum yang berlaku, dan bagian yang tidak berlaku dianggap akan dipisahkan dari Ketentuan Penggunaan ini, di mana penetapan tersebut tidak akan mempengaruhi keabsahan dan keberlakuan ketentuan lainnya yang masih ada.\nPengakhiran\nKewajiban-kewajiban dan tanggung jawab para pihak yang ditimbulkan sebelum tanggal pengakhiran tetap berlaku setelah pengakhiran Ketentuan Penggunaan ini untuk alasan apapun.\nKetentuan Penggunaan ini berlaku kecuali jika dan sampai diakhiri oleh salah satu dari Anda atau kami.\nSatu-satunya hak dan upaya hukum yang Anda miliki terhadap kami dalam hal ketidakpuasan atas Layanan atau keluhan lain adalah pengakhiran dan pemutusan akses oleh Anda atas atau untuk menggunakan Layanan atau dengan memberitahukan kepada kami bahwa Anda tidak lagi ingin menggunakan Layanan kami.\nApabila kami berpendapat bahwa Anda telah lalai, atau kami mencurigai bahwa Anda telah lalai, untuk mematuhi ketentuan atau ketetapan apa pun dari Ketentuan Penggunaan ini, kami juga dapat mengakhiri kesepakatan ini pada setiap saat tanpa pemberitahuan kepada Anda dan Anda akan tetap berkewajiban atas seluruh jumlah yang jatuh tempo hingga dan termasuk tanggal pengakhiran; dan/atau oleh karenanya dapat menolak akses Anda pada Layanan kami (atau bagian apa pun dari Layanan tersebut).\nKeseluruhan Perjanjian\nKelalaian kami untuk menggunakan atau melaksanakan hak atau ketentuan apa pun dari Ketentuan Penggunaan ini bukan merupakan pengesampingan atas hak atau ketentuan tersebut.\nKetentuan Penggunaan ini dan kebijakan atau aturan operasional yang kami tayangkan pada Situs ini atau sehubungan dengan Layanan merupakan satu kesatuan yang tidak terpisahkan dan kesepahaman antara Anda dan kami yang mengatur penggunaan Anda atas Layanan, menggantikan perjanjian, pernyataan dan usulan sebelumnya atau yang bersamaan, baik secara lisan atau tertulis, antara Anda dan kami (termasuk, tetapi tidak terbatas pada, versi-versi sebelumnya dari Ketentuan Penggunaan ini).\nHukum yang Berlaku dan Penyelesaian Sengketa\nKetentuan Penggunaan ini dan perjanjian-perjanjian yang terpisah yang menjadi dasar penyediaan Layanan kami kepada Anda diatur oleh dan ditafsirkan menurut hukum Republik Indonesia, termasuk namun tidak terbatas pada Undang-Undang No. 11 Tahun 2011 tentang Informasi dan Transaksi Elektronik, Peraturan Pemerintah No. 82 Tahun 2012 tentang Penyelenggaraan Sistem dan Transaksi Elektronik, dan peraturan perundang-undangan terkait lainnya.\nPara pihak dengan ini sepakat untuk memilih jurisdiksi pada Pengadilan Negeri Jakarta Selatan dalam hal terjadi sengketa antara para pihak terkait dengan Ketentuan Penggunaan ini.\nPerubahan atas Ketentuan Penggunaan\nKami berhak, dengan diskresi sepihak kami, untuk memperbarui, mengubah atau mengganti setiap bagian dari Ketentuan Penggunaan ini dengan menayangkan pembaruan dan perubahan pada Situs kami. Anda bertanggung jawab mutlak untuk memeriksa Situs kami secara berkala jika ada perubahan. Keberlanjutan penggunaan atau akses Anda pada Situs atau Layanan kami setelah penayangan perubahan pada Ketentuan Penggunaan ini merupakan persetujuan atas perubahan-perubahan tersebut.\nInformasi Kontak\nPertanyaan-pertanyaan mengenai Ketentuan Penggunaan harus dikirimkan kepada kami di support@herbalkita.net\nBahasa\nKetentuan ini ditampilkan dalam Bahasa Indonesia dan bahasa Inggris. Dalam hal terdapat ketidaksesuaian antara teks Bahasa Indonesia dan bahasa Inggris, maka penafsiran yang akan digunakan dan berlaku adalah teks Bahasa Indonesia.\nRewards\nKetentuan Umum\nSejauh diizinkan oleh hukum yang berlaku, kami berhak, tanpa pemberitahuan sebelumnya kepada anda dan atas kebijakan kami:\nmengubah atau menarik manfaat yang terkait dengan tingkat Program tertentu.\nAnda akan bertanggung jawab atas setiap pajak yang berlaku, pungutan atau tugas yang timbul sehubungan dengan penerbitan koin Anda, Anda penebusan dan/atau penggunaan imbalan dan semua biaya dan pengeluaran terkait sama ditanggung oleh Anda.\nJika terjadi ketidakkonsistenan antara Syarat Program dan brosur, materi pemasaran atau promosi, informasi di situs Mitra yang berkaitan dengan Program, Ketentuan Program ini akan berlaku.\nKami tidak bertanggung jawab jika kami tidak dapat menjalankan kewajiban tersebut berdasarkan Persyaratan Penggunaan (termasuk Persyaratan Program ini), yang secara langsung atau tidak langsung diberikan kepada Force Majeure, kegagalan komputer, mesin atau sistem komunikasi, perselisihan industrialis, perang, musibah/bencana alam, peristiwa-peristiwa yang tidak dapat diramalkan, atau yang, meskipun diramalkan, tidak dapat dihindari, atau apapun yang berada di luar kendali kita.\nDALAM PENAMBAHAN BATASAN LAIN-LAIN DAN PENGECUALIAN DALAM TITIK KAMI, DALAM HAL APAPUN KITA ATAU DIREKTUR, PEJABAT, KARYAWAN, AGEN, ATAU PERWAKILAN LAINNYA TIDAK BERTANGGUNG JAWAB ATAS KERUSAKAN LANGSUNG, TIDAK LANGSUNG, KHUSUS, AKSIDENTAL, KONSEKUEN-SIAL, ATAU HUKUM, ATAU KERUSAKAN LAINNYA YANG TIMBUL DARI ATAU TERKAIT DENGAN PROGRAM. KEWAJIBAN TOTAL KAMI, BAIK DALAM KONTRAK, JAMINAN, KESALAHAN (TERMASUK KELALAIAN) ATAU SEBALIKNYA, TIDAK AKAN MELEBIHI BIAYA KEANGGOTAAN TERAKHIR YANG DIBAYAR. PENGECUALIAN DAN PEMBATASAN TANGGUNG JAWAB INI AKAN BERLAKU SEJAUH DIIZINKAN OLEH UNDANG-UNDANG DAN AKAN MELANGGAR PEMBATALAN ATAU PENGHENTIAN AKUN ANDA. YURISDIKSI TERTENTU TIDAK MUNGKIN MENGIZINKAN PENGECUALIAN ATAU PEMBATASAN KERUGIAN TERTENTU. JIKA HUKUM INI BERLAKU UNTUK ANDA, BEBERAPA ATAU SEMUA PENGECUALIAN ATAU PEMBATASAN DI ATAS MUNGKIN TIDAK BERLAKU UNTUK ANDA, DAN ANDA MUNGKIN MEMILIKI HAK TAMBAHAN.\n','Kebijakan Privasi\nPengantar\nPT HERBAL KITA INDONESIA (&quot;herbalkita&quot;) sangat menghormati privasi Anda. Kami meminta Anda membaca kebijakan privasi ini (&ldquo;Kebijakan Privasi&rdquo;) dengan cermat karena memuat informasi penting mengenai apa yang akan diharapkan apabila herbalkita mengumpulkan data pribadi (&ldquo;Data Pribadi&rdquo;) mengenai Anda dan bagaimana herbalkita akan menggunakan Data Pribadi Anda.\nKebijakan ini berlaku atas informasi yang kami kumpulkan pada herbalkita.net dan sub-domainnya mengenai:\npengunjung situs web kami (&quot;Situs&quot;);\npengguna yang telah mendaftarkan suatu akun pada kami;\npengguna yang telah memberikan alamat e-mail-nya kepada kami; dan\npelanggan yang telah membeli sesuatu dari kami.\n\nPersetujuan atas Kebijakan Privasi\nKebijakan Privasi ini menjelaskan bagaimana Data Pribadi yang Anda berikan melalui Layanan kami (yang didefinisikan dalam Ketentuan Penggunaan) (&quot;Layanan&quot;) dikumpulkan, digunakan, dibagikan, disimpan dan dilindungi oleh herbalkita dan/atau anak perusahaan, afiliasi atau perusahaan-perusahaan yang terkait dengan herbalkita. Dengan membeli, mengakses dan menggunakan Layanan kami, Anda setuju untuk terikat oleh ketentuan Kebijakan Privasi ini yang tunduk pada Ketentuan Penggunaan kami dan Anda memberikan persetujuan atas pengumpulan, penggunaan dan pengungkapan Data Pribadi Anda oleh herbalkita dan/atau anak perusahaan, afiliasi atau perusahaan-perusahaan yang terkait dengan herbalkita.\n\nPengumpulan Informasi\nKami akan memperoleh Data Pribadi mengenai Anda apabila Anda mengunjungi Situs kami. Apabila Anda mengunjungi Situs kami, kami dapat memantau penggunaan Situs ini melalui penggunaan cookies dan perangkat pelacak yang serupa. Sebagai contoh, kami dapat memantau jumlah kunjungan Anda ke Situs kami atau situs-situs dan/atau laman web lain yang Anda kunjungi. Informasi ini membantu kami untuk membuat profil tentang para pengguna kami. Beberapa data ini akan diagregasikan atau dibuat secara statistik, yang berarti bahwa kami tidak akan dapat mengenali Anda secara perorangan.\nKami dapat mengumpulkan dan menyimpan Data Pribadi Anda termasuk namun tidak terbatas pada hal-hal berikut ini:\ninformasi identifikasi pribadi (contohnya, nama, alamat surat-menyurat, alamat e-mail, kata sandi, informasi kartu kredit atau kartu debit, dll) yang secara sukarela Anda berikan untuk Tujuan-tujuan (sebagaimana didefinisikan di bawah ini) sehubungan dengan penggunaan atau akses Anda atas Layanan termasuk, namun tidak terbatas pada, jika Anda membuat suatu akun pada kami, melakukan pembayaran, mengunggah, menayangkan, menampilkan atau mengirimkan konten pada atau melalui Layanan, berkomunikasi dengan orang atau badan lain melalui Layanan atau menghubungi kami melalui e-mail atau telepon; dan\ninformasi identifikasi non-pribadi (contohnya URL yang terakhir kali Anda kunjungi atau akses berikutnya, jenis peramban, alamat IP Anda, dll) yang dikumpulkan secara otomatis dari Anda ketika Anda berinteraksi dengan Situs (sebagaimana dijelaskan dalam Ketentuan Penggunaan) melalui penggunaan perangkat lunak atau proses otomatis lainnya yang digunakan Situs.\n\nPenggunaan Informasi\nKami dapat menggunakan Data Pribadi Anda untuk tujuan-tujuan termasuk, namun tidak terbatas, salah satu dari hal-hal berikut ini:\nmemproses pendaftaran Anda pada Layanan kami;\nmemproses transaksi-transaksi pembayaran yang Anda lakukan;\nmenanggapi pertanyaan atau permintaan Anda dan menyediakan layanan pelanggan;\nmengirimkan kepada Anda informasi, pemberitahuan, pembaruan atau menghubungi Anda apabila diperlukan;\nmembantu kami menyediakan, menjaga, mengembangkan, menguji, meningkatkan dan mempersonalisasikan Layanan kami kepada Anda;\nmendiagnosis dan memecahkan masalah pada Layanan;\nmendeteksi atau menyelidiki aktivitas-aktivitas yang dilarang, melanggar hukum, tidak resmi atau curang;\nmemantau dan menganalisis aktivitas pengguna dan data demografis termasuk kecenderungan (trend) dan penggunaan Layanan;\nmenimbulkan dan/atau melacak data analitik anonim;\nmembuat data cadangan pada sistem kami dan memungkinkan adanya pemulihan kerusakan;\nmematuhi undang-undang, putusan pengadilan atau amanat peraturan perundang-undangan lainnya;\nmelindungi hak-hak, keselamatan harta atau pribadi staf kami maupun publik;\nmelakukan penjualan business-to-business (B2B) secara langsung; dan/atau\ntujuan-tujuan lain sehubungan dengan Layanan yang dapat kami beritahukan kepada Anda atau untuk menambah interaksi Anda dengan kami.\nKhususnya, apabila Anda memberikan Data Pribadi kepada kami, termasuk namun tidak terbatas untuk menyelesaikan suatu transaksi, memverifikasi kartu kredit Anda, mengajukan pesanan, mengatur penyerahan atau mengembalikan suatu pembelian, kami menyimpulkan bahwa Anda memberikan persetujuan bagi kami untuk mengumpulkan dan menggunakannya untuk alasan khusus tersebut saja.\nDi samping itu, kami dapat, dari waktu ke waktu, menggunakan Data Pribadi Anda termasuk nomor telepon untuk menghubungi Anda guna menginformasikan mengenai produk-produk dan layanan-layanan, penawaran promosi terbaru kami dan informasi pemasaran lainnya. Anda setuju untuk dihubungi untuk tujuan-tujuan tersebut kecuali jika Anda memilih untuk menerima informasi tersebut dengan menghubungi kami pada support@herbalkita.net atau mengirimkan surat kepada kami yang dialamatkan kepada herbalkita, Jl. Raya Sawangan, Perempatan Mampang, Depok, 16436.\nPengungkapan Informasi\nKami hanya akan memberikan Data Pribadi Anda kepada para pihak yang terkait langsung dengan kami (kecuali jika disepakati lain oleh Anda) termasuk namun tidak terbatas pada, para pihak ketiga yang memerlukan informasi tersebut sebagaimana sewajarnya diperlukan untuk tujuan utama pengumpulan informasi tersebut; atau untuk tujuan-tujuan yang akan dianggap layak oleh orang yang berakal sehat dalam suatu keadaan; atau apabila telah disetujui oleh orang tersebut. Para pihak ketiga tersebut dapat mencakup para penyedia layanan, kontraktor, konsultan, agen dan/atau perwakilan yang menyediakan layanan kepada Perusahaan sehubungan dengan kegiatan usaha dan/atau operasional.\nPara pihak yang telah memperoleh Data Pribadi Anda akan tunduk berdasarkan ketentuan kerahasiaan yang wajar untuk tidak menggunakan informasi identifikasi pribadi Anda untuk tujuan apa pun selain yang ditetapkan dalam Kebijakan Privasi ini. Meskipun demikian, kami tidak mengawasi dan tidak bertanggung jawab atau tidak berkewajiban dalam hal apa pun atas pengumpulan, penggunaan dan perlindungan Data Pribadi Anda oleh pihak manapun yang telah memperoleh Data Pribadi Anda termasuk usaha, badan lainnya dan/atau penyedia layanan pihak ketiga yang mana melakukan penjualan business-to-business langsung dengan kami. Hal tersebut merupakan tanggung jawab mutlak Anda untuk membaca kebijakan privasi dari para pihak tersebut sebelum Anda memberikan Data Pribadi kepada para pihak tersebut.\n\nInformasi atas Layanan Pihak Ketiga\nSaat Anda keluar dari Situs kami atau diarahkan kembali ke situs web atau aplikasi pihak ketiga, Anda tidak lagi diatur oleh Kebijakan Privasi ini atau Ketentuan Penggunaan Situs kami.\nKhususnya, saat suatu tautan diklik dan Anda diarahkan keluar dari Situs kami maka kami tidak akan bertanggung jawab lagi atas praktik-praktik privasi di situs-situs lain dan menganjurkan Anda untuk membaca pernyataan privasi situs-situs tersebut.\n\nKeamanan\nUntuk melindungi Data Pribadi Anda, kami melakukan tindakan pencegahan yang wajar, memelihara pengamanan yang penting dan mengikuti praktik-praktik usaha yang umum untuk menjamin keamanan dan privasi atas informasi yang kami kumpulkan untuk melindungi kehilangan, penyalahgunaan atau perubahan berulang-ulang atas informasi tertentu yang berada di bawah pengawasan kami. Terlepas dari hal tersebut, meskipun kami berusaha melindungi Data Pribadi Anda, kami tidak dapat menjamin keamanan atau privasi atas informasi tersebut atau bahwa informasi tersebut tidak akan diakses, diungkapkan, diubah atau dimusnahkan.\nKhususnya, semua informasi kartu kredit yang diberikan kepada kami dienkripsi menggunakan Secure Sockets Layer (SSL) yang aman dan disimpan dengan enkripsi Advanced Encryption Standard (AES-256). Kami mengikuti semua persyaratan Payment Card Industry &ndash; Data Security Standard (PCI-DSS) [dan melaksanakan standar-standar industri tambahan yang diterima secara umum untuk sewajarnya melindungi dan mengamankan semua informasi kartu kredit yang diberikan kepada kami.\n\nPencabutan, Akses dan Perbaikan Data Pribadi Anda\nApabila Anda ingin mencabut persetujuan Anda untuk penggunaan Data Pribadi Anda atau memperoleh akses atau melakukan perbaikan pada catatan Data Pribadi Anda, mohon melakukan pemberitahuan yang wajar kepada herbalkita dengan mengirimkan permohonan tertulis kepada support@herbalkita.net atau herbalkita, Jl. Raya Sawangan, Perempatan Mampang, Depok, 16436.\nHerbalkita akan berhenti mengumpulkan, menggunakan atau mengungkapkan Data Pribadi berdasarkan pencabutan tersebut kecuali jika diizinkan atau disyaratkan lain berdasarkan peraturan perundang-undanganan yang berlaku.\nMohon perhatikan bahwa jika Anda mencabut persetujuan Anda atas setiap atau seluruh penggunaan Data Pribadi Anda, tergantung pada sifat permohonan Anda, herbalkita tidak dapat untuk terus menyediakan produk-produk atau layanan kepada Anda dan hal ini juga dapat mengakibatkan pemutusan hubungan kontrak yang sedang berlangsung, dan hak-hak hukum serta upaya hukum dari herbalkita dalam hal tersebut secara tegas dijamin undang-undang.\nKami juga ingin memastikan bahwa Data Pribadi Anda adalah akurat dan terbaru. Jika salah satu informasi yang telah Anda berikan kepada herbalkita berubah dan/atau jika Anda ingin membatalkan pendaftaran Anda, mohon menyampaikan keterangan yang benar kepada kami dengan mengirimkan email kepada support@herbalkita.net atau dengan mengirimkan surat kepada herbalkita, Jl. Raya Sawangan, Perempatan Mampang, Depok, 16436.\n\nCookies\nKami dapat menggunakan cookies, web beacons dan teknologi pelacakan yang serupa lainnya sehubungan dengan akses Anda atau penggunaan Situs. Cookies adalah berkas-berkas teks yang ditempatkan pada komputer Anda untuk mengumpulkan standar informasi Internet Log dan informasi perilaku pengunjung. Informasi tersebut digunakan untuk melacak penggunaan pengunjung atas Situs dan untuk menyusun laporan statistik mengenai aktivitas Situs dan memungkinkan kami untuk meningkatkan Situs. Cookies juga memungkinkan Anda untuk menggunakan atau mengakses fitur-fitur atau layanan tertentu pada Situs atau Layanan kami, termasuk fitur keranjang belanja (shopping cart) dan fitur check-out. Anda juga dapat dimungkinkan mematikan sebagian tetapi tidak semua cookies melalui setelan perangkat atau peramban (browser) meskipun melakukan hal tersebut dapat mempengaruhi kemampuan Anda untuk mengakses atau menggunakan Situs.\n\n\nUsia Dewasa\nDengan menggunakan Situs ini, Anda menyatakan bahwa Anda sekurang-kurangnya berusia dewasa dan cakap di negara atau provinsi tempat tinggal Anda, dan Anda telah memberikan persetujuan Anda untuk mengizinkan setiap tanggungan Anda yang di bawah umur untuk menggunakan Situs ini.\n\nPerubahan atas Kebijakan Privasi ini\nKami berhak, dengan diskresi kami sendiri, untuk mengubah atau memperbarui Kebijakan Privasi ini pada setiap waktu dan seluruh perubahan akan segera berlaku pada waktu ditampilkan di Situs. Apabila kami melakukan perubahan materiil atas kebijakan ini, kami akan memberitahukan Anda di sini bahwa Kebijakan Privasi ini telah diperbarui, sehingga Anda mengetahui tentang informasi apa yang kami kumpulkan, bagaimana kami menggunakannya, dan dalam keadaan apa, jika ada, kami menggunakan dan/atau mengungkapkannya.\nApabila toko kami diakuisisi atau dileburkan dengan perusahaan lain, informasi Anda dapat dialihkan kepada para pemilik yang baru sehingga kami dapat terus memberikan Layanan kepada Anda.\n\nPertanyaan dan Informasi Kontak\nApabila Anda mempunyai pertanyaan mengenai Kebijakan Privasi ini atau Anda akan mengajukan pengaduan, silakan hubungi Petugas Kepatuhan Privasi kami pada support@herbalkita.net atau mengirimkan surat yang dialamatkan kepada Petugas Kepatuhan Privasi, herbalkita, Jl. Raya Sawangan, Perempatan Mampang, Depok, 16436.\n','https://www.facebook.com/herbalkita.matraman.1','https://twitter.com/HerbalKita40','https://www.instagram.com/herbalkita.ind','&ldquo;Pertanyaan populer dari konsumen&rdquo;\n\nGENERAL :\nBagaimana saya bisa menyampaikan kritik atau saran ?\nKami sangat berterima kasih jika Anda memiliki kritik atau saran untuk kami. Anda dapat menyampaikan kritik atau saran melalui :\nEmail   : cs@herbalkita.com\nTelp   : 021-2298 5611\nWhatsApp : +62 819 3928 4050\nFacebook : HerbalKita\n\nDimana Lokasi toko HerbalKita jika saya ingin berkunjung ?\nSaat ini kami hanya melayani pemesanan online saja, namun Anda bisa mengunjungi perusahaan kami pada alamat :\nJl. Utan Kayu Raya No.40, RT.5/RW.5, Utan Kayu Utara, Matraman, Kota Jakarta Timur, Daerah Khusus Ibukota Jakarta 13120.\n\nREGISTRASI :\nBagaimana cara membuat akun pada HerbalKita ?\nUntuk membuat akun pada Herbalkita, silahkan mengikuti langkah berikut :\n- Kunjungin www.herbalkita.com\n- Pada bagian kanan atas halaman, pilih menu &ldquo;Masuk&rdquo;\n- Pada kolom pelanggan baru silahkan pilih/click &ldquo;Continue&rdquo;\n- Setelah itu silahkan isi kolom yang tersedia dengan data diri yang sesuai/valid.\n- Setelah kolom sudah di isi semua, silahkan pilih &ldquo;yes&rdquo; untuk menerima update terbaru bari kami dan pastikan Anda sudah menyetujui kebijakan privasi.\n- Setelah itu pilih/click &ldquo;Continue&rdquo;\n- Setelah registrasi berhasil silahkan login menggunakan akun yang telah Anda registrasikan.\n\nBagaimana saya bisa login dengan akun Herbalkita ?\nUntuk login pada akun HerbalKita, Silahkan mengiikuti langkah berikut :\n- Kunjungi www.herbalkita.com\n- Pada bagian kanan atas halaman, pilih/click menu &ldquo;Masuk&rdquo;\n- Pastikan anda sudah membuat akun/registrasi terlebih dahulu, jika belum silahkan mengikuti langkah untuk membuat akun/registrasi.\n- Jika Anda sudah membuat akun/registrasi, pada kolom pelanggan baru silahkan masukkan email dan password sesuai dengan yang Anda daftarkan, lalu pilih/click &ldquo;login&rdquo;.\n- Anda akan di bawa kembali ke halaman awal/home HerbalKita apabila login sudah berhasil. \n\nPEMESANAN :\nBagaimana cara membeli produk dari HerbalKita ?\nUntuk melakukan pembelian silahkan ikuti langkah berikut :\n- Kunjungi www.herbalkita.com\n- Silahkan pilih dan click item/produk yang di inginkan\n- Setelah itu click pada menu &ldquo;add to cart&rdquo;\n- Anda bisa mengulang cara sebelumnya jika ingin membeli produk lain\n- Jika sudah selesai memilih produk silahkan click &ldquo;keranjang&rdquo; pada bagian pojok kanan atas halaman.\n- Setelah itu pilih menu &ldquo;checkout&rdquo;\n- Pada proses checkout step 1, Anda akan diminta untuk membuat akun terlebih dahulu, jika sudah memiliki akun herbalkita silahkan login dengan akun yang sudah terdaftar.\n- Setelah login, Anda akan lanjut pada step ke-2 untuk memasukkan alamat yang akan menerima pesanan, jika sudah silahkan klik &ldquo;lanjut&rdquo;\n- Pada step ke-3, Anda akan diminta untuk memilih jasa pengiriman. Jika sudah dipilih silahkan klih &ldquo;lanjut&rdquo;\n- Pada step ke-4, Anda dapat memilih pembayaran yang Anda inginkan.\n- Dan pada step ke-5, silahkan anda konfirmasi kembali pesanan anda.\n- Setelah proses checkout selesai pesanan Anda akan segera kami proses agar segera kami di kirim ke alamat yang Anda masukan.\n\nBerapa lama pesanan saya, bisa saya terima ?\nLama Proses pengiriman tergantung pada lokasi yang anda masukkan saat proses checkout. Untuk pesanan Anda akan segera kami proses langsung setelah bukti pembayaran sudah kami terima, dan akan segera kami kirimkan dari lokasi gudang kami yaitu di kota depok.\n\nApakah HerbalKita menerima pengembalian pesanan ?\nMohon maaf, kami tidak menerima retur pesanan. Namun apabila pesanan yang Anda pesan tidak sesuai atau produk sudah melewati tanggal kadaluarsa silahkan hubungi customer service kami (021-2298 5611). Anda juga dapat menghubungi via whatsapp (+62 819 3928 4050).\n\nApa saja jasa pengiriman yang disediakan oleh HerbalKita ?\nUntuk saat ini Jasa pengiriman yang kami sediakan adalah : Wahana, JNE, J&amp;T, Tiki, Pos Indonesia &amp; Go-Send untuk pelayanan cepat.\n\nApakah ada batasan jumlah untuk pemesanan 1 jenis produk ?\nAnda dapat melakukan pembelian sebanyak yang Anda butuhkan, tidak ada batasan dalam jumlah selama stok tersedia. Jika Stok yang tertera pada www.herbalkita.com tidak mencukupi kebutuhan Anda, silahkan menghubungi customer service kami (021-2298 5611), Anda juga dapat menghubungi via whatsapp (+62 819 3928 4050).\n\nPEMBAYARAN\nBagaimana cara melakukan pembayaran atas pesanan saya ?\nUntuk proses pembayaran, Anda bisa memilih jenis pembayaran yang sudah kami sediakan diantaranya :\n- Pembayaran Manual/Bank Transfer : Anda diminta untuk mentransfer dana sesuai dengan harga pesanan dan biaya ongkos kirim, setelah itu silahkan kirim bukti transfer ke email kami atau via whatsapp (+62 819 3928 4050).\n- Pembayaran otomatis/Telkom : Anda diminta untuk mentransfer dana sesuai dengan harga pesanan dan biaya ongkos kirim, berikut dengan kode bayar yang bapak terima.\n'),(2,'btn_museum','museum_exebition','1234567890','yrickyc@gmail.com','','',0.000000,0.000000,'','','','','','','','','','','','','','','','','','redeem@btn.com','2018-01-28 10:31:06',1,0,0,0,0,'','','','','',''),(3,'buat demo','demo cms','0812861316893','yrickyc@gmail.com','','',0.000000,0.000000,'','','','','','','','','','','','','','','','','','','2018-07-12 23:14:01',1,0,0,0,0,'','','','','',''),(4,'mgi','123456','0812861316893','yrickyc@gmail.com','','',0.000000,0.000000,'','','','','','','','','','','','','','','','','','','2018-07-12 23:17:00',1,0,0,0,0,'','','','','',''),(5,'kkmarket','Kami KKmarket Kami sebagai Produsen/Suplayer Mesin, turbin, boiler plate dan lain-lain . Untuk memenuhi kebutuhan konsumen di seluruh Nusantara,  Kami membuka jalur pendistribusian ke seluruh Nusantara. Bila ada kritik dan saran yang membangun silahkan kirim via email ....','085713460589','kk@gmail.com','jl bangka 6 no 5 jakarta selatan','',-6.248728,106.811745,'','','','','','','','123456789','Mandiri ','12345','12345','12345','kk@yahoo.com','','','Rp','IDR','KK@gmail.com','2018-07-18 07:33:10',1,0,0,0,0,'Ketentuan Penggunaan\nIkhtisar\nKami adalah PT. HERBAL KITA INDONESIA dan kami memiliki dan mengoperasikan situs web ini (&quot;Situs&quot;) di herbalkita.net. Dalam Situs ini, istilah-istilah &quot;kami&quot; dan &ldquo;kita&rdquo; mengacu pada herbalkita.net . Herbal kita menawarkan situs web ini, termasuk, tidak terbatas, aplikasi dan setiap layanan terkait termasuk notifikasi, surat elektronik (secara bersama-sama disebut &ldquo;Layanan&rdquo;) dan setiap informasi, data atau konten atau materi lainnya yang muncul atau yang dibuat dapat diakses pada atau melalui Layanan (secara bersama-sama disebut &ldquo;Konten&rdquo;) dari Situs ini kepada Anda, pengguna, yang tergantung pada persetujuan Anda atas seluruh syarat, ketentuan, kebijakan dan pemberitahuan yang disebutkan dalam Ketentuan Penggunaan ini.\nAnda adalah perorangan atau badan yang mengakses Situs dan menggunakan Layanan untuk melakukan pemesanan dan pembelian atas Produk yang ditawarkan dan disediakan oleh Pedagang Terdaftar.\nPedagang Terdaftar adalah pihak ketiga yang bekerja sama dengan herbalkita untuk melakukan penyediaan atas Produk yang ditawarkan pada Situs kami.\nProduk adalah barang yang ditawarkan dan ditampilkan oleh Pedagang Terdaftar di Situs.\nCheckout adalah konfirmasi Anda melalui Situs ketika Anda telah selesai melakukan pemesanan dan proses pembayaran.\nDengan mengunjungi Situs kami, mendaftarkan akun pada kami, memberikan kepada kami data-data mengenai Anda yang termasuk namun tidak terbatas pada alamat email, pembelian sesuatu melalui Layanan kami dan/atau penggunaan Layanan kami maka Anda setuju untuk terikat oleh syarat-syarat dan ketentuan berikut (&ldquo;Ketentuan Penggunaan&rdquo;, &ldquo;Ketentuan&rdquo;), termasuk syarat-syarat dan ketentuan-ketentuan tambahan tersebut yang dijadikan acuan dalam Ketentuan Penggunaan ini dan/atau yang tersedia dengan pranala (hyperlink). Ketentuan Penggunaan ini berlaku atas semua pengguna Situs, termasuk tidak terbatas pada para pengguna yang merupakan pengunjung baru, vendor, pelanggan, pedagang dan/atau kontributor konten.\nMohon baca Ketentuan Penggunaan ini dengan cermat sebelum mengakses atau menggunakan Situs kami. Dengan mengakses atau menggunakan setiap bagian dari Situs, Layanan dan/atau Konten, Anda setuju untuk terikat oleh Ketentuan Penggunaan ini. Ketentuan ini mengatur akses Anda dan menggunakan Layanan herbalkita. Jika Anda tidak setuju atas seluruh syarat dan ketentuan dalam Ketentuan Penggunaan ini maka Anda tidak dapat mengakses dan/atau menggunakan Situs, Layanan dan/atau Konten. Jika Ketentuan Penggunaan ini dianggap sebagai suatu penawaran, persetujuan secara tegas terbatas pada Ketentuan Penggunaan ini.\nSetiap fitur atau perangkat (tools) baru yang ditambahkan pada toko yang terdaftar pada Situs kami juga tunduk pada Ketentuan Penggunaan. Anda dapat melihat versi terbaru dari Ketentuan Penggunaan pada setiap saat di laman ini. Kami berhak, dengan diskresi sepihak kami, untuk memperbarui, mengubah atau mengganti setiap bagian dari Ketentuan Penggunaan ini dengan menayangkan pembaruan dan/atau perubahan pada Situs kami. Tanggung jawab mutlak Anda adalah untuk memeriksa perubahan atas Ketentuan Penggunaan ini secara berkala. Jika Anda tidak setuju atas perubahan Ketentuan Penggunaan, mohon untuk tidak mengakses Situs, Layanan dan/atau Konten kami. Keberlanjutan penggunaan atau akses Anda pada Situs, Layanan dan/atau Konten kami setelah penayangan perubahan Ketentuan Penggunaan merupakan persetujuan atas perubahan Ketentuan Penggunaan tersebut.\nLayanan kami diselenggarakan (hosted) oleh Layanan Web Amazon. Layanan Web Amazon menyediakan program perdagangan elektronik daring (online e-commerce platform) yang memungkinkan kami menyediakan Layanan kepada Anda. Anda menyetujui informasi pribadi Anda, termasuk Konten Pengguna Anda, dialihkan atau diproses oleh Layanan Web Amazon. Anda juga mengakui bahwa akses serta penggunaan Layanan dan Konten dapat tunduk pada hukum Indonesia dan hukum internasional yang berlaku atas Layanan Web Amazon, termasuk namun tidak terbatas pada Undang-Undang Republik Indonesia No. 11 Tahun 2008 tentang Informasi dan Transaksi Elektronik, Peraturan Pemerintah No. 82 Tahun 2012 tentang Penyelenggaraan Sistem dan Transaksi Elektronik, dan peraturan perundang-undangan yang berlaku lainnya dan Anda bertanggung jawab mutlak untuk memastikan bahwa akses atau penggunaan Anda atas Layanan dan Konten mematuhi peraturan perundang-undangan yang berlaku tersebut.\nKami tidak menjamin bahwa Konten pada Situs cocok atau tersedia untuk digunakan di luar Indonesia. Dilarang mengakses Situs dari wilayah di mana Konten pada Situs merupakan hal yang melanggar hukum atau tidak sah. Jika Anda memilih untuk mengakses Situs dari mana saja, Anda melakukan hal tersebut dengan inisiatif sendiri dan bertanggung jawab untuk mematuhi peraturan perundang-undangan setempat.\nPersyaratan Umum\nAnda menyatakan dan menjamin bahwa jika Anda mendaftar untuk Layanan sebagai perorangan, Anda sekurang-kurangnya berusia 21 tahun atau lebih, Anda sepenuhnya mampu dan cakap untuk menandatangani dan mematuhi Ketentuan ini, atau jika Anda berusia di bawah 21 tahun, Anda memiliki izin dari orang tua atau wali yang sah yang telah setuju untuk menanggung penuh kewajiban-kewajiban Anda berdasarkan Ketentuan ini seolah-olah kewajiban-kewajiban tersebut ditanggung oleh orang tua atau wali tersebut, dan jika Anda mendaftar untuk Layanan untuk dan atas nama sebuah badan, Anda disahkan untuk menandatangani dan mengikat badan tersebut dengan Ketentuan ini. Kami berhak, dengan diskresi sepihak dari kami, untuk menolak menawarkan Layanan kepada orang maupun badan dan untuk mengubah kriteria kelayakan kami pada setiap saat. Anda tidak dapat membuat atau menggunakan akun kami untuk orang maupun badan selain Anda sendiri kecuali jika Anda berwenang untuk melakukan hal tersebut untuk dan atas nama orang atau badan tersebut.\nAkses dan penggunaan Anda atas Layanan adalah diskresi dan risiko Anda sendiri dan Anda bertanggung jawab penuh untuk mengamankan dan menjaga kerahasiaan Akun Anda, sebagaimana dijelaskan di bawah ini, termasuk nama pengguna dan kata sandi Anda dan seluruh aktivitas Anda sehubungan dengan atau yang terjadi pada atau melalui Akun Anda, sebagaimana dijelaskan di bawah ini.\nAnda tidak boleh menggunakan produk-produk kami untuk tujuan yang melanggar hukum atau tidak sah demikian juga Anda tidak boleh, dalam penggunaan Layanan, melanggar peraturan perundang-undangan apa pun dalam yurisdiksi Anda (termasuk tetapi tidak terbatas pada Undang-Undang No. 28 Tahun 2014 tentang Hak Cipta).\nSaat menggunakan Situs, Anda tidak boleh mengirimkan termasuk namun tidak terbatas pada worm, virus dan/atau kode komputer yang bersifat merusak.\nPelanggaran atau penyimpangan setiap Ketentuan Penggunaan akan mengakibatkan penghentian segera atas Layanan tanpa rujukan selanjutnya kepada Anda.\nKami berhak, dengan diskresi sepihak kami, untuk menolak layanan kepada siapa pun dan dengan alasan apa pun pada setiap saat.\nAnda memahami bahwa konten Anda (tidak termasuk informasi kartu kredit), dapat dipindahkan dengan tanpa enkripsi dan melibatkan (a) pengiriman melalui beragam jaringan; dan (b) perubahan-perubahan untuk memenuhi dan menyesuaikan dengan persyaratan teknis dari jaringan atau perangkat penghubung. Mohon perhatikan bahwa informasi kartu kredit selalu dienkripsi selama pemindahan melalui jaringan.\nJudul-judul yang digunakan dalam Ketentuan Penggunaan ini dimasukkan hanya untuk kemudahan dan tidak akan membatasi atau mempengaruhi Ketentuan ini.\nKeakuratan, Kelengkapan dan Jadwal Informasi\nKami tidak bertanggung jawab atas keakuratan, kelengkapan atau kekinian informasi pada Situs ini. Materi pada Situs ini disediakan hanya untuk informasi umum dan tidak untuk dirujuk atau digunakan sebagai dasar tunggal untuk pengambilan keputusan tanpa dikonsultasikan dengan sumber informasi utama yang lebih akurat, lebih lengkap atau lebih awal. Setiap rujukan atas material pada Situs ini menjadi resiko Anda.\nSitus ini dapat memuat informasi historis tertentu. Informasi historis mungkin tidak terbaru dan disediakan hanya untuk rujukan Anda. Kami berhak untuk mengubah konten Situs ini pada setiap saat, tetapi kami tidak berkewajiban untuk memperbarui informasi apa pun pada Situs kami. Anda memahami bahwa Anda bertanggung jawab untuk memantau perubahan apa pun pada Situs kami.\nPerubahan atas Ketentuan Layanan dan Harga\nKami berhak, dengan diskresi sepihak kami dan pada setiap saat untuk mengubah harga-harga produk sesuai dengan permintaan dari Pedagang Terdaftar tanpa pemberitahuan selanjutnya kepada Anda.\nKami berhak, dengan diskresi sepihak kami dan pada setiap saat untuk mengubah atau menghentikan Layanan (atau setiap bagian atau konten dari Layanan tersebut) tanpa pemberitahuan selanjutnya kepada Anda.\nKami tidak bertanggung jawab kepada Anda atau kepada pihak ketiga atas setiap, termasuk tetapi tidak terbatas pada, perubahan, perubahan harga, penangguhan atau penghentian Layanan.\nInformasi Akun\nUntuk mengakses bagian tertentu dari Situs, Layanan dan/atau Konten, Anda akan diwajibkan mendaftar untuk sebuah akun pada herbalkita (&ldquo;Akun&rdquo;). Dalam melakukan hal tersebut, Anda akan diwajibkan memasukkan e-mail (&ldquo;ID Login&rdquo;) dan kata sandi (&ldquo;Kata Sandi&rdquo;) Anda.\nAnda bertanggung jawab mutlak untuk mengamankan dan menjaga kerahasiaan ID Login dan Kata Sandi Anda. Anda setuju untuk tidak:\nmemberikan atau mengizinkan orang lain untuk menggunakan Akun atau Kata Sandi Anda; atau\nmengalihkan atau memindahkan Akun Anda kepada orang atau badan lain.\nAnda terikat oleh dan bertanggung jawab atas semua komunikasi dan aktivitas daring (online) yang dikirimkan atau dilakukan selama penggunaan Akun Anda.\nherbalkita tidak bertanggung jawab atau berkewajiban atas setiap kerugian, kerusakan, biaya, pengeluaran atau tanggungan yang timbul sebagai akibat atau sehubungan dengan penggunaan yang salah atau curang atas Akun Anda. Jika Anda mengetahui mengenai penggunaan (-penggunaan) tidak resmi yang nyata atau dicurigai atas Akun Anda, kehilangan, pencurian atau pengungkapan yang tidak resmi atas Kata Sandi Anda, mohon segera beritahukan kami pada: support@herbalkita.net\nMasing-masing keluarga atau alamat pengiriman hanya boleh mendaftarkan satu (1) Akun. Beberapa Akun yang mendaftarkan alamat pengiriman yang sama dapat diperbolehkan dengan diskresi sepihak dari kami.\nMohon berikan informasi yang tepat, lengkap dan terbaru yang disyaratkan untuk Akun Anda. Anda dapat setiap saat mengubah atau memperbarui informasi Akun Anda dengan memperbarui informasi Anda pada Akun Saya (My Account).\nApabila alamat pengiriman terkait dengan beberapa Akun tanpa persetujuan tertulis dari kami, atau dideteksi atau dicurigai adanya penggunaan yang palsu atau tidak benar atas suatu Akun, kami berhak dengan diskresi sepihak kami, tanpa kewajiban, dan tanpa mengurangi hak-hak dan upaya hukum kami selanjutnya berdasarkan Ketentuan Penggunaan ini atau berdasarkan hukum, untuk segera :\nmembatalkan pesanan yang diajukan melalui Akun (-akun) tersebut;\nmembatalkan atau membuat tidak berlaku voucher, kupon atau kode kredit atau diskon yang diberikan kepada atau digunakan oleh Akun (-akun) tersebut;\nmelarang Akun (-akun) atau orang-orang tersebut untuk berpartisipasi dalam promosi, lomba atau survei herbalkita; dan/atau\nmenggabungkan, membekukan dan/atau menghentikan Akun (-akun) tersebut.\nKekayaan Intelektual dan Pembatasan atas Penggunaan\nSeluruh hak, hak milik dan kepentingan pada dan terhadap Layanan, termasuk seluruh Konten sesuai dengan Layanan tetap dan/atau akan merupakan hak cipta atau kekayaan intelektual baik dari herbalkita atau para pihak ketiga yang menyediakan data (&ldquo;Para Penyedia Data&rdquo;) (sesuai keadaan yang berlaku).\nAnda tidak boleh menggunakan Situs, Layanan, termasuk seluruh Konten, untuk publikasi, distribusi, pengiriman, pengiriman ulang, distribusi ulang, penyiaran, perbanyakan atau sirkulasi kepada orang lain kecuali jika dengan izin tertulis yang tegas dari kami.\nAnda tidak boleh mengubah, menyalin, mendistribusikan, mengirimkan, menampilkan, melaksanakan, memperbanyak, mempublikasikan, melisensikan, membuat karya-karya turunan dari, mengalihkan atau menjual Konten yang diperoleh dari Layanan dan/atau Situs kecuali jika dengan izin tertulis yang tegas dari kami.\nKami dengan ini memberikan kepada Anda lisensi pribadi yang terbatas, berlaku di seluruh dunia, bebas royalti, tidak dapat dialihkan, tidak dapat dipindahkan, dapat dicabut dan tidak bersifat eksklusif (tanpa hak untuk melakukan sublisensi) untuk menggunakan Situs, Layanan dan Konten untuk semata-mata bertujuan memungkinkan Anda menggunakan dan menikmati manfaat Layanan dengan cara yang ditetapkan oleh Ketentuan ini. Lisensi tersebut tunduk pada Ketentuan ini dan tidak mencakup distribusi Konten, pengubahan atau pemanfaatan turunan atas Situs, Layanan dan/atau Konten (atau setiap bagian dari Situs, Layanan dan/atau Konten tersebut), penggunaan metode scraping, data mining, robot atau metode pengumpulan atau penggalian data yang serupa, pengunduhan (selain page caching) setiap bagian dari Situs, Layanan, Konten atau informasi yang terdapat dalam Situs, Layanan atau Konten tersebut kecuali sebagaimana diizinkan secara tegas atas Layanan, dan setiap penggunaan Situs, Layanan atau Konten selain untuk tujuan yang dimaksudkan.\nPesanan, Penetapan Harga dan Pembayaran\nArea dan Waktu Pengiriman\nKarena Layanan kami terus berkembang di Indonesia, mungkin terdapat waktu-waktu ketika beberapa area tidak akan tercakup oleh Layanan kami.\nUntuk menentukan apakah area Anda terlayani oleh Layanan herbalkita, silakan masukkan kode pos Anda pada bagian &ldquo;Shop from the nearest stores by entering your postal code&rdquo; pada Situs utama kami.\nPengiriman untuk setiap pesanan hanya akan dilakukan ke 1 (satu) alamat yang ditentukan oleh Anda pada saat Checkout.\nHerbalkita akan bekerja sama dengan pihak ketiga sebagai penyedia jasa pengiriman untuk melakukan pengiriman pesanan.\nWaktu pengiriman atas pemesanan ditampilkan berdasarkan perkiraan kami dan mungkin dapat berbeda sesuai dengan kondisi yang berlaku.\nPengiriman hanya dapat dilakukan sesuai dengan jam operasional yang ditentukan oleh herbalkita.\nSemua resiko atas Produk beralih kepada Anda pada saat pengiriman.\nPesanan\nSeluruh pesanan yang Anda lakukan akan dianggap sebagai penawaran yang Anda buat untuk membeli produk (-produk) dan jumlah yang dipilih yang ditetapkan dalam pesanan Anda berdasarkan Ketentuan Penggunaan ini. Semua pesanan adalah berdasarkan persetujuan oleh herbalkita. Pemrosesan pembayaran untuk suatu pesanan tidak dengan sendirinya merupakan persetujuan atas pesanan oleh herbalkita, kecuali apabila pesanan untuk produk ditolak atau dibatalkan oleh herbalkita maka pembayaran yang dilakukan untuk pesanan tersebut akan dikembalikan atau dibayar kembali oleh herbalkita menurut kebijakan pengembalian pembayaran kami yang berlaku pada waktu tersebut.\nSemua pesanan yang Anda lakukan adalah berdasarkan ketersediaan barang. herbalkita berhak untuk membatalkan, mengubah atau menolak pesanan Anda secara keseluruhan atau sebagian, pada setiap saat dan tanpa kewajiban atau kompensasi, apabila produk tersebut habis, rusak atau cacat atau tidak tersedia atas alasan apapun lainnya.\nKami berhak untuk menolak setiap pesanan yang Anda ajukan melalui Layanan kami. Kami dapat, dengan diskresi sepihak kami, membatasi atau membatalkan jumlah yang dibeli tiap orang, tiap keluarga atau tiap pesanan. Pembatasan ini dapat mencakup pesanan yang diajukan oleh atau dengan akun pelanggan yang sama, kartu kredit yang sama dan/atau pesanan yang menggunakan tagihan dan/atau alamat pengiriman yang sama.\nKami berhak untuk membatasi atau melarang pesanan yang, menurut pendapat sepihak kami, tampaknya akan diajukan oleh para penyalur, penjual kembali atau distributor.\nSetelah Anda melakukan pesanan dan Checkout, Anda tidak dapat membatalkan pesanan tersebut, kecuali diperbolehkan dengan diskresi sepihak dari herbalkita. herbalkita dapat mengenakan biaya atas pembatalan tersebut.\nInformasi Produk, Penetapan Harga dan Pembayaran\nherbalkita berusaha memberikan Anda informasi penetapan harga, produk dan promosi yang tepat dan terbaru berdasarkan informasi dari Pedagang Terdaftar. Namun, kami tidak menjamin bahwa penetapan harga, gambar atau informasi produk atau promosi lainnya yang disediakan akan bebas kesalahan, diperbarui atau lengkap. herbalkita tidak bertanggung jawab atas kesalahan dalam penetapan harga dan informasi produk atau promosi yang terdapat pada Situs kami atau melalui Layanan kami.\nHarga atas Produk yang akan Anda bayarkan akan didasarkan pada harga jual kami yang berlaku pada waktu kami menerima pesanan Anda, yang mungkin atau mungkin tidak dicantumkan secara benar pada Situs atau melalui Layanan kami.\nJika harga sebenarnya dari Produk yang Anda pesan lebih tinggi daripada yang ditampilkan pada Situs atau melalui Layanan kami, maka kami akan menginformasikan kepada Anda hal tersebut dan Anda akan diberikan pilihan untuk mengkonfirmasi atau membatalkan pembelian Produk tersebut berdasarkan harga yang aktual. Dengan memberikan konfirmasi pembelian dengan perubahan tersebut, Anda memberikan kewenangan kepada kami untuk membebankan jumlah biaya tambahan kepada Anda. Jika Anda memilih untuk membatalkan pembelian, kami akan mengembalikan atau membayar kembali pembayaran atas barang tersebut menurut kebijakan pengembalian pembayaran kami yang berlaku pada waktu tersebut. Jika kami tidak dapat menghubungi Anda, maka kami akan menganggap pesanan Anda atas barang dengan harga yang tidak benar tersebut sebagai dibatalkan.\nApabila harga aktual dari suatu produk tergantung pada beratnya (&ldquo;Barang Yang Ditimbang&rdquo;), kami akan memberikan perkiraan harga berdasarkan berat yang dinyatakan dan tarif kami yang berlaku pada waktu checkout. Berat aktual dan jumlah harga dari Barang Yang Ditimbang akan diberitahukan kepada Anda pada waktu pengiriman dan:\ndalam hal kekurangan pembayaran, kami berhak untuk membebankan Anda atas jumlah biaya tambahan; dan\ndalam hal terdapat kelebihan pembayaran, kami akan mengembalikan atau membayar kembali jumlah kelebihan pembayaran untuk Barang Yang Ditimbang tersebut menurut kebijakan pengembalian pembayaran kami yang berlaku pada waktu pengiriman.\nSemua harga produk ditunjukkan dalam Rupiah dan termasuk Pajak Pertambahan Nilai sesuai dengan ketentuan perpajakan yang berlaku di Indonesia. Harga produk dapat berubah dari waktu ke waktu dan diskon atau penawaran promosi juga dapat ditarik pada setiap saat tanpa pemberitahuan.\nPembayaran untuk semua pesanan harus dilakukan dalam Rupiah sesuai dengan ketentuan yang berlaku di Indonesia.\nKami menerima pembayaran untuk pesanan sesuai dengan pilihan yang kami sediakan pada Situs, antara lain secara Tunai, MasterCard, dan Visa.\nBerdasarkan pengajuan pesanan Anda, Anda memberikan kewenangan kepada kami untuk mengirimkan informasi atau untuk memperoleh informasi tentang Anda dari para pihak ketiga dari waktu ke waktu dan hal ini dapat mencakup pemeriksaan verifikasi yang menyangkut nomor kartu debit atau kartu kredit atau laporan kredit Anda untuk mengecek keaslian identitas Anda, memvalidasi kartu kredit Anda, memperoleh otorisasi kartu kredit awal, melindungi Anda dan kami dari penipuan (fraud), dan memungkinkan kami untuk mengatur pengiriman pesanan Anda ke alamat pengiriman yang Anda tentukan.\nApabila Anda memilih untuk melakukan pembayaran secara tunai, Anda sepakat untuk memberikan kuasa kepada herbalkita untuk melakukan pembayaran terlebih dahulu atas pesanan Anda.\nProduk\nKami telah melakukan setiap upaya yang wajar untuk menampilkan seakurat mungkin warna dan gambar produk yang tampil di Layanan dan Konten kami. Kami tidak dapat menjamin keakuratan tampilan warna produk tersebut pada monitor komputer Anda.\nKami berhak, namun tidak berkewajiban, untuk membatasi Layanan kami kepada orang, kawasan geografis atau yurisdiksi manapun. Kami dapat menggunakan hak ini berdasarkan kasus per kasus.\nKami berhak untuk memilih Produk yang ditampilkan dan membatasi jumlah Produk atau Layanan yang kami tawarkan.\nSemua keterangan produk atau penetapan harga produk dapat berubah pada setiap saat tanpa pemberitahuan, dengan diskresi sepihak kami.\nPenawaran untuk Produk atau Layanan yang dilakukan pada Situs ini batal apabila dilarang berdasarkan hukum.\nKami tidak menjamin bahwa kualitas Produk, Layanan, informasi atau materi lain yang Anda beli atau peroleh akan memenuhi harapan Anda, atau bahwa kesalahan dalam Layanan akan diperbaiki.\nPenjualan atas Produk tertentu yang memerlukan izin khusus sepenuhnya dilakukan oleh Pedagang Terdaftar yang memiliki izin untuk menjual produk tersebut sesuai peraturan perundang-undangan yang berlaku.\nKeakuratan Tagihan dan Informasi Akun\nDalam hal kami melakukan perubahan pada atau membatalkan suatu pesanan, kami berupaya memberitahukan Anda dengan menghubungi melalui e-mail dan/atau alamat penagihan/nomor telepon yang diberikan pada waktu dilakukannya pemesanan.\nAnda setuju untuk memberikan informasi pembelian dan akun yang terbaru, lengkap dan akurat untuk semua pembelian yang dilakukan di toko Pedagang Terdaftar. Anda setuju untuk segera memperbarui akun Anda dan informasi lainnya, termasuk alamat e-mail dan nomor kartu kredit Anda serta tanggal kedaluwarsanya, sehingga kami dapat merampungkan transaksi-transaksi Anda dan menghubungi Anda sebagaimana diperlukan.\nPerangkat Opsional\nKami dapat menyediakan Anda akses pada perangkat (tools) pihak ketiga yang tidak dapat kami pantau atau kami tidak memiliki kendali apa pun atasnya.\nAnda mengakui dan menyetujui bahwa kami menyediakan akses pada perangkat tersebut &lsquo;sebagaimana adanya&rsquo; dan &lsquo;sebagaimana tersedia&rsquo; tanpa jaminan, pernyataan atau persyaratan dalam bentuk apa pun dan tanpa pengesahan. Kami tidak bertanggung jawab atas, termasuk tetapi tidak terbatas pada, kerugian atau kerusakan apa pun yang Anda derita yang timbul dari atau terkait dengan penggunaan Anda atas perangkat opsional dari pihak ketiga.\nSetiap penggunaan Anda atas perangkat opsional yang ditawarkan melalui Situs seluruhnya merupakan risiko dan diskresi Anda sendiri dan Anda harus memastikan bahwa Anda paham dengan dan menyetujui ketentuan yang menjadi dasar penyediaan perangkat tersebut oleh (para) penyedia pihak ketiga yang bersangkutan.\nKami juga dapat, pada waktu yang akan datang, menawarkan layanan dan/atau fitur baru melalui Situs (termasuk, pelepasan perangkat dan instrumen baru). Fitur-fitur dan/atau layanan baru tersebut juga akan tunduk pada Ketentuan Penggunaan ini.\nTautan Pihak Ketiga\nTautan-tautan pihak ketiga pada Situs kami dapat mengarahkan Anda pada situs web pihak ketiga yang tidak berafiliasi dengan kami. Kami tidak bertanggung jawab untuk memeriksa atau mengevaluasi konten atau keakuratannya dan kami tidak menjamin dan tidak memiliki kewajiban atau tanggung jawab apapun atas materi atau situs web pihak ketiga, atau atas materi, produk atau layanan lain dari para pihak ketiga.\nKami tidak bertanggung jawab atas kerusakan atau kerugian terkait dengan pembelian atau penggunaan barang, layanan, instrumen, konten, atau transaksi-transaksi lainnya yang dilakukan sehubungan dengan situs web pihak ketiga. Mohon pastikan bahwa Anda memeriksa kebijakan dan praktik dari pihak ketiga dan pastikan Anda memahaminya sebelum Anda terlibat dalam transaksi apa pun.\nSetiap pengaduan, klaim, masukan atau pertanyaan mengenai produk-produk pihak ketiga harus ditujukan kepada pihak ketiga terkait.\nKomentar, Masukan dan Penyerahan Lain dari Pengguna\nApabila, berdasarkan permintaan kami, Anda mengirimkan pendaftaran aplikasi tertentu (contohnya, pendaftaran undian) atau tanpa permintaan dari kami, Anda mengirimkan ide-ide kreatif, usulan, proposal, rencana atau materi lainnya, baik daring (online), melalui e-mail, pos atau yang lain (secara bersama-sama disebut &rdquo;Komentar&rdquo;), Anda setuju bahwa kami dapat, pada setiap saat, tanpa batasan, mengedit, menyalin, mempublikasikan, mendistribusikan, menerjemahkan dan menggunakan dalam media apa pun setiap komentar yang Anda teruskan kepada kami.\nKami tidak dan tidak akan berkewajiban, termasuk namun tidak terbatas pada, untuk:\nmerahasiakan komentar;\nmembayar kompensasi untuk komentar; atau\nmenanggapi komentar.\nKami dapat, namun tidak berkewajiban untuk, memantau, mengedit atau menghapus konten yang kami anggap, dengan diskresi sepihak kami, tidak sah, menghina, mengancam, memfitnah, mencemarkan nama baik, porno, asusila atau tidak menyenangkan atau melanggar kekayaan intelektual pihak manapun atau Ketentuan Penggunaan ini.\nDengan mengirimkan dan/atau menampilkan komentar Anda, Anda setuju bahwa komentar Anda tidak akan melanggar hak pihak ketiga, termasuk hak cipta, merek dagang, privasi, kedudukan atau hak pribadi atau kepemilikan lainnya. Anda selanjutnya setuju bahwa komentar Anda tidak akan mengandung materi yang bersifat memfitnah atau melanggar hukum, menyerang atau asusila atau berisi virus komputer atau malware lainnya yang dapat dengan cara apa pun mempengaruhi operasional Layanan atau situs web yang terkait.\nAnda setuju untuk tidak menggunakan alamat e-mail palsu, berpura-pura menjadi orang lain selain diri Anda atau memberikan informasi yang tidak benar kepada kami atau pihak ketiga mengenai sumber komentar. Anda bertanggung jawab mutlak atas komentar yang Anda buat dan keakuratannya. Kami tidak bertanggung jawab dan tidak memikul kewajiban apapun atas setiap komentar yang Anda tampilkan atau oleh pihak ketiga manapun.\nInformasi Pribadi\nPenyerahan informasi pribadi Anda yang dilakukan melalui toko Pedagang Terdaftar diatur oleh Kebijakan Privasi kami. Untuk melihat Kebijakan Privasi kami, silakan klik di sini.\nKesalahan, Ketidakakuratan dan Kelalaian\nTerkadang mungkin ada informasi pada Situs kami, dalam Layanan dan/atau Konten yang memuat kesalahan ketik, ketidakakuratan atau kelalaian yang mungkin terkait dengan keterangan produk, penetapan harga, promosi, penawaran, biaya pengiriman produk, waktu singgah dan ketersediaan.\nKami berhak untuk memperbaiki kesalahan, ketidakakuratan atau kelalaian apapun, dan untuk mengganti atau memperbarui informasi atau membatalkan pesanan jika informasi pada Situs, Layanan, Konten atau pada situs web yang terkait tidak akurat pada setiap saat tanpa pemberitahuan sebelumnya kepada Anda.\nKami tidak menanggung kewajiban untuk memperbarui, mengubah atau mengklarifikasi informasi pada Situs, Layanan, Konten atau pada situs web yang terkait, termasuk tidak terbatas, informasi penetapan harga, kecuali sebagaimana diwajibkan berdasarkan hukum. Tidak ada tanggal pembaruan atau penyegaran (refresh) tertentu yang diberlakukan pada Situs, Layanan, Konten atau pada situs web yang terkait yang harus dijadikan patokan untuk menandai bahwa semua informasi pada Situs, Layanan, Konten atau pada situs web yang terkait telah diubah atau diperbarui.\nPenggunaan yang Dilarang\nSelain larangan lainnya yang terdapat dalam Ketentuan Penggunaan, Anda dilarang untuk menggunakan Situs, Layanan atau Konten:\nuntuk tujuan yang tidak sah;\nmeminta pihak lain untuk melaksanakan atau berpartisipasi dalam tindakan-tindakan yang tidak sah;\nmelanggar peraturan, aturan, undang-undang internasional, federal, provinsi atau negara bagian atau ordonansi setempat;\nmelanggar atau menyalahgunakan hak kekayaan intelektual kami atau hak kekayaan intelektual pihak lain;\nmelecehkan, menghina, mengejek, membahayakan, memfitnah, mencemarkan nama baik, meremehkan, melakukan intimidasi atau diskriminasi berdasarkan jenis kelamin, orientasi seksual, agama, etnis, ras, usia, asal negara atau disabilitas;\nmenyerahkan informasi palsu atau menyesatkan;\nmengunggah atau mengirimkan virus atau jenis kode berbahaya lainnya yang akan atau dapat digunakan dengan cara apapun yang akan mempengaruhi fungsi atau operasional Layanan atau situs web yang terkait, situs web lainnya atau internet;\nmengumpulkan atau melacak informasi pribadi orang lain;\nmelakukan spamming, phising, pharming, pretext, spider, crawl atau scraping;\nuntuk maksud asusila atau tidak bermoral; atau\nmengganggu atau memanipulasi fitur-fitur keamanan dari Layanan atau situs web terkait, situs web lainnya atau Internet.\nKami berhak untuk menghentikan penggunaan Anda atas Situs, Layanan, Konten atau situs terkait karena melanggar setiap ketentuan penggunaan yang dilarang.\nPelepasan Tanggung Jawab Atas Jaminan; Pembatasan Kewajiban\nKami tidak menanggung, menyatakan atau menjamin bahwa penggunaan Anda atas Situs, Layanan dan/atau Konten kami tidak akan terputus, tepat waktu, aman atau bebas kesalahan.\nKami tidak menjamin bahwa hasil-hasil yang mungkin diperoleh dari penggunaan Situs, Layanan dan/atau Konten kami akan tepat atau dapat diandalkan.\nAnda setuju bahwa dari waktu ke waktu kami dapat menghapus Situs, Layanan dan/atau Konten kami untuk jangka waktu yang tidak dapat ditentukan atau membatalkan Situs, Layanan dan/atau Konten kami pada setiap saat, tanpa pemberitahuan kepada Anda.\nAnda setuju bahwa penggunaan Anda atas, atau ketidakmampuan Anda untuk menggunakan, Situs, Layanan dan/atau Konten kami adalah merupakan risiko Anda sepenuhnya. Situs, Layanan dan/atau Konten kami dan seluruh produk dan layanan yang dikirimkan kepada Anda melalui Situs, Layanan dan/atau Konten kami (kecuali secara tegas dinyatakan oleh kami) disediakan &lsquo;sebagaimana adanya&rsquo; dan &lsquo;sebagaimana tersedia&rsquo; untuk Anda gunakan, tanpa pernyataan, jaminan atau persyaratan dalam bentuk apa pun, baik secara tegas atau tersirat, termasuk seluruh jaminan atau persyaratan tersirat atas perdagangan, kualitas yang dapat diperdagangkan, kelayakan untuk tujuan tertentu, keawetan, hak milik dan tidak ada pelanggaran.\nDalam hal apa pun herbalkita, direksi, pejabat, karyawan, afiliasi, agen, kontraktor, tenaga magang, pemasok, penyedia layanan atau pemberi lisensi kami tidak akan dikenakan tanggung jawab atas kerusakan, kerugian, klaim atau ganti rugi langsung, ganti rugi tidak langsung, ganti rugi tambahan, ganti rugi akibat hukuman, ganti rugi khusus atau ganti rugi konsekuensial dalam jenis apa pun, termasuk, tidak terbatas, atas kehilangan laba, kehilangan keuntungan, kehilangan tabungan, kehilangan data, biaya penggantian atau ganti rugi serupa, baik berdasarkan kontrak, perbuatan melawan hukum (termasuk kelalaian), kewajiban yang tegas atau yang lain, yang timbul dari penggunaan Anda atas setiap layanan atau produk yang diperoleh menggunakan layanan, atau atas klaim lainnya yang terkait dengan cara apa pun yang ditimbulkan sebagai akibat dari penggunaan Anda atas layanan atau produk apa pun, termasuk, namun tidak terbatas, pada kesalahan atau kelalaian dalam konten, atau kerugian atau kerusakan dalam jenis apa pun yang ditimbulkan sebagai akibat penggunaan layanan atau konten (atau produk) yang ditayangkan, dikirimkan atau disediakan melalui layanan, meskipun diberitahukan atas kemungkinannya.\nHerbalkita tidak bertanggung jawab untuk memeriksa legalitas dari Pedagang Terdaftar dalam melakukan kegiatan usahanya termasuk keberlakuan izin yang diperlukan berdasarkan ketentuan yang berlaku.\nPada saat kami telah melakukan pengiriman ke alamat yang Anda tentukan dan pesanan tidak diterima karena kesalahan atau kelalaian Anda, maka pesanan tersebut dianggap telah diantar kepada Anda dan semua resiko atas pesanan beralih kepada Anda. Setiap biaya, pengeluaran, maupun kerugian terkait hal tersebut menjadi tanggung jawab Anda.\nKami tidak bertanggung jawab untuk setiap kegagalan atau keterlambatan dalam melakukan Layanan atau mengirimkan Produk yang mana kegagalan tersebut timbul sebagai akibat dari setiap tindakan atau kelalaian, yang di luar kendali kami dan tidak dapat dihindari yang disebabkan oleh kekuatan alam yang tidak dapat diantisipasi, dikendalikan, atau dicegah, dengan tindakan kehati-hatian, ketelitian, dan perhatian, termasuk namun tidak terbatas pada: kecelakaan, bencana, perang, kerusuhan, huru-hara, perintah undang-undang, peraturan, ketentuan atau arahan dan tindakan dari pihak ketiga.\nPemberian Ganti Rugi\nAnda setuju untuk memberikan ganti rugi, membela dan membebaskan herbalkita dan perusahaan induk, anak perusahaan, afiliasi, mitra, pejabat, direksi, agen, kontrak, pemberi lisensi, penyedia layanan, subkontraktor, pemasok, tenaga magang dan karyawan kami dari klaim atau tuntutan apa pun, termasuk, imbalan jasa kuasa hukum, yang dilakukan oleh pihak ketiga yang diakibatkan atau yang timbul dari pelanggaran Anda atas Ketentuan Penggunaan ini atau dokumen-dokumen yang mereka masukkan berdasarkan rujukan, atau pelanggaran Anda atas hukum apa pun atau hak-hak pihak ketiga.\nKeterpisahan\nDalam hal salah satu ketentuan dari Ketentuan Penggunaan ini menjadi tidak sah, batal demi hukum atau tidak dapat diberlakukan maka ketentuan tersebut meskipun berlaku sejauh yang diizinkan berdasarkan hukum yang berlaku, dan bagian yang tidak berlaku dianggap akan dipisahkan dari Ketentuan Penggunaan ini, di mana penetapan tersebut tidak akan mempengaruhi keabsahan dan keberlakuan ketentuan lainnya yang masih ada.\nPengakhiran\nKewajiban-kewajiban dan tanggung jawab para pihak yang ditimbulkan sebelum tanggal pengakhiran tetap berlaku setelah pengakhiran Ketentuan Penggunaan ini untuk alasan apapun.\nKetentuan Penggunaan ini berlaku kecuali jika dan sampai diakhiri oleh salah satu dari Anda atau kami.\nSatu-satunya hak dan upaya hukum yang Anda miliki terhadap kami dalam hal ketidakpuasan atas Layanan atau keluhan lain adalah pengakhiran dan pemutusan akses oleh Anda atas atau untuk menggunakan Layanan atau dengan memberitahukan kepada kami bahwa Anda tidak lagi ingin menggunakan Layanan kami.\nApabila kami berpendapat bahwa Anda telah lalai, atau kami mencurigai bahwa Anda telah lalai, untuk mematuhi ketentuan atau ketetapan apa pun dari Ketentuan Penggunaan ini, kami juga dapat mengakhiri kesepakatan ini pada setiap saat tanpa pemberitahuan kepada Anda dan Anda akan tetap berkewajiban atas seluruh jumlah yang jatuh tempo hingga dan termasuk tanggal pengakhiran; dan/atau oleh karenanya dapat menolak akses Anda pada Layanan kami (atau bagian apa pun dari Layanan tersebut).\nKeseluruhan Perjanjian\nKelalaian kami untuk menggunakan atau melaksanakan hak atau ketentuan apa pun dari Ketentuan Penggunaan ini bukan merupakan pengesampingan atas hak atau ketentuan tersebut.\nKetentuan Penggunaan ini dan kebijakan atau aturan operasional yang kami tayangkan pada Situs ini atau sehubungan dengan Layanan merupakan satu kesatuan yang tidak terpisahkan dan kesepahaman antara Anda dan kami yang mengatur penggunaan Anda atas Layanan, menggantikan perjanjian, pernyataan dan usulan sebelumnya atau yang bersamaan, baik secara lisan atau tertulis, antara Anda dan kami (termasuk, tetapi tidak terbatas pada, versi-versi sebelumnya dari Ketentuan Penggunaan ini).\nHukum yang Berlaku dan Penyelesaian Sengketa\nKetentuan Penggunaan ini dan perjanjian-perjanjian yang terpisah yang menjadi dasar penyediaan Layanan kami kepada Anda diatur oleh dan ditafsirkan menurut hukum Republik Indonesia, termasuk namun tidak terbatas pada Undang-Undang No. 11 Tahun 2011 tentang Informasi dan Transaksi Elektronik, Peraturan Pemerintah No. 82 Tahun 2012 tentang Penyelenggaraan Sistem dan Transaksi Elektronik, dan peraturan perundang-undangan terkait lainnya.\nPara pihak dengan ini sepakat untuk memilih jurisdiksi pada Pengadilan Negeri Jakarta Selatan dalam hal terjadi sengketa antara para pihak terkait dengan Ketentuan Penggunaan ini.\nPerubahan atas Ketentuan Penggunaan\nKami berhak, dengan diskresi sepihak kami, untuk memperbarui, mengubah atau mengganti setiap bagian dari Ketentuan Penggunaan ini dengan menayangkan pembaruan dan perubahan pada Situs kami. Anda bertanggung jawab mutlak untuk memeriksa Situs kami secara berkala jika ada perubahan. Keberlanjutan penggunaan atau akses Anda pada Situs atau Layanan kami setelah penayangan perubahan pada Ketentuan Penggunaan ini merupakan persetujuan atas perubahan-perubahan tersebut.\nInformasi Kontak\nPertanyaan-pertanyaan mengenai Ketentuan Penggunaan harus dikirimkan kepada kami di support@herbalkita.net\nBahasa\nKetentuan ini ditampilkan dalam Bahasa Indonesia dan bahasa Inggris. Dalam hal terdapat ketidaksesuaian antara teks Bahasa Indonesia dan bahasa Inggris, maka penafsiran yang akan digunakan dan berlaku adalah teks Bahasa Indonesia.\nRewards\nKetentuan Umum\nSejauh diizinkan oleh hukum yang berlaku, kami berhak, tanpa pemberitahuan sebelumnya kepada anda dan atas kebijakan kami:\nmengubah atau menarik manfaat yang terkait dengan tingkat Program tertentu.\nAnda akan bertanggung jawab atas setiap pajak yang berlaku, pungutan atau tugas yang timbul sehubungan dengan penerbitan koin Anda, Anda penebusan dan/atau penggunaan imbalan dan semua biaya dan pengeluaran terkait sama ditanggung oleh Anda.\nJika terjadi ketidakkonsistenan antara Syarat Program dan brosur, materi pemasaran atau promosi, informasi di situs Mitra yang berkaitan dengan Program, Ketentuan Program ini akan berlaku.\nKami tidak bertanggung jawab jika kami tidak dapat menjalankan kewajiban tersebut berdasarkan Persyaratan Penggunaan (termasuk Persyaratan Program ini), yang secara langsung atau tidak langsung diberikan kepada Force Majeure, kegagalan komputer, mesin atau sistem komunikasi, perselisihan industrialis, perang, musibah/bencana alam, peristiwa-peristiwa yang tidak dapat diramalkan, atau yang, meskipun diramalkan, tidak dapat dihindari, atau apapun yang berada di luar kendali kita.\nDALAM PENAMBAHAN BATASAN LAIN-LAIN DAN PENGECUALIAN DALAM TITIK KAMI, DALAM HAL APAPUN KITA ATAU DIREKTUR, PEJABAT, KARYAWAN, AGEN, ATAU PERWAKILAN LAINNYA TIDAK BERTANGGUNG JAWAB ATAS KERUSAKAN LANGSUNG, TIDAK LANGSUNG, KHUSUS, AKSIDENTAL, KONSEKUEN-SIAL, ATAU HUKUM, ATAU KERUSAKAN LAINNYA YANG TIMBUL DARI ATAU TERKAIT DENGAN PROGRAM. KEWAJIBAN TOTAL KAMI, BAIK DALAM KONTRAK, JAMINAN, KESALAHAN (TERMASUK KELALAIAN) ATAU SEBALIKNYA, TIDAK AKAN MELEBIHI BIAYA KEANGGOTAAN TERAKHIR YANG DIBAYAR. PENGECUALIAN DAN PEMBATASAN TANGGUNG JAWAB INI AKAN BERLAKU SEJAUH DIIZINKAN OLEH UNDANG-UNDANG DAN AKAN MELANGGAR PEMBATALAN ATAU PENGHENTIAN AKUN ANDA. YURISDIKSI TERTENTU TIDAK MUNGKIN MENGIZINKAN PENGECUALIAN ATAU PEMBATASAN KERUGIAN TERTENTU. JIKA HUKUM INI BERLAKU UNTUK ANDA, BEBERAPA ATAU SEMUA PENGECUALIAN ATAU PEMBATASAN DI ATAS MUNGKIN TIDAK BERLAKU UNTUK ANDA, DAN ANDA MUNGKIN MEMILIKI HAK TAMBAHAN.\n','Kebijakan Privasi\nPengantar\nPT HERBAL KITA INDONESIA (&quot;herbalkita&quot;) sangat menghormati privasi Anda. Kami meminta Anda membaca kebijakan privasi ini (&ldquo;Kebijakan Privasi&rdquo;) dengan cermat karena memuat informasi penting mengenai apa yang akan diharapkan apabila herbalkita mengumpulkan data pribadi (&ldquo;Data Pribadi&rdquo;) mengenai Anda dan bagaimana herbalkita akan menggunakan Data Pribadi Anda.\nKebijakan ini berlaku atas informasi yang kami kumpulkan pada herbalkita.net dan sub-domainnya mengenai:\npengunjung situs web kami (&quot;Situs&quot;);\npengguna yang telah mendaftarkan suatu akun pada kami;\npengguna yang telah memberikan alamat e-mail-nya kepada kami; dan\npelanggan yang telah membeli sesuatu dari kami.\n\nPersetujuan atas Kebijakan Privasi\nKebijakan Privasi ini menjelaskan bagaimana Data Pribadi yang Anda berikan melalui Layanan kami (yang didefinisikan dalam Ketentuan Penggunaan) (&quot;Layanan&quot;) dikumpulkan, digunakan, dibagikan, disimpan dan dilindungi oleh herbalkita dan/atau anak perusahaan, afiliasi atau perusahaan-perusahaan yang terkait dengan herbalkita. Dengan membeli, mengakses dan menggunakan Layanan kami, Anda setuju untuk terikat oleh ketentuan Kebijakan Privasi ini yang tunduk pada Ketentuan Penggunaan kami dan Anda memberikan persetujuan atas pengumpulan, penggunaan dan pengungkapan Data Pribadi Anda oleh herbalkita dan/atau anak perusahaan, afiliasi atau perusahaan-perusahaan yang terkait dengan herbalkita.\n\nPengumpulan Informasi\nKami akan memperoleh Data Pribadi mengenai Anda apabila Anda mengunjungi Situs kami. Apabila Anda mengunjungi Situs kami, kami dapat memantau penggunaan Situs ini melalui penggunaan cookies dan perangkat pelacak yang serupa. Sebagai contoh, kami dapat memantau jumlah kunjungan Anda ke Situs kami atau situs-situs dan/atau laman web lain yang Anda kunjungi. Informasi ini membantu kami untuk membuat profil tentang para pengguna kami. Beberapa data ini akan diagregasikan atau dibuat secara statistik, yang berarti bahwa kami tidak akan dapat mengenali Anda secara perorangan.\nKami dapat mengumpulkan dan menyimpan Data Pribadi Anda termasuk namun tidak terbatas pada hal-hal berikut ini:\ninformasi identifikasi pribadi (contohnya, nama, alamat surat-menyurat, alamat e-mail, kata sandi, informasi kartu kredit atau kartu debit, dll) yang secara sukarela Anda berikan untuk Tujuan-tujuan (sebagaimana didefinisikan di bawah ini) sehubungan dengan penggunaan atau akses Anda atas Layanan termasuk, namun tidak terbatas pada, jika Anda membuat suatu akun pada kami, melakukan pembayaran, mengunggah, menayangkan, menampilkan atau mengirimkan konten pada atau melalui Layanan, berkomunikasi dengan orang atau badan lain melalui Layanan atau menghubungi kami melalui e-mail atau telepon; dan\ninformasi identifikasi non-pribadi (contohnya URL yang terakhir kali Anda kunjungi atau akses berikutnya, jenis peramban, alamat IP Anda, dll) yang dikumpulkan secara otomatis dari Anda ketika Anda berinteraksi dengan Situs (sebagaimana dijelaskan dalam Ketentuan Penggunaan) melalui penggunaan perangkat lunak atau proses otomatis lainnya yang digunakan Situs.\n\nPenggunaan Informasi\nKami dapat menggunakan Data Pribadi Anda untuk tujuan-tujuan termasuk, namun tidak terbatas, salah satu dari hal-hal berikut ini:\nmemproses pendaftaran Anda pada Layanan kami;\nmemproses transaksi-transaksi pembayaran yang Anda lakukan;\nmenanggapi pertanyaan atau permintaan Anda dan menyediakan layanan pelanggan;\nmengirimkan kepada Anda informasi, pemberitahuan, pembaruan atau menghubungi Anda apabila diperlukan;\nmembantu kami menyediakan, menjaga, mengembangkan, menguji, meningkatkan dan mempersonalisasikan Layanan kami kepada Anda;\nmendiagnosis dan memecahkan masalah pada Layanan;\nmendeteksi atau menyelidiki aktivitas-aktivitas yang dilarang, melanggar hukum, tidak resmi atau curang;\nmemantau dan menganalisis aktivitas pengguna dan data demografis termasuk kecenderungan (trend) dan penggunaan Layanan;\nmenimbulkan dan/atau melacak data analitik anonim;\nmembuat data cadangan pada sistem kami dan memungkinkan adanya pemulihan kerusakan;\nmematuhi undang-undang, putusan pengadilan atau amanat peraturan perundang-undangan lainnya;\nmelindungi hak-hak, keselamatan harta atau pribadi staf kami maupun publik;\nmelakukan penjualan business-to-business (B2B) secara langsung; dan/atau\ntujuan-tujuan lain sehubungan dengan Layanan yang dapat kami beritahukan kepada Anda atau untuk menambah interaksi Anda dengan kami.\nKhususnya, apabila Anda memberikan Data Pribadi kepada kami, termasuk namun tidak terbatas untuk menyelesaikan suatu transaksi, memverifikasi kartu kredit Anda, mengajukan pesanan, mengatur penyerahan atau mengembalikan suatu pembelian, kami menyimpulkan bahwa Anda memberikan persetujuan bagi kami untuk mengumpulkan dan menggunakannya untuk alasan khusus tersebut saja.\nDi samping itu, kami dapat, dari waktu ke waktu, menggunakan Data Pribadi Anda termasuk nomor telepon untuk menghubungi Anda guna menginformasikan mengenai produk-produk dan layanan-layanan, penawaran promosi terbaru kami dan informasi pemasaran lainnya. Anda setuju untuk dihubungi untuk tujuan-tujuan tersebut kecuali jika Anda memilih untuk menerima informasi tersebut dengan menghubungi kami pada support@herbalkita.net atau mengirimkan surat kepada kami yang dialamatkan kepada herbalkita, Jl. Raya Sawangan, Perempatan Mampang, Depok, 16436.\nPengungkapan Informasi\nKami hanya akan memberikan Data Pribadi Anda kepada para pihak yang terkait langsung dengan kami (kecuali jika disepakati lain oleh Anda) termasuk namun tidak terbatas pada, para pihak ketiga yang memerlukan informasi tersebut sebagaimana sewajarnya diperlukan untuk tujuan utama pengumpulan informasi tersebut; atau untuk tujuan-tujuan yang akan dianggap layak oleh orang yang berakal sehat dalam suatu keadaan; atau apabila telah disetujui oleh orang tersebut. Para pihak ketiga tersebut dapat mencakup para penyedia layanan, kontraktor, konsultan, agen dan/atau perwakilan yang menyediakan layanan kepada Perusahaan sehubungan dengan kegiatan usaha dan/atau operasional.\nPara pihak yang telah memperoleh Data Pribadi Anda akan tunduk berdasarkan ketentuan kerahasiaan yang wajar untuk tidak menggunakan informasi identifikasi pribadi Anda untuk tujuan apa pun selain yang ditetapkan dalam Kebijakan Privasi ini. Meskipun demikian, kami tidak mengawasi dan tidak bertanggung jawab atau tidak berkewajiban dalam hal apa pun atas pengumpulan, penggunaan dan perlindungan Data Pribadi Anda oleh pihak manapun yang telah memperoleh Data Pribadi Anda termasuk usaha, badan lainnya dan/atau penyedia layanan pihak ketiga yang mana melakukan penjualan business-to-business langsung dengan kami. Hal tersebut merupakan tanggung jawab mutlak Anda untuk membaca kebijakan privasi dari para pihak tersebut sebelum Anda memberikan Data Pribadi kepada para pihak tersebut.\n\nInformasi atas Layanan Pihak Ketiga\nSaat Anda keluar dari Situs kami atau diarahkan kembali ke situs web atau aplikasi pihak ketiga, Anda tidak lagi diatur oleh Kebijakan Privasi ini atau Ketentuan Penggunaan Situs kami.\nKhususnya, saat suatu tautan diklik dan Anda diarahkan keluar dari Situs kami maka kami tidak akan bertanggung jawab lagi atas praktik-praktik privasi di situs-situs lain dan menganjurkan Anda untuk membaca pernyataan privasi situs-situs tersebut.\n\nKeamanan\nUntuk melindungi Data Pribadi Anda, kami melakukan tindakan pencegahan yang wajar, memelihara pengamanan yang penting dan mengikuti praktik-praktik usaha yang umum untuk menjamin keamanan dan privasi atas informasi yang kami kumpulkan untuk melindungi kehilangan, penyalahgunaan atau perubahan berulang-ulang atas informasi tertentu yang berada di bawah pengawasan kami. Terlepas dari hal tersebut, meskipun kami berusaha melindungi Data Pribadi Anda, kami tidak dapat menjamin keamanan atau privasi atas informasi tersebut atau bahwa informasi tersebut tidak akan diakses, diungkapkan, diubah atau dimusnahkan.\nKhususnya, semua informasi kartu kredit yang diberikan kepada kami dienkripsi menggunakan Secure Sockets Layer (SSL) yang aman dan disimpan dengan enkripsi Advanced Encryption Standard (AES-256). Kami mengikuti semua persyaratan Payment Card Industry &ndash; Data Security Standard (PCI-DSS) [dan melaksanakan standar-standar industri tambahan yang diterima secara umum untuk sewajarnya melindungi dan mengamankan semua informasi kartu kredit yang diberikan kepada kami.\n\nPencabutan, Akses dan Perbaikan Data Pribadi Anda\nApabila Anda ingin mencabut persetujuan Anda untuk penggunaan Data Pribadi Anda atau memperoleh akses atau melakukan perbaikan pada catatan Data Pribadi Anda, mohon melakukan pemberitahuan yang wajar kepada herbalkita dengan mengirimkan permohonan tertulis kepada support@herbalkita.net atau herbalkita, Jl. Raya Sawangan, Perempatan Mampang, Depok, 16436.\nHerbalkita akan berhenti mengumpulkan, menggunakan atau mengungkapkan Data Pribadi berdasarkan pencabutan tersebut kecuali jika diizinkan atau disyaratkan lain berdasarkan peraturan perundang-undanganan yang berlaku.\nMohon perhatikan bahwa jika Anda mencabut persetujuan Anda atas setiap atau seluruh penggunaan Data Pribadi Anda, tergantung pada sifat permohonan Anda, herbalkita tidak dapat untuk terus menyediakan produk-produk atau layanan kepada Anda dan hal ini juga dapat mengakibatkan pemutusan hubungan kontrak yang sedang berlangsung, dan hak-hak hukum serta upaya hukum dari herbalkita dalam hal tersebut secara tegas dijamin undang-undang.\nKami juga ingin memastikan bahwa Data Pribadi Anda adalah akurat dan terbaru. Jika salah satu informasi yang telah Anda berikan kepada herbalkita berubah dan/atau jika Anda ingin membatalkan pendaftaran Anda, mohon menyampaikan keterangan yang benar kepada kami dengan mengirimkan email kepada support@herbalkita.net atau dengan mengirimkan surat kepada herbalkita, Jl. Raya Sawangan, Perempatan Mampang, Depok, 16436.\n\nCookies\nKami dapat menggunakan cookies, web beacons dan teknologi pelacakan yang serupa lainnya sehubungan dengan akses Anda atau penggunaan Situs. Cookies adalah berkas-berkas teks yang ditempatkan pada komputer Anda untuk mengumpulkan standar informasi Internet Log dan informasi perilaku pengunjung. Informasi tersebut digunakan untuk melacak penggunaan pengunjung atas Situs dan untuk menyusun laporan statistik mengenai aktivitas Situs dan memungkinkan kami untuk meningkatkan Situs. Cookies juga memungkinkan Anda untuk menggunakan atau mengakses fitur-fitur atau layanan tertentu pada Situs atau Layanan kami, termasuk fitur keranjang belanja (shopping cart) dan fitur check-out. Anda juga dapat dimungkinkan mematikan sebagian tetapi tidak semua cookies melalui setelan perangkat atau peramban (browser) meskipun melakukan hal tersebut dapat mempengaruhi kemampuan Anda untuk mengakses atau menggunakan Situs.\n\n\nUsia Dewasa\nDengan menggunakan Situs ini, Anda menyatakan bahwa Anda sekurang-kurangnya berusia dewasa dan cakap di negara atau provinsi tempat tinggal Anda, dan Anda telah memberikan persetujuan Anda untuk mengizinkan setiap tanggungan Anda yang di bawah umur untuk menggunakan Situs ini.\n\nPerubahan atas Kebijakan Privasi ini\nKami berhak, dengan diskresi kami sendiri, untuk mengubah atau memperbarui Kebijakan Privasi ini pada setiap waktu dan seluruh perubahan akan segera berlaku pada waktu ditampilkan di Situs. Apabila kami melakukan perubahan materiil atas kebijakan ini, kami akan memberitahukan Anda di sini bahwa Kebijakan Privasi ini telah diperbarui, sehingga Anda mengetahui tentang informasi apa yang kami kumpulkan, bagaimana kami menggunakannya, dan dalam keadaan apa, jika ada, kami menggunakan dan/atau mengungkapkannya.\nApabila toko kami diakuisisi atau dileburkan dengan perusahaan lain, informasi Anda dapat dialihkan kepada para pemilik yang baru sehingga kami dapat terus memberikan Layanan kepada Anda.\n\nPertanyaan dan Informasi Kontak\nApabila Anda mempunyai pertanyaan mengenai Kebijakan Privasi ini atau Anda akan mengajukan pengaduan, silakan hubungi Petugas Kepatuhan Privasi kami pada support@herbalkita.net atau mengirimkan surat yang dialamatkan kepada Petugas Kepatuhan Privasi, herbalkita, Jl. Raya Sawangan, Perempatan Mampang, Depok, 16436.\n','test.facebook.com','test.twitter.com','instagram.com','Barang yang anda pesan akan segera  kami kirimkan');
/*!40000 ALTER TABLE `mk_shops` ENABLE KEYS */;
UNLOCK TABLES;

--
-- Table structure for table `mk_stock_reserved`
--

DROP TABLE IF EXISTS `mk_stock_reserved`;
/*!40101 SET @saved_cs_client     = @@character_set_client */;
/*!40101 SET character_set_client = utf8 */;
CREATE TABLE `mk_stock_reserved` (
  `id` int(11) NOT NULL AUTO_INCREMENT,
  `item_id` int(11) NOT NULL,
  `shop_id` int(11) NOT NULL,
  `stock` int(11) NOT NULL,
  `transaction_header_id` int(11) NOT NULL,
  `name` varchar(255) NOT NULL,
  `added_transaction` timestamp NOT NULL DEFAULT CURRENT_TIMESTAMP,
  `updated` timestamp NULL DEFAULT NULL,
  PRIMARY KEY (`id`) USING BTREE
) ENGINE=InnoDB AUTO_INCREMENT=1105 DEFAULT CHARSET=utf8 ROW_FORMAT=DYNAMIC;
/*!40101 SET character_set_client = @saved_cs_client */;

--
-- Dumping data for table `mk_stock_reserved`
--

LOCK TABLES `mk_stock_reserved` WRITE;
/*!40000 ALTER TABLE `mk_stock_reserved` DISABLE KEYS */;
INSERT INTO `mk_stock_reserved` VALUES (1,562,1,0,194,'BIOKIDS PLATINUM','2017-12-27 05:26:03',NULL),(2,562,1,0,194,'BIOKIDS PLATINUM','2017-12-27 05:26:03',NULL),(3,516,1,0,195,'MD KOLESTEROL 350GR MUJAROB ','2017-12-27 05:26:13',NULL),(4,516,1,0,195,'MD KOLESTEROL 350GR MUJAROB ','2017-12-27 05:26:13',NULL),(5,495,1,0,196,'ALEVA MADU ANAK   ','2017-12-27 05:29:33',NULL),(6,495,1,0,196,'ALEVA MADU ANAK   ','2017-12-27 05:29:33',NULL),(7,514,1,-1,197,' KURMA MADU ANGKAK PLUS HERBA 350GR AL-BAIK  ','2017-12-27 05:32:32',NULL),(8,514,1,-1,197,' KURMA MADU ANGKAK PLUS HERBA 350GR AL-BAIK  ','2017-12-27 05:32:32',NULL),(9,562,1,-1,198,'BIOKIDS PLATINUM','2017-12-27 05:36:25',NULL),(10,562,1,-1,198,'BIOKIDS PLATINUM','2017-12-27 05:36:25',NULL),(11,516,1,-1,199,'MD KOLESTEROL 350GR MUJAROB ','2017-12-27 05:38:17',NULL),(12,516,1,-1,199,'MD KOLESTEROL 350GR MUJAROB ','2017-12-27 05:38:17',NULL),(13,562,1,1,200,'BIOKIDS PLATINUM','2017-12-27 05:46:32',NULL),(14,562,1,1,200,'BIOKIDS PLATINUM','2017-12-27 05:46:32',NULL),(15,476,1,1,200,'KAPS MENGKUDU ISI 50 KAPS G.A.N ','2017-12-27 05:46:32',NULL),(16,476,1,1,200,'KAPS MENGKUDU ISI 50 KAPS G.A.N ','2017-12-27 05:46:32',NULL),(17,562,1,1,207,'BIOKIDS PLATINUM','2017-12-27 06:00:53',NULL),(18,562,1,1,207,'BIOKIDS PLATINUM','2017-12-27 06:00:53',NULL),(19,516,1,1,207,'MD KOLESTEROL 350GR MUJAROB ','2017-12-27 06:00:53',NULL),(20,516,1,1,207,'MD KOLESTEROL 350GR MUJAROB ','2017-12-27 06:00:53',NULL),(21,562,1,1,208,'BIOKIDS PLATINUM','2017-12-27 06:01:02',NULL),(22,562,1,1,208,'BIOKIDS PLATINUM','2017-12-27 06:01:02',NULL),(23,516,1,1,208,'MD KOLESTEROL 350GR MUJAROB ','2017-12-27 06:01:02',NULL),(24,516,1,1,208,'MD KOLESTEROL 350GR MUJAROB ','2017-12-27 06:01:02',NULL),(25,562,1,1,209,'BIOKIDS PLATINUM','2017-12-27 06:01:32',NULL),(26,562,1,1,209,'BIOKIDS PLATINUM','2017-12-27 06:01:32',NULL),(27,562,1,1,210,'BIOKIDS PLATINUM','2017-12-27 06:02:49',NULL),(28,562,1,1,210,'BIOKIDS PLATINUM','2017-12-27 06:02:49',NULL),(29,562,1,1,211,'BIOKIDS PLATINUM','2017-12-27 06:02:56',NULL),(30,562,1,1,211,'BIOKIDS PLATINUM','2017-12-27 06:02:56',NULL),(31,516,1,1,211,'MD KOLESTEROL 350GR MUJAROB ','2017-12-27 06:02:56',NULL),(32,516,1,1,211,'MD KOLESTEROL 350GR MUJAROB ','2017-12-27 06:02:56',NULL),(33,562,1,1,212,'BIOKIDS PLATINUM','2017-12-27 06:07:06',NULL),(34,562,1,1,212,'BIOKIDS PLATINUM','2017-12-27 06:07:06',NULL),(35,562,1,1,213,'BIOKIDS PLATINUM','2017-12-27 06:10:41',NULL),(36,562,1,1,213,'BIOKIDS PLATINUM','2017-12-27 06:10:41',NULL),(37,562,1,1,214,'BIOKIDS PLATINUM','2017-12-27 06:12:35',NULL),(38,562,1,1,214,'BIOKIDS PLATINUM','2017-12-27 06:12:35',NULL),(39,562,1,1,216,'BIOKIDS PLATINUM','2017-12-27 06:15:11',NULL),(40,562,1,1,216,'BIOKIDS PLATINUM','2017-12-27 06:15:11',NULL),(41,562,1,1,217,'BIOKIDS PLATINUM','2017-12-27 06:16:14',NULL),(42,562,1,1,217,'BIOKIDS PLATINUM','2017-12-27 06:16:14',NULL),(43,562,1,1,218,'BIOKIDS PLATINUM','2017-12-27 06:18:03',NULL),(44,562,1,1,218,'BIOKIDS PLATINUM','2017-12-27 06:18:03',NULL),(45,562,1,1,219,'BIOKIDS PLATINUM','2017-12-27 06:19:20',NULL),(46,562,1,1,219,'BIOKIDS PLATINUM','2017-12-27 06:19:20',NULL),(47,562,1,1,221,'BIOKIDS PLATINUM','2017-12-27 06:42:23',NULL),(48,562,1,1,221,'BIOKIDS PLATINUM','2017-12-27 06:42:23',NULL),(49,562,1,1,222,'BIOKIDS PLATINUM','2017-12-27 06:46:00',NULL),(50,562,1,1,222,'BIOKIDS PLATINUM','2017-12-27 06:46:00',NULL),(51,562,1,1,223,'BIOKIDS PLATINUM','2017-12-27 06:46:54',NULL),(52,562,1,1,223,'BIOKIDS PLATINUM','2017-12-27 06:46:54',NULL),(53,562,1,1,224,'BIOKIDS PLATINUM','2017-12-27 06:53:54',NULL),(54,562,1,1,224,'BIOKIDS PLATINUM','2017-12-27 06:53:54',NULL),(55,475,1,1,225,'PROBET G.A.N','2017-12-27 07:44:57',NULL),(56,475,1,1,225,'PROBET G.A.N','2017-12-27 07:44:57',NULL),(57,495,1,1,226,'ALEVA MADU ANAK   ','2018-01-03 03:18:18',NULL),(58,495,1,1,226,'ALEVA MADU ANAK   ','2018-01-03 03:18:18',NULL),(59,495,1,1,227,'ALEVA MADU ANAK   ','2018-01-03 03:19:36',NULL),(60,495,1,1,227,'ALEVA MADU ANAK   ','2018-01-03 03:19:36',NULL),(61,562,1,1,228,'BIOKIDS PLATINUM','2018-01-03 12:02:12',NULL),(62,562,1,1,228,'BIOKIDS PLATINUM','2018-01-03 12:02:12',NULL),(63,516,1,1,228,'MD KOLESTEROL 350GR MUJAROB ','2018-01-03 12:02:12',NULL),(64,516,1,1,228,'MD KOLESTEROL 350GR MUJAROB ','2018-01-03 12:02:12',NULL),(65,562,1,1,229,'BIOKIDS PLATINUM','2018-01-03 12:07:17',NULL),(66,562,1,1,229,'BIOKIDS PLATINUM','2018-01-03 12:07:17',NULL),(67,516,1,1,230,'MD KOLESTEROL 350GR MUJAROB ','2018-01-03 15:37:08',NULL),(68,516,1,1,230,'MD KOLESTEROL 350GR MUJAROB ','2018-01-03 15:37:08',NULL),(69,495,1,1,231,'ALEVA MADU ANAK   ','2018-01-03 15:39:20',NULL),(70,495,1,1,231,'ALEVA MADU ANAK   ','2018-01-03 15:39:20',NULL),(71,514,1,1,232,' KURMA MADU ANGKAK PLUS HERBA 350GR AL-BAIK  ','2018-01-03 15:40:46',NULL),(72,514,1,1,232,' KURMA MADU ANGKAK PLUS HERBA 350GR AL-BAIK  ','2018-01-03 15:40:46',NULL),(73,562,1,1,233,'BIOKIDS PLATINUM','2018-01-03 16:08:56',NULL),(74,562,1,1,233,'BIOKIDS PLATINUM','2018-01-03 16:08:56',NULL),(75,516,1,1,234,'MD KOLESTEROL 350GR MUJAROB ','2018-01-03 16:22:03',NULL),(76,516,1,1,234,'MD KOLESTEROL 350GR MUJAROB ','2018-01-03 16:22:03',NULL),(77,495,1,1,235,'ALEVA MADU ANAK   ','2018-01-03 19:17:39',NULL),(78,495,1,1,235,'ALEVA MADU ANAK   ','2018-01-03 19:17:39',NULL),(79,562,1,1,236,'BIOKIDS PLATINUM','2018-01-04 04:22:24',NULL),(80,562,1,1,236,'BIOKIDS PLATINUM','2018-01-04 04:22:24',NULL),(81,516,1,1,236,'MD KOLESTEROL 350GR MUJAROB ','2018-01-04 04:22:24',NULL),(82,516,1,1,236,'MD KOLESTEROL 350GR MUJAROB ','2018-01-04 04:22:24',NULL),(83,495,1,1,237,'ALEVA MADU ANAK   ','2018-01-04 06:31:38',NULL),(84,495,1,1,237,'ALEVA MADU ANAK   ','2018-01-04 06:31:38',NULL),(85,495,1,1,238,'ALEVA MADU ANAK   ','2018-01-04 06:34:19',NULL),(86,495,1,1,238,'ALEVA MADU ANAK   ','2018-01-04 06:34:19',NULL),(87,476,1,2,239,'KAPS MENGKUDU ISI 50 KAPS G.A.N ','2018-01-04 06:50:58',NULL),(88,476,1,2,239,'KAPS MENGKUDU ISI 50 KAPS G.A.N ','2018-01-04 06:50:58',NULL),(89,562,1,3,239,'BIOKIDS PLATINUM','2018-01-04 06:50:58',NULL),(90,562,1,3,239,'BIOKIDS PLATINUM','2018-01-04 06:50:58',NULL),(91,514,1,1,239,' KURMA MADU ANGKAK PLUS HERBA 350GR AL-BAIK  ','2018-01-04 06:50:58',NULL),(92,514,1,1,239,' KURMA MADU ANGKAK PLUS HERBA 350GR AL-BAIK  ','2018-01-04 06:50:58',NULL),(93,516,1,1,239,'MD KOLESTEROL 350GR MUJAROB ','2018-01-04 06:50:58',NULL),(94,516,1,1,239,'MD KOLESTEROL 350GR MUJAROB ','2018-01-04 06:50:58',NULL),(95,480,1,1,240,'KAPS JATI CINA ISI 50 KAPS G.A.N ','2018-01-04 06:57:13',NULL),(96,480,1,1,240,'KAPS JATI CINA ISI 50 KAPS G.A.N ','2018-01-04 06:57:13',NULL),(97,515,1,1,240,'TEH CELUP JATI CINA KENCONO SARI','2018-01-04 06:57:13',NULL),(98,515,1,1,240,'TEH CELUP JATI CINA KENCONO SARI','2018-01-04 06:57:13',NULL),(99,475,1,1,241,'PROBET G.A.N','2018-01-04 07:04:42',NULL),(100,475,1,1,241,'PROBET G.A.N','2018-01-04 07:04:42',NULL),(101,517,1,1,241,'MD GAIRAH ','2018-01-04 07:04:42',NULL),(102,517,1,1,241,'MD GAIRAH ','2018-01-04 07:04:42',NULL),(103,562,1,1,242,'BIOKIDS PLATINUM','2018-01-04 09:21:44',NULL),(104,562,1,1,242,'BIOKIDS PLATINUM','2018-01-04 09:21:44',NULL),(105,495,1,1,243,'ALEVA MADU ANAK   ','2018-01-05 03:47:14',NULL),(106,495,1,1,243,'ALEVA MADU ANAK   ','2018-01-05 03:47:14',NULL),(107,475,1,1,244,'PROBET G.A.N','2018-01-05 03:52:41',NULL),(108,475,1,1,244,'PROBET G.A.N','2018-01-05 03:52:41',NULL),(109,516,1,1,245,'MD KOLESTEROL 350GR MUJAROB ','2018-01-05 04:08:20',NULL),(110,516,1,1,245,'MD KOLESTEROL 350GR MUJAROB ','2018-01-05 04:08:20',NULL),(111,562,1,1,246,'BIOKIDS PLATINUM ','2018-01-08 22:49:00',NULL),(112,562,1,1,246,'BIOKIDS PLATINUM ','2018-01-08 22:49:00',NULL),(113,517,1,1,247,'PAKET MADU GAIRAH, (280 gram)','2018-01-09 06:55:29',NULL),(114,517,1,1,247,'PAKET MADU GAIRAH, (280 gram)','2018-01-09 06:55:29',NULL),(115,495,1,1,248,'ALEVA MADU ANAK   ','2018-01-10 03:52:27',NULL),(116,495,1,1,248,'ALEVA MADU ANAK   ','2018-01-10 03:52:27',NULL),(117,512,1,1,249,'TEH CELUP KELOR, 20 Teh Celu','2018-01-10 03:53:29',NULL),(118,512,1,1,249,'TEH CELUP KELOR, 20 Teh Celu','2018-01-10 03:53:29',NULL),(119,495,1,1,250,'ALEVA MADU ANAK   ','2018-01-10 04:02:25',NULL),(120,495,1,1,250,'ALEVA MADU ANAK   ','2018-01-10 04:02:25',NULL),(121,495,1,1,251,'ALEVA MADU ANAK   ','2018-01-10 07:24:10',NULL),(122,495,1,1,251,'ALEVA MADU ANAK   ','2018-01-10 07:24:10',NULL),(123,495,1,1,252,'ALEVA MADU ANAK   ','2018-01-10 07:24:55',NULL),(124,495,1,1,252,'ALEVA MADU ANAK   ','2018-01-10 07:24:55',NULL),(125,615,1,2,253,'MADU ARAFAH','2018-01-10 07:26:40',NULL),(126,615,1,2,253,'MADU ARAFAH','2018-01-10 07:26:40',NULL),(127,615,1,2,254,'MADU ARAFAH','2018-01-10 07:27:04',NULL),(128,615,1,2,254,'MADU ARAFAH','2018-01-10 07:27:04',NULL),(129,475,1,1,255,'PROBET','2018-01-10 07:28:55',NULL),(130,475,1,1,255,'PROBET','2018-01-10 07:28:55',NULL),(131,475,1,1,256,'PROBET','2018-01-10 07:29:21',NULL),(132,475,1,1,256,'PROBET','2018-01-10 07:29:21',NULL),(133,512,1,1,257,'TEH CELUP KELOR, 20 Teh Celu','2018-01-10 07:30:46',NULL),(134,512,1,1,257,'TEH CELUP KELOR, 20 Teh Celu','2018-01-10 07:30:46',NULL),(135,512,1,1,258,'TEH CELUP KELOR, 20 Teh Celu','2018-01-10 07:31:16',NULL),(136,512,1,1,258,'TEH CELUP KELOR, 20 Teh Celu','2018-01-10 07:31:16',NULL),(137,492,1,1,259,'JUS LUTOX  ','2018-01-10 07:31:49',NULL),(138,492,1,1,259,'JUS LUTOX  ','2018-01-10 07:31:49',NULL),(139,492,1,1,260,'JUS LUTOX  ','2018-01-10 07:32:07',NULL),(140,492,1,1,260,'JUS LUTOX  ','2018-01-10 07:32:07',NULL),(141,492,1,1,261,'JUS LUTOX  ','2018-01-10 07:32:38',NULL),(142,492,1,1,261,'JUS LUTOX  ','2018-01-10 07:32:38',NULL),(143,510,1,1,262,'GOLDEN TAMR, (500 GRAM) ','2018-01-10 07:33:31',NULL),(144,510,1,1,262,'GOLDEN TAMR, (500 GRAM) ','2018-01-10 07:33:31',NULL),(145,510,1,1,263,'GOLDEN TAMR, (500 GRAM) ','2018-01-10 07:33:57',NULL),(146,510,1,1,263,'GOLDEN TAMR, (500 GRAM) ','2018-01-10 07:33:57',NULL),(147,476,1,1,264,'KAPSUL MENGKUDU','2018-01-15 01:47:20',NULL),(148,476,1,1,264,'KAPSUL MENGKUDU','2018-01-15 01:47:20',NULL),(149,495,1,1,265,'ALEVA MADU ANAK   ','2018-01-15 01:48:21',NULL),(150,495,1,1,265,'ALEVA MADU ANAK   ','2018-01-15 01:48:21',NULL),(151,495,1,1,266,'ALEVA MADU ANAK   ','2018-01-15 06:52:56',NULL),(152,495,1,1,266,'ALEVA MADU ANAK   ','2018-01-15 06:52:56',NULL),(153,495,1,1,267,'ALEVA MADU ANAK   ','2018-01-17 08:18:00',NULL),(154,495,1,1,267,'ALEVA MADU ANAK   ','2018-01-17 08:18:00',NULL),(155,562,1,1,268,'BIOKIDS PLATINUM ','2018-01-17 09:13:40',NULL),(156,562,1,1,268,'BIOKIDS PLATINUM ','2018-01-17 09:13:40',NULL),(157,475,1,1,269,'PROBET','2018-01-17 09:32:05',NULL),(158,475,1,1,269,'PROBET','2018-01-17 09:32:05',NULL),(159,476,1,1,270,'KAPSUL MENGKUDU','2018-01-17 09:33:52',NULL),(160,476,1,1,270,'KAPSUL MENGKUDU','2018-01-17 09:33:52',NULL),(161,562,1,1,271,'BIOKIDS PLATINUM ','2018-01-17 09:59:38',NULL),(162,562,1,1,271,'BIOKIDS PLATINUM ','2018-01-17 09:59:38',NULL),(163,495,1,1,272,'ALEVA MADU ANAK   ','2018-01-17 10:26:11',NULL),(164,495,1,1,272,'ALEVA MADU ANAK   ','2018-01-17 10:26:11',NULL),(165,495,1,1,273,'ALEVA MADU ANAK   ','2018-01-17 10:27:46',NULL),(166,495,1,1,273,'ALEVA MADU ANAK   ','2018-01-17 10:27:46',NULL),(167,475,1,1,274,'PROBET','2018-01-17 10:30:41',NULL),(168,475,1,1,274,'PROBET','2018-01-17 10:30:41',NULL),(169,495,1,1,275,'ALEVA MADU ANAK   ','2018-01-17 10:31:15',NULL),(170,495,1,1,275,'ALEVA MADU ANAK   ','2018-01-17 10:31:15',NULL),(171,495,1,1,276,'ALEVA MADU ANAK   ','2018-01-17 10:32:03',NULL),(172,495,1,1,276,'ALEVA MADU ANAK   ','2018-01-17 10:32:03',NULL),(173,495,1,1,277,'ALEVA MADU ANAK   ','2018-01-17 10:35:53',NULL),(174,495,1,1,277,'ALEVA MADU ANAK   ','2018-01-17 10:35:53',NULL),(175,476,1,1,278,'KAPSUL MENGKUDU','2018-01-17 10:38:18',NULL),(176,476,1,1,278,'KAPSUL MENGKUDU','2018-01-17 10:38:18',NULL),(177,562,1,1,279,'BIOKIDS PLATINUM ','2018-01-17 11:25:24',NULL),(178,562,1,1,279,'BIOKIDS PLATINUM ','2018-01-17 11:25:24',NULL),(179,495,1,1,280,'ALEVA MADU ANAK   ','2018-01-17 11:27:05',NULL),(180,495,1,1,280,'ALEVA MADU ANAK   ','2018-01-17 11:27:05',NULL),(181,495,1,1,281,'ALEVA MADU ANAK   ','2018-01-17 11:27:10',NULL),(182,495,1,1,281,'ALEVA MADU ANAK   ','2018-01-17 11:27:10',NULL),(183,495,1,1,282,'ALEVA MADU ANAK   ','2018-01-17 11:29:24',NULL),(184,495,1,1,282,'ALEVA MADU ANAK   ','2018-01-17 11:29:24',NULL),(185,495,1,1,283,'ALEVA MADU ANAK   ','2018-01-17 11:29:40',NULL),(186,495,1,1,283,'ALEVA MADU ANAK   ','2018-01-17 11:29:40',NULL),(187,495,1,1,284,'ALEVA MADU ANAK   ','2018-01-17 11:31:43',NULL),(188,495,1,1,284,'ALEVA MADU ANAK   ','2018-01-17 11:31:43',NULL),(189,495,1,1,285,'ALEVA MADU ANAK   ','2018-01-17 11:33:03',NULL),(190,495,1,1,285,'ALEVA MADU ANAK   ','2018-01-17 11:33:03',NULL),(191,495,1,1,286,'ALEVA MADU ANAK   ','2018-01-17 11:33:07',NULL),(192,495,1,1,286,'ALEVA MADU ANAK   ','2018-01-17 11:33:07',NULL),(193,495,1,1,287,'ALEVA MADU ANAK   ','2018-01-17 11:33:41',NULL),(194,495,1,1,287,'ALEVA MADU ANAK   ','2018-01-17 11:33:41',NULL),(195,495,1,1,288,'ALEVA MADU ANAK   ','2018-01-17 11:33:54',NULL),(196,495,1,1,288,'ALEVA MADU ANAK   ','2018-01-17 11:33:54',NULL),(197,495,1,1,289,'ALEVA MADU ANAK   ','2018-01-17 11:36:06',NULL),(198,495,1,1,289,'ALEVA MADU ANAK   ','2018-01-17 11:36:06',NULL),(199,495,1,1,290,'ALEVA MADU ANAK   ','2018-01-17 11:37:50',NULL),(200,495,1,1,290,'ALEVA MADU ANAK   ','2018-01-17 11:37:50',NULL),(201,495,1,1,291,'ALEVA MADU ANAK   ','2018-01-17 11:39:50',NULL),(202,495,1,1,291,'ALEVA MADU ANAK   ','2018-01-17 11:39:50',NULL),(203,495,1,1,292,'ALEVA MADU ANAK   ','2018-01-17 11:39:56',NULL),(204,495,1,1,292,'ALEVA MADU ANAK   ','2018-01-17 11:39:56',NULL),(205,495,1,1,293,'ALEVA MADU ANAK   ','2018-01-17 11:42:34',NULL),(206,495,1,1,293,'ALEVA MADU ANAK   ','2018-01-17 11:42:34',NULL),(207,495,1,1,294,'ALEVA MADU ANAK   ','2018-01-17 11:43:18',NULL),(208,495,1,1,294,'ALEVA MADU ANAK   ','2018-01-17 11:43:18',NULL),(209,495,1,1,295,'ALEVA MADU ANAK   ','2018-01-17 11:45:16',NULL),(210,495,1,1,295,'ALEVA MADU ANAK   ','2018-01-17 11:45:16',NULL),(211,495,1,1,296,'ALEVA MADU ANAK   ','2018-01-17 11:48:20',NULL),(212,495,1,1,296,'ALEVA MADU ANAK   ','2018-01-17 11:48:20',NULL),(213,495,1,1,297,'ALEVA MADU ANAK   ','2018-01-17 11:49:11',NULL),(214,495,1,1,297,'ALEVA MADU ANAK   ','2018-01-17 11:49:11',NULL),(215,495,1,1,298,'ALEVA MADU ANAK   ','2018-01-17 11:50:59',NULL),(216,495,1,1,298,'ALEVA MADU ANAK   ','2018-01-17 11:50:59',NULL),(217,495,1,1,299,'ALEVA MADU ANAK   ','2018-01-17 11:54:23',NULL),(218,495,1,1,299,'ALEVA MADU ANAK   ','2018-01-17 11:54:23',NULL),(219,495,1,1,300,'ALEVA MADU ANAK   ','2018-01-17 11:54:23',NULL),(220,495,1,1,300,'ALEVA MADU ANAK   ','2018-01-17 11:54:23',NULL),(221,495,1,1,301,'ALEVA MADU ANAK   ','2018-01-17 11:55:20',NULL),(222,495,1,1,301,'ALEVA MADU ANAK   ','2018-01-17 11:55:20',NULL),(223,495,1,1,302,'ALEVA MADU ANAK   ','2018-01-17 11:55:28',NULL),(224,495,1,1,302,'ALEVA MADU ANAK   ','2018-01-17 11:55:28',NULL),(225,495,1,1,303,'ALEVA MADU ANAK   ','2018-01-17 11:57:29',NULL),(226,495,1,1,303,'ALEVA MADU ANAK   ','2018-01-17 11:57:29',NULL),(227,495,1,1,304,'ALEVA MADU ANAK   ','2018-01-17 11:59:35',NULL),(228,495,1,1,304,'ALEVA MADU ANAK   ','2018-01-17 11:59:35',NULL),(229,495,1,1,305,'ALEVA MADU ANAK   ','2018-01-17 12:00:05',NULL),(230,495,1,1,305,'ALEVA MADU ANAK   ','2018-01-17 12:00:05',NULL),(231,495,1,1,306,'ALEVA MADU ANAK   ','2018-01-17 12:01:16',NULL),(232,495,1,1,306,'ALEVA MADU ANAK   ','2018-01-17 12:01:16',NULL),(233,495,1,1,307,'ALEVA MADU ANAK   ','2018-01-17 12:03:49',NULL),(234,495,1,1,307,'ALEVA MADU ANAK   ','2018-01-17 12:03:49',NULL),(235,495,1,1,308,'ALEVA MADU ANAK   ','2018-01-17 12:05:13',NULL),(236,495,1,1,308,'ALEVA MADU ANAK   ','2018-01-17 12:05:13',NULL),(237,495,1,1,309,'ALEVA MADU ANAK   ','2018-01-17 12:05:18',NULL),(238,495,1,1,309,'ALEVA MADU ANAK   ','2018-01-17 12:05:18',NULL),(239,516,1,1,310,'MD KOLESTEROL 350GR MUJAROB ','2018-01-22 03:27:26',NULL),(240,516,1,1,310,'MD KOLESTEROL 350GR MUJAROB ','2018-01-22 03:27:26',NULL),(241,516,1,1,311,'MD KOLESTEROL 350GR MUJAROB ','2018-01-22 03:27:52',NULL),(242,516,1,1,311,'MD KOLESTEROL 350GR MUJAROB ','2018-01-22 03:27:52',NULL),(243,516,1,1,312,'MD KOLESTEROL 350GR MUJAROB ','2018-01-22 03:31:54',NULL),(244,516,1,1,312,'MD KOLESTEROL 350GR MUJAROB ','2018-01-22 03:31:54',NULL),(245,516,1,1,313,'MD KOLESTEROL 350GR MUJAROB ','2018-01-22 03:32:12',NULL),(246,516,1,1,313,'MD KOLESTEROL 350GR MUJAROB ','2018-01-22 03:32:12',NULL),(247,516,1,1,314,'MD KOLESTEROL 350GR MUJAROB ','2018-01-22 03:34:00',NULL),(248,516,1,1,314,'MD KOLESTEROL 350GR MUJAROB ','2018-01-22 03:34:00',NULL),(249,516,1,1,315,'MD KOLESTEROL 350GR MUJAROB ','2018-01-22 03:45:58',NULL),(250,516,1,1,315,'MD KOLESTEROL 350GR MUJAROB ','2018-01-22 03:45:58',NULL),(251,516,1,1,316,'MD KOLESTEROL 350GR MUJAROB ','2018-01-22 03:53:17',NULL),(252,516,1,1,316,'MD KOLESTEROL 350GR MUJAROB ','2018-01-22 03:53:17',NULL),(253,516,1,1,317,'MD KOLESTEROL 350GR MUJAROB ','2018-01-22 03:53:46',NULL),(254,516,1,1,317,'MD KOLESTEROL 350GR MUJAROB ','2018-01-22 03:53:46',NULL),(255,495,1,1,318,'ALEVA MADU ANAK   ','2018-01-24 04:06:55',NULL),(256,495,1,1,318,'ALEVA MADU ANAK   ','2018-01-24 04:06:55',NULL),(257,495,1,1,319,'ALEVA MADU ANAK   ','2018-01-24 04:07:48',NULL),(258,495,1,1,319,'ALEVA MADU ANAK   ','2018-01-24 04:07:48',NULL),(259,536,1,1,320,'TEH CELUP SIRSAK KENCONO SARI  ','2018-01-25 04:40:55',NULL),(260,536,1,1,320,'TEH CELUP SIRSAK KENCONO SARI  ','2018-01-25 04:40:55',NULL),(261,512,1,2,321,'TEH CELUP KELOR, 20 Teh Celu','2018-01-25 07:34:04',NULL),(262,512,1,2,321,'TEH CELUP KELOR, 20 Teh Celu','2018-01-25 07:34:04',NULL),(263,512,1,3,322,'TEH CELUP KELOR, 20 Teh Celu','2018-01-25 07:39:42',NULL),(264,512,1,3,322,'TEH CELUP KELOR, 20 Teh Celu','2018-01-25 07:39:42',NULL),(265,495,1,1,323,'ALEVA MADU ANAK   ','2018-01-25 10:00:52',NULL),(266,495,1,1,323,'ALEVA MADU ANAK   ','2018-01-25 10:00:52',NULL),(267,495,1,1,324,'ALEVA MADU ANAK   ','2018-01-25 10:24:03',NULL),(268,495,1,1,324,'ALEVA MADU ANAK   ','2018-01-25 10:24:03',NULL),(269,495,1,1,325,'ALEVA MADU ANAK   ','2018-01-25 10:44:10',NULL),(270,495,1,1,325,'ALEVA MADU ANAK   ','2018-01-25 10:44:10',NULL),(271,532,1,1,326,'TEH CELUP SARANG SEMUT KENCONO SARI   ','2018-01-25 10:46:30',NULL),(272,532,1,1,326,'TEH CELUP SARANG SEMUT KENCONO SARI   ','2018-01-25 10:46:30',NULL),(273,495,1,1,327,'ALEVA MADU ANAK   ','2018-01-25 11:15:11',NULL),(274,495,1,1,327,'ALEVA MADU ANAK   ','2018-01-25 11:15:11',NULL),(275,516,1,1,328,'MD KOLESTEROL 350GR MUJAROB ','2018-01-25 11:34:18',NULL),(276,516,1,1,328,'MD KOLESTEROL 350GR MUJAROB ','2018-01-25 11:34:18',NULL),(277,495,1,1,329,'ALEVA MADU ANAK   ','2018-01-25 11:35:57',NULL),(278,495,1,1,329,'ALEVA MADU ANAK   ','2018-01-25 11:35:57',NULL),(279,495,1,1,330,'ALEVA MADU ANAK   ','2018-01-25 11:38:38',NULL),(280,495,1,1,330,'ALEVA MADU ANAK   ','2018-01-25 11:38:38',NULL),(281,495,1,1,331,'ALEVA MADU ANAK   ','2018-01-25 11:38:43',NULL),(282,495,1,1,331,'ALEVA MADU ANAK   ','2018-01-25 11:38:43',NULL),(283,521,1,1,332,'COCOA MANJA KASEH TOPLES     ','2018-01-25 11:41:00',NULL),(284,521,1,1,332,'COCOA MANJA KASEH TOPLES     ','2018-01-25 11:41:00',NULL),(285,495,1,1,333,'ALEVA MADU ANAK   ','2018-01-25 11:41:37',NULL),(286,495,1,1,333,'ALEVA MADU ANAK   ','2018-01-25 11:41:37',NULL),(287,495,1,1,334,'ALEVA MADU ANAK   ','2018-01-25 11:44:40',NULL),(288,495,1,1,334,'ALEVA MADU ANAK   ','2018-01-25 11:44:40',NULL),(289,516,1,1,335,'MD KOLESTEROL 350GR MUJAROB ','2018-01-25 11:49:51',NULL),(290,516,1,1,335,'MD KOLESTEROL 350GR MUJAROB ','2018-01-25 11:49:51',NULL),(291,516,1,1,336,'MD KOLESTEROL 350GR MUJAROB ','2018-01-25 11:50:42',NULL),(292,516,1,1,336,'MD KOLESTEROL 350GR MUJAROB ','2018-01-25 11:50:42',NULL),(293,495,1,1,337,'ALEVA MADU ANAK   ','2018-01-25 11:56:18',NULL),(294,495,1,1,337,'ALEVA MADU ANAK   ','2018-01-25 11:56:18',NULL),(295,476,1,1,338,'KAPSUL MENGKUDU','2018-01-25 11:58:59',NULL),(296,476,1,1,338,'KAPSUL MENGKUDU','2018-01-25 11:58:59',NULL),(297,512,1,1,339,'TEH CELUP KELOR, 20 Teh Celu','2018-01-25 12:10:48',NULL),(298,512,1,1,339,'TEH CELUP KELOR, 20 Teh Celu','2018-01-25 12:10:48',NULL),(299,532,1,1,340,'TEH CELUP SARANG SEMUT KENCONO SARI   ','2018-01-25 13:25:57',NULL),(300,532,1,1,340,'TEH CELUP SARANG SEMUT KENCONO SARI   ','2018-01-25 13:25:57',NULL),(301,495,1,1,341,'ALEVA MADU ANAK   ','2018-01-25 13:27:13',NULL),(302,495,1,1,341,'ALEVA MADU ANAK   ','2018-01-25 13:27:13',NULL),(303,495,1,1,342,'ALEVA MADU ANAK   ','2018-01-25 13:30:42',NULL),(304,495,1,1,342,'ALEVA MADU ANAK   ','2018-01-25 13:30:42',NULL),(305,532,1,1,343,'TEH CELUP SARANG SEMUT KENCONO SARI   ','2018-01-25 13:37:35',NULL),(306,532,1,1,343,'TEH CELUP SARANG SEMUT KENCONO SARI   ','2018-01-25 13:37:35',NULL),(307,495,1,1,344,'ALEVA MADU ANAK   ','2018-01-25 13:46:03',NULL),(308,495,1,1,344,'ALEVA MADU ANAK   ','2018-01-25 13:46:03',NULL),(309,562,1,1,345,'BIOKIDS PLATINUM ','2018-01-25 13:52:38',NULL),(310,562,1,1,345,'BIOKIDS PLATINUM ','2018-01-25 13:52:38',NULL),(311,495,1,1,346,'ALEVA MADU ANAK   ','2018-01-25 13:58:59',NULL),(312,495,1,1,346,'ALEVA MADU ANAK   ','2018-01-25 13:58:59',NULL),(313,512,1,1,347,'TEH CELUP KELOR, 20 Teh Celu','2018-01-25 14:00:49',NULL),(314,512,1,1,347,'TEH CELUP KELOR, 20 Teh Celu','2018-01-25 14:00:49',NULL),(315,509,1,1,348,'POWDER DATSE FLOWER ','2018-01-25 14:03:53',NULL),(316,509,1,1,348,'POWDER DATSE FLOWER ','2018-01-25 14:03:53',NULL),(317,519,1,1,349,'PUSAKA COFFEE, 15 Sachet (@23 gram)   ','2018-01-26 02:46:39',NULL),(318,519,1,1,349,'PUSAKA COFFEE, 15 Sachet (@23 gram)   ','2018-01-26 02:46:39',NULL),(319,0,0,1,350,'','2018-02-05 06:12:13',NULL),(320,0,0,1,350,'','2018-02-05 06:12:13',NULL),(321,495,1,1,351,'ALEVA MADU ANAK   ','2018-02-05 13:34:05',NULL),(322,495,1,1,351,'ALEVA MADU ANAK   ','2018-02-05 13:34:05',NULL),(323,495,1,1,352,'ALEVA MADU ANAK   ','2018-02-05 13:35:01',NULL),(324,495,1,1,352,'ALEVA MADU ANAK   ','2018-02-05 13:35:01',NULL),(325,495,1,1,353,'ALEVA MADU ANAK   ','2018-02-05 13:38:56',NULL),(326,495,1,1,353,'ALEVA MADU ANAK   ','2018-02-05 13:38:56',NULL),(327,0,0,0,354,'','2018-02-05 15:42:04',NULL),(328,0,0,0,354,'','2018-02-05 15:42:04',NULL),(329,0,0,0,355,'','2018-02-05 15:43:26',NULL),(330,0,0,0,355,'','2018-02-05 15:43:26',NULL),(331,0,0,0,356,'','2018-02-05 15:48:45',NULL),(332,0,0,0,356,'','2018-02-05 15:48:45',NULL),(333,0,0,0,357,'','2018-02-05 15:50:56',NULL),(334,0,0,0,357,'','2018-02-05 15:50:56',NULL),(335,0,0,0,358,'','2018-02-05 15:56:15',NULL),(336,0,0,0,358,'','2018-02-05 15:56:15',NULL),(337,649,2,1,359,'Espressso','2018-02-05 16:08:31',NULL),(338,649,2,1,359,'Espressso','2018-02-05 16:08:31',NULL),(339,649,2,1,360,'Espressso','2018-02-05 16:10:06',NULL),(340,649,2,1,360,'Espressso','2018-02-05 16:10:06',NULL),(341,562,1,1,361,'BIOKIDS PLATINUM ','2018-02-06 01:15:12',NULL),(342,562,1,1,361,'BIOKIDS PLATINUM ','2018-02-06 01:15:12',NULL),(343,604,1,1,361,'COCOA DIET, 10 Sachet (@20 gram)  ','2018-02-06 01:15:12',NULL),(344,604,1,1,361,'COCOA DIET, 10 Sachet (@20 gram)  ','2018-02-06 01:15:12',NULL),(345,512,1,1,361,'TEH CELUP DAUN KELOR ','2018-02-06 01:15:12',NULL),(346,512,1,1,361,'TEH CELUP DAUN KELOR ','2018-02-06 01:15:12',NULL),(347,515,1,1,362,'TEH CELUP JATI CINA,KENCONO SARI, 20 Teh Celup     ','2018-02-06 01:22:49',NULL),(348,515,1,1,362,'TEH CELUP JATI CINA,KENCONO SARI, 20 Teh Celup     ','2018-02-06 01:22:49',NULL),(349,495,1,2,362,'ALEVA MADU ANAK   ','2018-02-06 01:22:49',NULL),(350,495,1,2,362,'ALEVA MADU ANAK   ','2018-02-06 01:22:49',NULL),(351,513,1,1,362,'TEH CELUP KUMIS KUCING KENCONO SARI, 20 Teh Celup   ','2018-02-06 01:22:49',NULL),(352,513,1,1,362,'TEH CELUP KUMIS KUCING KENCONO SARI, 20 Teh Celup   ','2018-02-06 01:22:49',NULL),(353,691,2,1,363,'Mochaccino','2018-02-09 04:05:15',NULL),(354,691,2,1,363,'Mochaccino','2018-02-09 04:05:15',NULL),(355,691,2,1,364,'Mochaccino','2018-02-09 04:06:43',NULL),(356,691,2,1,364,'Mochaccino','2018-02-09 04:06:43',NULL),(357,649,2,1,365,'Espressso','2018-02-09 04:16:23',NULL),(358,649,2,1,365,'Espressso','2018-02-09 04:16:23',NULL),(359,649,2,1,366,'Espressso','2018-02-09 04:17:42',NULL),(360,649,2,1,366,'Espressso','2018-02-09 04:17:42',NULL),(361,692,2,1,367,'Green Tea Latte','2018-02-09 04:17:52',NULL),(362,692,2,1,367,'Green Tea Latte','2018-02-09 04:17:52',NULL),(363,695,2,1,368,'Espressso','2018-02-09 04:19:48',NULL),(364,695,2,1,368,'Espressso','2018-02-09 04:19:48',NULL),(365,693,2,1,369,'Hot Chocolate','2018-02-09 07:30:12',NULL),(366,693,2,1,369,'Hot Chocolate','2018-02-09 07:30:12',NULL),(367,690,2,1,370,'Caffe Latte','2018-02-09 07:30:34',NULL),(368,690,2,1,370,'Caffe Latte','2018-02-09 07:30:34',NULL),(369,687,2,1,371,'Americano','2018-02-09 07:48:35',NULL),(370,687,2,1,371,'Americano','2018-02-09 07:48:35',NULL),(371,687,2,1,372,'Americano','2018-02-09 07:49:12',NULL),(372,687,2,1,372,'Americano','2018-02-09 07:49:12',NULL),(373,690,2,1,373,'Caffe Latte','2018-02-09 07:51:21',NULL),(374,690,2,1,373,'Caffe Latte','2018-02-09 07:51:21',NULL),(375,691,2,1,374,'Mochaccino','2018-02-09 07:55:45',NULL),(376,691,2,1,374,'Mochaccino','2018-02-09 07:55:45',NULL),(377,693,2,1,375,'Hot Chocolate','2018-02-09 08:44:28',NULL),(378,693,2,1,375,'Hot Chocolate','2018-02-09 08:44:28',NULL),(379,692,2,1,376,'Green Tea Latte','2018-02-09 08:46:47',NULL),(380,692,2,1,376,'Green Tea Latte','2018-02-09 08:46:47',NULL),(381,693,2,1,377,'Hot Chocolate','2018-02-09 17:04:06',NULL),(382,693,2,1,377,'Hot Chocolate','2018-02-09 17:04:06',NULL),(383,687,2,1,378,'Americano','2018-02-09 17:06:15',NULL),(384,687,2,1,378,'Americano','2018-02-09 17:06:15',NULL),(385,690,2,1,379,'Caffe Latte','2018-02-10 07:06:13',NULL),(386,690,2,1,379,'Caffe Latte','2018-02-10 07:06:13',NULL),(387,690,2,1,380,'Caffe Latte','2018-02-10 07:07:02',NULL),(388,690,2,1,380,'Caffe Latte','2018-02-10 07:07:02',NULL),(389,690,2,1,381,'Caffe Latte','2018-02-10 07:09:39',NULL),(390,690,2,1,381,'Caffe Latte','2018-02-10 07:09:39',NULL),(391,693,2,1,382,'Hot Chocolate','2018-02-10 07:26:52',NULL),(392,693,2,1,382,'Hot Chocolate','2018-02-10 07:26:52',NULL),(393,695,2,1,383,'Espressso','2018-02-10 07:33:26',NULL),(394,695,2,1,383,'Espressso','2018-02-10 07:33:26',NULL),(395,695,2,1,384,'Espressso','2018-02-10 07:36:26',NULL),(396,695,2,1,384,'Espressso','2018-02-10 07:36:26',NULL),(397,695,2,1,385,'Espressso','2018-02-10 07:39:39',NULL),(398,695,2,1,385,'Espressso','2018-02-10 07:39:39',NULL),(399,695,2,1,386,'Espressso','2018-02-10 07:41:05',NULL),(400,695,2,1,386,'Espressso','2018-02-10 07:41:05',NULL),(401,692,2,1,387,'Green Tea Latte','2018-02-10 08:16:19',NULL),(402,692,2,1,387,'Green Tea Latte','2018-02-10 08:16:19',NULL),(403,693,2,1,388,'Hot Chocolate','2018-02-10 08:25:54',NULL),(404,693,2,1,388,'Hot Chocolate','2018-02-10 08:25:54',NULL),(405,688,2,1,389,'Machiato ','2018-02-10 08:40:00',NULL),(406,688,2,1,389,'Machiato ','2018-02-10 08:40:00',NULL),(407,690,2,1,390,'Caffe Latte','2018-02-10 08:43:10',NULL),(408,690,2,1,390,'Caffe Latte','2018-02-10 08:43:10',NULL),(409,687,2,1,391,'Americano','2018-02-10 08:44:58',NULL),(410,687,2,1,391,'Americano','2018-02-10 08:44:58',NULL),(411,695,2,1,392,'Espressso','2018-02-10 09:10:34',NULL),(412,695,2,1,392,'Espressso','2018-02-10 09:10:34',NULL),(413,695,2,1,393,'Espressso','2018-02-10 09:12:26',NULL),(414,695,2,1,393,'Espressso','2018-02-10 09:12:26',NULL),(415,692,2,1,394,'Green Tea Latte','2018-02-10 09:16:47',NULL),(416,692,2,1,394,'Green Tea Latte','2018-02-10 09:16:47',NULL),(417,687,2,1,395,'Americano','2018-02-10 09:18:11',NULL),(418,687,2,1,395,'Americano','2018-02-10 09:18:11',NULL),(419,687,2,1,396,'Americano','2018-02-10 09:21:01',NULL),(420,687,2,1,396,'Americano','2018-02-10 09:21:01',NULL),(421,690,2,1,397,'Caffe Latte','2018-02-10 09:22:12',NULL),(422,690,2,1,397,'Caffe Latte','2018-02-10 09:22:12',NULL),(423,687,2,1,398,'Americano','2018-02-10 09:24:19',NULL),(424,687,2,1,398,'Americano','2018-02-10 09:24:19',NULL),(425,689,2,1,399,'Cappuccino','2018-02-10 09:25:37',NULL),(426,689,2,1,399,'Cappuccino','2018-02-10 09:25:37',NULL),(427,697,2,1,400,'photo','2018-02-10 12:03:56',NULL),(428,697,2,1,400,'photo','2018-02-10 12:03:56',NULL),(429,697,2,1,401,'photo','2018-02-10 16:05:36',NULL),(430,697,2,1,401,'photo','2018-02-10 16:05:36',NULL),(431,697,2,1,402,'photo','2018-02-10 23:04:37',NULL),(432,697,2,1,402,'photo','2018-02-10 23:04:37',NULL),(433,697,2,1,403,'photo','2018-02-10 23:44:02',NULL),(434,697,2,1,403,'photo','2018-02-10 23:44:02',NULL),(435,691,2,1,404,'Mochaccino','2018-02-10 23:45:10',NULL),(436,691,2,1,404,'Mochaccino','2018-02-10 23:45:10',NULL),(437,697,2,1,405,'photo','2018-02-10 23:58:15',NULL),(438,697,2,1,405,'photo','2018-02-10 23:58:15',NULL),(439,697,2,1,406,'photo','2018-02-10 23:58:43',NULL),(440,697,2,1,406,'photo','2018-02-10 23:58:43',NULL),(441,690,2,1,407,'Caffe Latte','2018-02-11 00:00:46',NULL),(442,690,2,1,407,'Caffe Latte','2018-02-11 00:00:46',NULL),(443,692,2,1,408,'Green Tea Latte','2018-02-11 00:26:58',NULL),(444,692,2,1,408,'Green Tea Latte','2018-02-11 00:26:58',NULL),(445,692,2,1,409,'Green Tea Latte','2018-02-11 00:28:35',NULL),(446,692,2,1,409,'Green Tea Latte','2018-02-11 00:28:35',NULL),(447,689,2,1,410,'Cappuccino','2018-02-11 00:37:24',NULL),(448,689,2,1,410,'Cappuccino','2018-02-11 00:37:24',NULL),(449,695,2,1,411,'Espressso','2018-02-11 00:47:14',NULL),(450,695,2,1,411,'Espressso','2018-02-11 00:47:14',NULL),(451,695,2,1,412,'Espressso','2018-02-11 00:49:50',NULL),(452,695,2,1,412,'Espressso','2018-02-11 00:49:50',NULL),(453,695,2,1,413,'Espressso','2018-02-11 01:27:35',NULL),(454,695,2,1,413,'Espressso','2018-02-11 01:27:35',NULL),(455,693,2,1,414,'Hot Chocolate','2018-02-11 01:38:05',NULL),(456,693,2,1,414,'Hot Chocolate','2018-02-11 01:38:05',NULL),(457,687,2,1,415,'Americano','2018-02-11 01:40:39',NULL),(458,687,2,1,415,'Americano','2018-02-11 01:40:39',NULL),(459,690,2,1,416,'Caffe Latte','2018-02-11 01:44:51',NULL),(460,690,2,1,416,'Caffe Latte','2018-02-11 01:44:51',NULL),(461,690,2,1,417,'Caffe Latte','2018-02-11 01:49:09',NULL),(462,690,2,1,417,'Caffe Latte','2018-02-11 01:49:09',NULL),(463,690,2,1,418,'Caffe Latte','2018-02-11 01:50:43',NULL),(464,690,2,1,418,'Caffe Latte','2018-02-11 01:50:43',NULL),(465,690,2,1,419,'Caffe Latte','2018-02-11 01:51:56',NULL),(466,690,2,1,419,'Caffe Latte','2018-02-11 01:51:56',NULL),(467,690,2,1,420,'Caffe Latte','2018-02-11 01:52:53',NULL),(468,690,2,1,420,'Caffe Latte','2018-02-11 01:52:53',NULL),(469,690,2,1,421,'Caffe Latte','2018-02-11 01:53:51',NULL),(470,690,2,1,421,'Caffe Latte','2018-02-11 01:53:51',NULL),(471,690,2,1,422,'Caffe Latte','2018-02-11 01:55:00',NULL),(472,690,2,1,422,'Caffe Latte','2018-02-11 01:55:00',NULL),(473,690,2,1,423,'Caffe Latte','2018-02-11 01:56:00',NULL),(474,690,2,1,423,'Caffe Latte','2018-02-11 01:56:00',NULL),(475,690,2,1,424,'Caffe Latte','2018-02-11 01:57:07',NULL),(476,690,2,1,424,'Caffe Latte','2018-02-11 01:57:07',NULL),(477,687,2,1,425,'Americano','2018-02-11 01:58:11',NULL),(478,687,2,1,425,'Americano','2018-02-11 01:58:11',NULL),(479,687,2,1,426,'Americano','2018-02-11 01:59:16',NULL),(480,687,2,1,426,'Americano','2018-02-11 01:59:16',NULL),(481,687,2,1,427,'Americano','2018-02-11 02:00:38',NULL),(482,687,2,1,427,'Americano','2018-02-11 02:00:38',NULL),(483,690,2,1,428,'Caffe Latte','2018-02-11 02:01:40',NULL),(484,690,2,1,428,'Caffe Latte','2018-02-11 02:01:40',NULL),(485,689,2,1,429,'Cappuccino','2018-02-11 02:03:15',NULL),(486,689,2,1,429,'Cappuccino','2018-02-11 02:03:15',NULL),(487,690,2,1,430,'Caffe Latte','2018-02-11 02:04:23',NULL),(488,690,2,1,430,'Caffe Latte','2018-02-11 02:04:23',NULL),(489,690,2,1,431,'Caffe Latte','2018-02-11 02:05:23',NULL),(490,690,2,1,431,'Caffe Latte','2018-02-11 02:05:23',NULL),(491,690,2,1,432,'Caffe Latte','2018-02-11 02:06:27',NULL),(492,690,2,1,432,'Caffe Latte','2018-02-11 02:06:27',NULL),(493,690,2,1,433,'Caffe Latte','2018-02-11 02:11:55',NULL),(494,690,2,1,433,'Caffe Latte','2018-02-11 02:11:55',NULL),(495,690,2,1,434,'Caffe Latte','2018-02-11 02:13:07',NULL),(496,690,2,1,434,'Caffe Latte','2018-02-11 02:13:07',NULL),(497,690,2,1,435,'Caffe Latte','2018-02-11 02:14:27',NULL),(498,690,2,1,435,'Caffe Latte','2018-02-11 02:14:27',NULL),(499,690,2,1,436,'Caffe Latte','2018-02-11 02:15:46',NULL),(500,690,2,1,436,'Caffe Latte','2018-02-11 02:15:46',NULL),(501,690,2,1,437,'Caffe Latte','2018-02-11 02:16:51',NULL),(502,690,2,1,437,'Caffe Latte','2018-02-11 02:16:51',NULL),(503,687,2,1,438,'Americano','2018-02-11 02:27:45',NULL),(504,687,2,1,438,'Americano','2018-02-11 02:27:45',NULL),(505,690,2,1,439,'Caffe Latte','2018-02-11 02:30:42',NULL),(506,690,2,1,439,'Caffe Latte','2018-02-11 02:30:42',NULL),(507,687,2,1,440,'Americano','2018-02-11 02:31:53',NULL),(508,687,2,1,440,'Americano','2018-02-11 02:31:53',NULL),(509,690,2,1,441,'Caffe Latte','2018-02-11 02:35:43',NULL),(510,690,2,1,441,'Caffe Latte','2018-02-11 02:35:43',NULL),(511,691,2,1,442,'Mochaccino','2018-02-11 02:59:53',NULL),(512,691,2,1,442,'Mochaccino','2018-02-11 02:59:53',NULL),(513,693,2,1,443,'Hot Chocolate','2018-02-11 03:26:48',NULL),(514,693,2,1,443,'Hot Chocolate','2018-02-11 03:26:48',NULL),(515,692,2,1,444,'Green Tea Latte','2018-02-11 03:54:31',NULL),(516,692,2,1,444,'Green Tea Latte','2018-02-11 03:54:31',NULL),(517,687,2,1,445,'Americano','2018-02-11 04:12:46',NULL),(518,687,2,1,445,'Americano','2018-02-11 04:12:46',NULL),(519,689,2,1,446,'Cappuccino','2018-02-11 04:16:43',NULL),(520,689,2,1,446,'Cappuccino','2018-02-11 04:16:43',NULL),(521,690,2,1,447,'Caffe Latte','2018-02-11 04:39:28',NULL),(522,690,2,1,447,'Caffe Latte','2018-02-11 04:39:28',NULL),(523,690,2,1,448,'Caffe Latte','2018-02-11 04:40:46',NULL),(524,690,2,1,448,'Caffe Latte','2018-02-11 04:40:46',NULL),(525,693,2,1,449,'Hot Chocolate','2018-02-11 04:42:10',NULL),(526,693,2,1,449,'Hot Chocolate','2018-02-11 04:42:10',NULL),(527,693,2,1,450,'Hot Chocolate','2018-02-11 04:42:58',NULL),(528,693,2,1,450,'Hot Chocolate','2018-02-11 04:42:58',NULL),(529,693,2,1,451,'Hot Chocolate','2018-02-11 04:44:28',NULL),(530,693,2,1,451,'Hot Chocolate','2018-02-11 04:44:28',NULL),(531,693,2,1,452,'Hot Chocolate','2018-02-11 04:45:16',NULL),(532,693,2,1,452,'Hot Chocolate','2018-02-11 04:45:16',NULL),(533,690,2,1,453,'Caffe Latte','2018-02-11 04:47:10',NULL),(534,690,2,1,453,'Caffe Latte','2018-02-11 04:47:10',NULL),(535,690,2,1,454,'Caffe Latte','2018-02-11 04:48:27',NULL),(536,690,2,1,454,'Caffe Latte','2018-02-11 04:48:27',NULL),(537,690,2,1,455,'Caffe Latte','2018-02-11 04:49:25',NULL),(538,690,2,1,455,'Caffe Latte','2018-02-11 04:49:25',NULL),(539,690,2,1,456,'Caffe Latte','2018-02-11 04:51:16',NULL),(540,690,2,1,456,'Caffe Latte','2018-02-11 04:51:16',NULL),(541,690,2,1,457,'Caffe Latte','2018-02-11 04:52:15',NULL),(542,690,2,1,457,'Caffe Latte','2018-02-11 04:52:15',NULL),(543,690,2,1,458,'Caffe Latte','2018-02-11 04:53:22',NULL),(544,690,2,1,458,'Caffe Latte','2018-02-11 04:53:22',NULL),(545,691,2,1,459,'Mochaccino','2018-02-11 04:58:13',NULL),(546,691,2,1,459,'Mochaccino','2018-02-11 04:58:13',NULL),(547,691,2,1,460,'Mochaccino','2018-02-11 04:59:36',NULL),(548,691,2,1,460,'Mochaccino','2018-02-11 04:59:36',NULL),(549,687,2,1,461,'Americano','2018-02-11 05:00:42',NULL),(550,687,2,1,461,'Americano','2018-02-11 05:00:42',NULL),(551,495,1,1,462,'ALEVA MADU ANAK   ','2018-02-14 07:25:33',NULL),(552,495,1,1,462,'ALEVA MADU ANAK   ','2018-02-14 07:25:33',NULL),(553,510,1,1,463,'GOLDEN TAMR AJWA','2018-02-21 04:32:19',NULL),(554,510,1,1,463,'GOLDEN TAMR AJWA','2018-02-21 04:32:19',NULL),(555,736,1,2,464,'MIRACLE FRESH COFFEE SOAP','2018-02-28 04:54:04',NULL),(556,736,1,2,464,'MIRACLE FRESH COFFEE SOAP','2018-02-28 04:54:04',NULL),(557,689,2,1,465,'Cappuccino','2018-03-07 08:23:49',NULL),(558,689,2,1,465,'Cappuccino','2018-03-07 08:23:49',NULL),(559,716,1,1,466,'GOLDEN TAMR SUKARI','2018-03-08 06:38:16',NULL),(560,716,1,1,466,'GOLDEN TAMR SUKARI','2018-03-08 06:38:16',NULL),(561,737,1,2,467,'MILKUMA','2018-03-12 04:34:17',NULL),(562,737,1,2,467,'MILKUMA','2018-03-12 04:34:17',NULL),(563,710,1,1,468,'ALEVA MADU ANAK + Ekstrak Daun Kelor','2018-03-12 04:41:10',NULL),(564,710,1,1,468,'ALEVA MADU ANAK + Ekstrak Daun Kelor','2018-03-12 04:41:10',NULL),(565,695,2,1,469,'Espressso','2018-04-02 09:13:24',NULL),(566,695,2,1,469,'Espressso','2018-04-02 09:13:24',NULL),(567,695,2,1,470,'Espressso','2018-04-02 09:13:52',NULL),(568,695,2,1,470,'Espressso','2018-04-02 09:13:52',NULL),(569,693,2,1,471,'Hot Chocolate','2018-05-11 07:25:20',NULL),(570,693,2,1,471,'Hot Chocolate','2018-05-11 07:25:20',NULL),(571,693,2,1,472,'Hot Chocolate','2018-05-11 08:18:20',NULL),(572,693,2,1,472,'Hot Chocolate','2018-05-11 08:18:20',NULL),(573,691,2,1,473,'Mochaccino','2018-05-14 17:08:37',NULL),(574,691,2,1,473,'Mochaccino','2018-05-14 17:08:37',NULL),(575,691,2,1,474,'Mochaccino','2018-05-14 17:08:55',NULL),(576,691,2,1,474,'Mochaccino','2018-05-14 17:08:55',NULL),(577,691,2,1,475,'Mochaccino','2018-05-14 17:09:04',NULL),(578,691,2,1,475,'Mochaccino','2018-05-14 17:09:04',NULL),(579,691,2,1,476,'Mochaccino','2018-05-14 17:09:23',NULL),(580,691,2,1,476,'Mochaccino','2018-05-14 17:09:23',NULL),(581,691,2,1,477,'Mochaccino','2018-05-14 17:09:32',NULL),(582,691,2,1,477,'Mochaccino','2018-05-14 17:09:32',NULL),(583,691,2,1,478,'Mochaccino','2018-05-14 17:09:48',NULL),(584,691,2,1,478,'Mochaccino','2018-05-14 17:09:48',NULL),(585,691,2,1,479,'Mochaccino','2018-05-14 17:10:01',NULL),(586,691,2,1,479,'Mochaccino','2018-05-14 17:10:01',NULL),(587,649,2,1,480,'Espressso-old','2018-05-29 12:59:47',NULL),(588,649,2,1,480,'Espressso-old','2018-05-29 12:59:47',NULL),(589,649,2,1,481,'Espressso-old','2018-05-29 13:00:09',NULL),(590,649,2,1,481,'Espressso-old','2018-05-29 13:00:09',NULL),(591,649,2,1,482,'Espressso-old','2018-07-19 08:00:19',NULL),(592,649,2,1,482,'Espressso-old','2018-07-19 08:00:19',NULL),(593,495,1,1,483,'ALEVA MADU ANAK (Ekstrak kelor PLus Albumin)','2018-07-19 08:10:13',NULL),(594,495,1,1,483,'ALEVA MADU ANAK (Ekstrak kelor PLus Albumin)','2018-07-19 08:10:13',NULL),(595,649,2,1,484,'Espressso-old','2018-08-08 03:58:21',NULL),(596,649,2,1,484,'Espressso-old','2018-08-08 03:58:21',NULL),(597,649,2,1,485,'Espressso-old','2018-08-08 03:59:17',NULL),(598,649,2,1,485,'Espressso-old','2018-08-08 03:59:17',NULL),(599,495,1,1,486,'ALEVA MADU ANAK (Ekstrak kelor PLus Albumin)','2018-08-08 04:04:34',NULL),(600,495,1,1,486,'ALEVA MADU ANAK (Ekstrak kelor PLus Albumin)','2018-08-08 04:04:34',NULL),(601,495,1,1,487,'ALEVA MADU ANAK (Ekstrak kelor PLus Albumin)','2018-08-08 09:39:22',NULL),(602,495,1,1,487,'ALEVA MADU ANAK (Ekstrak kelor PLus Albumin)','2018-08-08 09:39:22',NULL),(603,495,1,1,488,'ALEVA MADU ANAK (Ekstrak kelor PLus Albumin)','2018-08-10 03:47:32',NULL),(604,495,1,1,488,'ALEVA MADU ANAK (Ekstrak kelor PLus Albumin)','2018-08-10 03:47:32',NULL),(605,495,1,1,489,'ALEVA MADU ANAK (Ekstrak kelor PLus Albumin)','2018-08-10 06:15:51',NULL),(606,495,1,1,489,'ALEVA MADU ANAK (Ekstrak kelor PLus Albumin)','2018-08-10 06:15:51',NULL),(607,942,5,2,490,'diesel','2018-08-10 06:29:46',NULL),(608,942,5,2,490,'diesel','2018-08-10 06:29:46',NULL),(609,942,5,2,491,'diesel','2018-08-10 06:29:56',NULL),(610,942,5,2,491,'diesel','2018-08-10 06:29:56',NULL),(611,942,5,2,492,'diesel','2018-08-10 06:34:06',NULL),(612,942,5,2,492,'diesel','2018-08-10 06:34:06',NULL),(613,942,5,2,493,'diesel','2018-08-10 06:59:35',NULL),(614,942,5,2,493,'diesel','2018-08-10 06:59:35',NULL),(615,942,5,2,494,'diesel','2018-08-10 07:04:57',NULL),(616,942,5,2,494,'diesel','2018-08-10 07:04:57',NULL),(617,942,5,2,495,'diesel','2018-08-10 07:05:56',NULL),(618,942,5,2,495,'diesel','2018-08-10 07:05:56',NULL),(619,942,5,2,496,'diesel','2018-08-10 07:06:57',NULL),(620,942,5,2,496,'diesel','2018-08-10 07:06:57',NULL),(621,942,5,2,497,'diesel','2018-08-10 07:25:31',NULL),(622,942,5,2,497,'diesel','2018-08-10 07:25:31',NULL),(623,942,5,2,498,'diesel','2018-08-10 07:25:52',NULL),(624,942,5,2,498,'diesel','2018-08-10 07:25:52',NULL),(625,942,5,2,499,'diesel','2018-08-10 07:28:40',NULL),(626,942,5,2,499,'diesel','2018-08-10 07:28:40',NULL),(627,942,5,1,500,'diesel','2018-08-10 07:40:29',NULL),(628,942,5,1,500,'diesel','2018-08-10 07:40:29',NULL),(629,942,5,1,501,'diesel','2018-08-10 07:40:42',NULL),(630,942,5,1,501,'diesel','2018-08-10 07:40:42',NULL),(631,942,5,1,502,'diesel','2018-08-10 07:40:54',NULL),(632,942,5,1,502,'diesel','2018-08-10 07:40:54',NULL),(633,942,5,1,503,'diesel','2018-08-10 07:41:03',NULL),(634,942,5,1,503,'diesel','2018-08-10 07:41:03',NULL),(635,942,5,1,504,'diesel','2018-08-10 07:42:02',NULL),(636,942,5,1,504,'diesel','2018-08-10 07:42:02',NULL),(637,942,5,1,505,'diesel','2018-08-10 07:44:22',NULL),(638,942,5,1,505,'diesel','2018-08-10 07:44:22',NULL),(639,942,5,1,506,'diesel','2018-08-10 07:46:02',NULL),(640,942,5,1,506,'diesel','2018-08-10 07:46:02',NULL),(641,946,5,1,506,'biler 123','2018-08-10 07:46:02',NULL),(642,946,5,1,506,'biler 123','2018-08-10 07:46:02',NULL),(643,942,5,2,507,'diesel','2018-08-10 07:48:36',NULL),(644,942,5,2,507,'diesel','2018-08-10 07:48:36',NULL),(645,946,5,1,507,'biler 123','2018-08-10 07:48:36',NULL),(646,946,5,1,507,'biler 123','2018-08-10 07:48:36',NULL),(647,947,5,1,507,'turbin','2018-08-10 07:48:36',NULL),(648,947,5,1,507,'turbin','2018-08-10 07:48:36',NULL),(649,942,5,2,508,'diesel','2018-08-10 09:04:10',NULL),(650,942,5,2,508,'diesel','2018-08-10 09:04:10',NULL),(651,942,5,2,509,'diesel','2018-08-10 09:25:44',NULL),(652,942,5,2,509,'diesel','2018-08-10 09:25:44',NULL),(653,946,5,1,509,'biler 123','2018-08-10 09:25:44',NULL),(654,946,5,1,509,'biler 123','2018-08-10 09:25:44',NULL),(655,942,5,1,510,'diesel','2018-08-10 10:29:44',NULL),(656,942,5,1,510,'diesel','2018-08-10 10:29:44',NULL),(657,942,5,1,511,'diesel','2018-08-10 10:38:23',NULL),(658,942,5,1,511,'diesel','2018-08-10 10:38:23',NULL),(659,947,5,1,511,'turbin','2018-08-10 10:38:23',NULL),(660,947,5,1,511,'turbin','2018-08-10 10:38:23',NULL),(661,942,5,1,512,'diesel','2018-08-10 11:13:05',NULL),(662,942,5,1,512,'diesel','2018-08-10 11:13:05',NULL),(663,947,5,1,512,'turbin','2018-08-10 11:13:05',NULL),(664,947,5,1,512,'turbin','2018-08-10 11:13:05',NULL),(665,942,5,3,513,'diesel','2018-08-10 12:33:50',NULL),(666,942,5,3,513,'diesel','2018-08-10 12:33:50',NULL),(667,942,5,2,514,'diesel','2018-08-10 12:45:59',NULL),(668,942,5,2,514,'diesel','2018-08-10 12:45:59',NULL),(669,947,5,1,514,'turbin','2018-08-10 12:45:59',NULL),(670,947,5,1,514,'turbin','2018-08-10 12:45:59',NULL),(671,942,5,3,515,'diesel','2018-08-10 13:20:00',NULL),(672,942,5,3,515,'diesel','2018-08-10 13:20:00',NULL),(673,947,5,2,515,'turbin','2018-08-10 13:20:00',NULL),(674,947,5,2,515,'turbin','2018-08-10 13:20:00',NULL),(675,942,5,2,516,'diesel','2018-08-10 13:46:12',NULL),(676,942,5,2,516,'diesel','2018-08-10 13:46:12',NULL),(677,495,1,1,517,'ALEVA MADU ANAK (Ekstrak kelor PLus Albumin)','2018-08-13 15:22:40',NULL),(678,495,1,1,517,'ALEVA MADU ANAK (Ekstrak kelor PLus Albumin)','2018-08-13 15:22:40',NULL),(679,649,2,1,518,'Espressso-old','2018-08-13 15:25:25',NULL),(680,649,2,1,518,'Espressso-old','2018-08-13 15:25:25',NULL),(681,942,5,1,519,'diesel','2018-08-13 15:27:54',NULL),(682,942,5,1,519,'diesel','2018-08-13 15:27:54',NULL),(683,942,5,1,520,'diesel','2018-08-13 15:39:12',NULL),(684,942,5,1,520,'diesel','2018-08-13 15:39:12',NULL),(685,942,5,1,521,'diesel','2018-08-14 02:51:28',NULL),(686,942,5,1,521,'diesel','2018-08-14 02:51:28',NULL),(687,495,1,1,522,'ALEVA MADU ANAK (Ekstrak kelor PLus Albumin)','2018-08-14 03:46:18',NULL),(688,495,1,1,522,'ALEVA MADU ANAK (Ekstrak kelor PLus Albumin)','2018-08-14 03:46:18',NULL),(689,495,1,1,523,'ALEVA MADU ANAK (Ekstrak kelor PLus Albumin)','2018-08-14 04:28:13',NULL),(690,495,1,1,523,'ALEVA MADU ANAK (Ekstrak kelor PLus Albumin)','2018-08-14 04:28:13',NULL),(691,495,1,1,524,'ALEVA MADU ANAK (Ekstrak kelor PLus Albumin)','2018-08-14 04:28:23',NULL),(692,495,1,1,524,'ALEVA MADU ANAK (Ekstrak kelor PLus Albumin)','2018-08-14 04:28:23',NULL),(693,495,1,1,525,'ALEVA MADU ANAK (Ekstrak kelor PLus Albumin)','2018-08-14 05:28:59',NULL),(694,495,1,1,525,'ALEVA MADU ANAK (Ekstrak kelor PLus Albumin)','2018-08-14 05:28:59',NULL),(695,495,1,1,526,'ALEVA MADU ANAK (Ekstrak kelor PLus Albumin)','2018-08-14 05:29:09',NULL),(696,495,1,1,526,'ALEVA MADU ANAK (Ekstrak kelor PLus Albumin)','2018-08-14 05:29:09',NULL),(697,495,1,1,527,'ALEVA MADU ANAK (Ekstrak kelor PLus Albumin)','2018-08-14 06:19:50',NULL),(698,495,1,1,527,'ALEVA MADU ANAK (Ekstrak kelor PLus Albumin)','2018-08-14 06:19:50',NULL),(699,495,1,1,528,'ALEVA MADU ANAK (Ekstrak kelor PLus Albumin)','2018-08-14 06:31:25',NULL),(700,495,1,1,528,'ALEVA MADU ANAK (Ekstrak kelor PLus Albumin)','2018-08-14 06:31:25',NULL),(701,495,1,1,529,'ALEVA MADU ANAK (Ekstrak kelor PLus Albumin)','2018-08-14 06:31:35',NULL),(702,495,1,1,529,'ALEVA MADU ANAK (Ekstrak kelor PLus Albumin)','2018-08-14 06:31:35',NULL),(703,495,1,1,530,'ALEVA MADU ANAK (Ekstrak kelor PLus Albumin)','2018-08-14 06:36:46',NULL),(704,495,1,1,530,'ALEVA MADU ANAK (Ekstrak kelor PLus Albumin)','2018-08-14 06:36:46',NULL),(705,942,5,1,531,'diesel','2018-08-14 07:23:16',NULL),(706,942,5,1,531,'diesel','2018-08-14 07:23:16',NULL),(707,942,5,1,532,'diesel','2018-08-14 07:24:37',NULL),(708,942,5,1,532,'diesel','2018-08-14 07:24:37',NULL),(709,942,5,1,533,'diesel','2018-08-14 07:24:47',NULL),(710,942,5,1,533,'diesel','2018-08-14 07:24:47',NULL),(711,649,2,1,534,'Espressso-old','2018-08-18 11:51:28',NULL),(712,649,2,1,534,'Espressso-old','2018-08-18 11:51:28',NULL),(713,495,1,1,535,'ALEVA MADU ANAK (Ekstrak kelor PLus Albumin)','2018-08-20 10:19:35',NULL),(714,495,1,1,535,'ALEVA MADU ANAK (Ekstrak kelor PLus Albumin)','2018-08-20 10:19:35',NULL),(715,949,5,1,536,'boiler 123','2018-08-20 11:42:34',NULL),(716,949,5,1,536,'boiler 123','2018-08-20 11:42:34',NULL),(717,941,5,1,537,'traktor','2018-08-20 12:56:55',NULL),(718,941,5,1,537,'traktor','2018-08-20 12:56:55',NULL),(719,495,1,1,538,'ALEVA MADU ANAK (Ekstrak kelor PLus Albumin)','2018-08-20 12:57:24',NULL),(720,495,1,1,538,'ALEVA MADU ANAK (Ekstrak kelor PLus Albumin)','2018-08-20 12:57:24',NULL),(721,941,5,1,539,'traktor','2018-08-20 13:00:12',NULL),(722,941,5,1,539,'traktor','2018-08-20 13:00:12',NULL),(723,941,5,1,540,'traktor','2018-08-20 13:05:22',NULL),(724,941,5,1,540,'traktor','2018-08-20 13:05:22',NULL),(725,941,5,1,541,'traktor','2018-08-20 13:16:06',NULL),(726,941,5,1,541,'traktor','2018-08-20 13:16:06',NULL),(727,941,5,1,542,'traktor','2018-08-20 13:32:11',NULL),(728,941,5,1,542,'traktor','2018-08-20 13:32:11',NULL),(729,941,5,1,543,'traktor','2018-08-20 13:32:47',NULL),(730,941,5,1,543,'traktor','2018-08-20 13:32:47',NULL),(731,941,5,1,544,'traktor','2018-08-20 13:46:27',NULL),(732,941,5,1,544,'traktor','2018-08-20 13:46:27',NULL),(733,949,5,3,545,'boiler 123','2018-08-20 13:55:26',NULL),(734,949,5,3,545,'boiler 123','2018-08-20 13:55:26',NULL),(735,949,5,3,546,'boiler 123','2018-08-20 13:56:31',NULL),(736,949,5,3,546,'boiler 123','2018-08-20 13:56:31',NULL),(737,949,5,3,547,'boiler 123','2018-08-21 03:15:24',NULL),(738,949,5,3,547,'boiler 123','2018-08-21 03:15:24',NULL),(739,949,5,3,548,'boiler 123','2018-08-21 03:32:59',NULL),(740,949,5,3,548,'boiler 123','2018-08-21 03:32:59',NULL),(741,952,5,1,549,'COLD ROLL COIL (CRC)','2018-08-21 04:12:09',NULL),(742,952,5,1,549,'COLD ROLL COIL (CRC)','2018-08-21 04:12:09',NULL),(743,952,5,1,550,'COLD ROLL COIL (CRC)','2018-08-21 04:12:39',NULL),(744,952,5,1,550,'COLD ROLL COIL (CRC)','2018-08-21 04:12:39',NULL),(745,952,5,1,551,'COLD ROLL COIL (CRC)','2018-08-21 04:16:53',NULL),(746,952,5,1,551,'COLD ROLL COIL (CRC)','2018-08-21 04:16:53',NULL),(747,949,5,1,552,'boiler 123','2018-08-21 04:24:32',NULL),(748,949,5,1,552,'boiler 123','2018-08-21 04:24:32',NULL),(749,949,5,1,553,'boiler 123','2018-08-21 04:30:16',NULL),(750,949,5,1,553,'boiler 123','2018-08-21 04:30:16',NULL),(751,949,5,1,554,'boiler 123','2018-08-21 04:48:58',NULL),(752,949,5,1,554,'boiler 123','2018-08-21 04:48:58',NULL),(753,949,5,1,555,'boiler 123','2018-08-21 05:13:50',NULL),(754,949,5,1,555,'boiler 123','2018-08-21 05:13:50',NULL),(755,949,5,1,556,'boiler 123','2018-08-21 05:30:31',NULL),(756,949,5,1,556,'boiler 123','2018-08-21 05:30:31',NULL),(757,950,5,1,557,'Boiler 2','2018-08-21 05:37:08',NULL),(758,950,5,1,557,'Boiler 2','2018-08-21 05:37:08',NULL),(759,951,5,1,558,'ANGLE CF','2018-08-21 05:56:17',NULL),(760,951,5,1,558,'ANGLE CF','2018-08-21 05:56:17',NULL),(761,495,1,1,559,'ALEVA MADU ANAK (Ekstrak kelor PLus Albumin)','2018-08-21 06:02:26',NULL),(762,495,1,1,559,'ALEVA MADU ANAK (Ekstrak kelor PLus Albumin)','2018-08-21 06:02:26',NULL),(763,941,5,1,560,'traktor','2018-08-21 06:23:29',NULL),(764,941,5,1,560,'traktor','2018-08-21 06:23:29',NULL),(765,941,5,1,561,'traktor','2018-08-21 07:13:36',NULL),(766,941,5,1,561,'traktor','2018-08-21 07:13:36',NULL),(767,495,1,1,562,'ALEVA MADU ANAK (Ekstrak kelor PLus Albumin)','2018-08-21 10:19:05',NULL),(768,495,1,1,562,'ALEVA MADU ANAK (Ekstrak kelor PLus Albumin)','2018-08-21 10:19:05',NULL),(769,495,1,1,563,'ALEVA MADU ANAK (Ekstrak kelor PLus Albumin)','2018-08-21 10:20:24',NULL),(770,495,1,1,563,'ALEVA MADU ANAK (Ekstrak kelor PLus Albumin)','2018-08-21 10:20:24',NULL),(771,495,1,1,564,'ALEVA MADU ANAK (Ekstrak kelor PLus Albumin)','2018-08-21 10:29:04',NULL),(772,495,1,1,564,'ALEVA MADU ANAK (Ekstrak kelor PLus Albumin)','2018-08-21 10:29:04',NULL),(773,495,1,1,565,'ALEVA MADU ANAK (Ekstrak kelor PLus Albumin)','2018-08-21 10:38:34',NULL),(774,495,1,1,565,'ALEVA MADU ANAK (Ekstrak kelor PLus Albumin)','2018-08-21 10:38:34',NULL),(775,941,5,1,566,'traktor','2018-08-21 10:59:20',NULL),(776,941,5,1,566,'traktor','2018-08-21 10:59:20',NULL),(777,941,5,1,567,'traktor','2018-08-21 11:04:02',NULL),(778,941,5,1,567,'traktor','2018-08-21 11:04:02',NULL),(779,941,5,1,568,'traktor','2018-08-21 11:05:26',NULL),(780,941,5,1,568,'traktor','2018-08-21 11:05:26',NULL),(781,941,5,1,569,'traktor','2018-08-21 11:07:15',NULL),(782,941,5,1,569,'traktor','2018-08-21 11:07:15',NULL),(783,949,5,1,570,'boiler 123','2018-08-21 11:09:46',NULL),(784,949,5,1,570,'boiler 123','2018-08-21 11:09:46',NULL),(785,949,5,1,571,'boiler 123','2018-08-21 11:11:44',NULL),(786,949,5,1,571,'boiler 123','2018-08-21 11:11:44',NULL),(787,949,5,1,572,'boiler 123','2018-08-21 11:32:11',NULL),(788,949,5,1,572,'boiler 123','2018-08-21 11:32:11',NULL),(789,949,5,1,573,'boiler 123','2018-08-21 12:16:26',NULL),(790,949,5,1,573,'boiler 123','2018-08-21 12:16:26',NULL),(791,949,5,1,574,'boiler 123','2018-08-21 12:30:18',NULL),(792,949,5,1,574,'boiler 123','2018-08-21 12:30:18',NULL),(793,949,5,1,575,'boiler 123','2018-08-21 12:48:05',NULL),(794,949,5,1,575,'boiler 123','2018-08-21 12:48:05',NULL),(795,949,5,1,576,'boiler 123','2018-08-21 12:50:35',NULL),(796,949,5,1,576,'boiler 123','2018-08-21 12:50:35',NULL),(797,949,5,1,577,'boiler 123','2018-08-21 12:53:52',NULL),(798,949,5,1,577,'boiler 123','2018-08-21 12:53:52',NULL),(799,942,5,1,578,'diesel','2018-08-22 15:25:53',NULL),(800,942,5,1,578,'diesel','2018-08-22 15:25:53',NULL),(801,952,5,1,579,'COLD ROLL COIL (CRC)','2018-08-22 16:47:59',NULL),(802,952,5,1,579,'COLD ROLL COIL (CRC)','2018-08-22 16:47:59',NULL),(803,952,5,1,580,'COLD ROLL COIL (CRC)','2018-08-22 17:56:33',NULL),(804,952,5,1,580,'COLD ROLL COIL (CRC)','2018-08-22 17:56:33',NULL),(805,649,2,1,581,'Espressso-old','2018-08-22 18:00:54',NULL),(806,649,2,1,581,'Espressso-old','2018-08-22 18:00:54',NULL),(807,958,5,1,582,'plate strip','2018-08-23 10:10:54',NULL),(808,958,5,1,582,'plate strip','2018-08-23 10:10:54',NULL),(809,964,5,1,583,'water tube boiler','2018-08-23 15:25:44',NULL),(810,964,5,1,583,'water tube boiler','2018-08-23 15:25:44',NULL),(811,958,5,1,584,'plate strip','2018-08-24 09:28:16',NULL),(812,958,5,1,584,'plate strip','2018-08-24 09:28:16',NULL),(813,958,5,1,585,'plate strip','2018-08-24 09:30:42',NULL),(814,958,5,1,585,'plate strip','2018-08-24 09:30:42',NULL),(815,957,5,1,586,'Plate putih','2018-08-24 09:43:45',NULL),(816,957,5,1,586,'Plate putih','2018-08-24 09:43:45',NULL),(817,957,5,1,587,'Plate putih','2018-08-24 09:47:05',NULL),(818,957,5,1,587,'Plate putih','2018-08-24 09:47:05',NULL),(819,957,5,1,588,'Plate putih','2018-08-24 09:50:17',NULL),(820,957,5,1,588,'Plate putih','2018-08-24 09:50:17',NULL),(821,957,5,1,589,'Plate putih','2018-08-24 09:51:26',NULL),(822,957,5,1,589,'Plate putih','2018-08-24 09:51:26',NULL),(823,960,5,1,589,'Equal Tee','2018-08-24 09:51:26',NULL),(824,960,5,1,589,'Equal Tee','2018-08-24 09:51:26',NULL),(825,957,5,1,590,'Plate putih','2018-08-24 09:52:28',NULL),(826,957,5,1,590,'Plate putih','2018-08-24 09:52:28',NULL),(827,960,5,1,590,'Equal Tee','2018-08-24 09:52:28',NULL),(828,960,5,1,590,'Equal Tee','2018-08-24 09:52:28',NULL),(829,957,5,1,591,'Plate putih','2018-08-24 09:53:12',NULL),(830,957,5,1,591,'Plate putih','2018-08-24 09:53:12',NULL),(831,960,5,1,591,'Equal Tee','2018-08-24 09:53:12',NULL),(832,960,5,1,591,'Equal Tee','2018-08-24 09:53:12',NULL),(833,495,1,1,592,'ALEVA MADU ANAK (Ekstrak kelor PLus Albumin)','2018-08-27 04:46:44',NULL),(834,495,1,1,592,'ALEVA MADU ANAK (Ekstrak kelor PLus Albumin)','2018-08-27 04:46:44',NULL),(835,956,5,1,593,'Plate berubang','2018-08-27 05:13:49',NULL),(836,956,5,1,593,'Plate berubang','2018-08-27 05:13:49',NULL),(837,956,5,1,594,'Plate berubang','2018-08-27 05:27:31',NULL),(838,956,5,1,594,'Plate berubang','2018-08-27 05:27:31',NULL),(839,956,5,1,595,'Plate berubang','2018-08-27 05:37:29',NULL),(840,956,5,1,595,'Plate berubang','2018-08-27 05:37:29',NULL),(841,956,5,1,596,'Plate berubang','2018-08-27 06:06:21',NULL),(842,956,5,1,596,'Plate berubang','2018-08-27 06:06:21',NULL),(843,956,5,1,597,'Plate berubang','2018-08-27 06:08:10',NULL),(844,956,5,1,597,'Plate berubang','2018-08-27 06:08:10',NULL),(845,956,5,1,598,'Plate berubang','2018-08-27 06:09:33',NULL),(846,956,5,1,598,'Plate berubang','2018-08-27 06:09:33',NULL),(847,956,5,1,599,'Plate berubang','2018-08-27 06:09:58',NULL),(848,956,5,1,599,'Plate berubang','2018-08-27 06:09:58',NULL),(849,956,5,1,600,'Plate berubang','2018-08-27 06:11:03',NULL),(850,956,5,1,600,'Plate berubang','2018-08-27 06:11:03',NULL),(851,956,5,1,601,'Plate berubang','2018-08-27 06:11:37',NULL),(852,956,5,1,601,'Plate berubang','2018-08-27 06:11:37',NULL),(853,956,5,1,602,'Plate berubang','2018-08-27 06:12:15',NULL),(854,956,5,1,602,'Plate berubang','2018-08-27 06:12:15',NULL),(855,956,5,1,603,'Plate berubang','2018-08-27 06:13:21',NULL),(856,956,5,1,603,'Plate berubang','2018-08-27 06:13:21',NULL),(857,956,5,1,604,'Plate berubang','2018-08-27 06:14:58',NULL),(858,956,5,1,604,'Plate berubang','2018-08-27 06:14:58',NULL),(859,649,2,1,605,'Espressso-old','2018-08-27 06:32:35',NULL),(860,649,2,1,605,'Espressso-old','2018-08-27 06:32:35',NULL),(861,649,2,1,606,'Espressso-old','2018-08-27 06:35:15',NULL),(862,649,2,1,606,'Espressso-old','2018-08-27 06:35:15',NULL),(863,649,2,1,607,'Espressso-old','2018-08-27 06:36:28',NULL),(864,649,2,1,607,'Espressso-old','2018-08-27 06:36:28',NULL),(865,960,5,2,608,'Equal Tee','2018-08-27 09:12:35',NULL),(866,960,5,2,608,'Equal Tee','2018-08-27 09:12:35',NULL),(867,961,5,1,608,'Reducing Tee','2018-08-27 09:12:35',NULL),(868,961,5,1,608,'Reducing Tee','2018-08-27 09:12:35',NULL),(869,960,5,2,609,'Equal Tee','2018-08-27 09:20:21',NULL),(870,960,5,2,609,'Equal Tee','2018-08-27 09:20:21',NULL),(871,961,5,1,609,'Reducing Tee','2018-08-27 09:20:21',NULL),(872,961,5,1,609,'Reducing Tee','2018-08-27 09:20:21',NULL),(873,960,5,2,610,'Equal Tee','2018-08-27 09:22:34',NULL),(874,960,5,2,610,'Equal Tee','2018-08-27 09:22:34',NULL),(875,961,5,1,610,'Reducing Tee','2018-08-27 09:22:34',NULL),(876,961,5,1,610,'Reducing Tee','2018-08-27 09:22:34',NULL),(877,960,5,2,611,'Equal Tee','2018-08-27 09:24:15',NULL),(878,960,5,2,611,'Equal Tee','2018-08-27 09:24:15',NULL),(879,961,5,1,611,'Reducing Tee','2018-08-27 09:24:15',NULL),(880,961,5,1,611,'Reducing Tee','2018-08-27 09:24:15',NULL),(881,960,5,2,612,'Equal Tee','2018-08-27 09:27:48',NULL),(882,960,5,2,612,'Equal Tee','2018-08-27 09:27:48',NULL),(883,961,5,1,612,'Reducing Tee','2018-08-27 09:27:48',NULL),(884,961,5,1,612,'Reducing Tee','2018-08-27 09:27:48',NULL),(885,960,5,2,613,'Equal Tee','2018-08-27 09:58:27',NULL),(886,960,5,2,613,'Equal Tee','2018-08-27 09:58:27',NULL),(887,961,5,1,613,'Reducing Tee','2018-08-27 09:58:27',NULL),(888,961,5,1,613,'Reducing Tee','2018-08-27 09:58:27',NULL),(889,960,5,2,614,'Equal Tee','2018-08-27 09:59:54',NULL),(890,960,5,2,614,'Equal Tee','2018-08-27 09:59:54',NULL),(891,961,5,1,614,'Reducing Tee','2018-08-27 09:59:54',NULL),(892,961,5,1,614,'Reducing Tee','2018-08-27 09:59:54',NULL),(893,960,5,2,615,'Equal Tee','2018-08-27 10:03:35',NULL),(894,960,5,2,615,'Equal Tee','2018-08-27 10:03:35',NULL),(895,961,5,1,615,'Reducing Tee','2018-08-27 10:03:35',NULL),(896,961,5,1,615,'Reducing Tee','2018-08-27 10:03:35',NULL),(897,960,5,2,616,'Equal Tee','2018-08-27 10:04:08',NULL),(898,960,5,2,616,'Equal Tee','2018-08-27 10:04:08',NULL),(899,961,5,1,616,'Reducing Tee','2018-08-27 10:04:08',NULL),(900,961,5,1,616,'Reducing Tee','2018-08-27 10:04:08',NULL),(901,960,5,2,617,'Equal Tee','2018-08-27 10:13:17',NULL),(902,960,5,2,617,'Equal Tee','2018-08-27 10:13:17',NULL),(903,961,5,1,617,'Reducing Tee','2018-08-27 10:13:17',NULL),(904,961,5,1,617,'Reducing Tee','2018-08-27 10:13:17',NULL),(905,960,5,2,618,'Equal Tee','2018-08-27 10:13:59',NULL),(906,960,5,2,618,'Equal Tee','2018-08-27 10:13:59',NULL),(907,961,5,1,618,'Reducing Tee','2018-08-27 10:13:59',NULL),(908,961,5,1,618,'Reducing Tee','2018-08-27 10:13:59',NULL),(909,960,5,2,619,'Equal Tee','2018-08-27 10:15:40',NULL),(910,960,5,2,619,'Equal Tee','2018-08-27 10:15:40',NULL),(911,961,5,1,619,'Reducing Tee','2018-08-27 10:15:40',NULL),(912,961,5,1,619,'Reducing Tee','2018-08-27 10:15:40',NULL),(913,960,5,2,620,'Equal Tee','2018-08-27 10:17:29',NULL),(914,960,5,2,620,'Equal Tee','2018-08-27 10:17:29',NULL),(915,961,5,1,620,'Reducing Tee','2018-08-27 10:17:29',NULL),(916,961,5,1,620,'Reducing Tee','2018-08-27 10:17:29',NULL),(917,960,5,2,621,'Equal Tee','2018-08-27 10:18:39',NULL),(918,960,5,2,621,'Equal Tee','2018-08-27 10:18:39',NULL),(919,961,5,1,621,'Reducing Tee','2018-08-27 10:18:39',NULL),(920,961,5,1,621,'Reducing Tee','2018-08-27 10:18:39',NULL),(921,960,5,2,622,'Equal Tee','2018-08-27 10:21:18',NULL),(922,960,5,2,622,'Equal Tee','2018-08-27 10:21:18',NULL),(923,961,5,1,622,'Reducing Tee','2018-08-27 10:21:18',NULL),(924,961,5,1,622,'Reducing Tee','2018-08-27 10:21:18',NULL),(925,960,5,2,623,'Equal Tee','2018-08-27 11:10:09',NULL),(926,960,5,2,623,'Equal Tee','2018-08-27 11:10:09',NULL),(927,961,5,1,623,'Reducing Tee','2018-08-27 11:10:09',NULL),(928,961,5,1,623,'Reducing Tee','2018-08-27 11:10:09',NULL),(929,960,5,2,624,'Equal Tee','2018-08-27 11:12:05',NULL),(930,960,5,2,624,'Equal Tee','2018-08-27 11:12:05',NULL),(931,961,5,1,624,'Reducing Tee','2018-08-27 11:12:05',NULL),(932,961,5,1,624,'Reducing Tee','2018-08-27 11:12:05',NULL),(933,960,5,2,625,'Equal Tee','2018-08-27 11:13:14',NULL),(934,960,5,2,625,'Equal Tee','2018-08-27 11:13:14',NULL),(935,961,5,1,625,'Reducing Tee','2018-08-27 11:13:14',NULL),(936,961,5,1,625,'Reducing Tee','2018-08-27 11:13:14',NULL),(937,960,5,2,626,'Equal Tee','2018-08-27 11:14:34',NULL),(938,960,5,2,626,'Equal Tee','2018-08-27 11:14:34',NULL),(939,961,5,1,626,'Reducing Tee','2018-08-27 11:14:34',NULL),(940,961,5,1,626,'Reducing Tee','2018-08-27 11:14:34',NULL),(941,958,5,2,627,'plate strip','2018-08-27 11:17:35',NULL),(942,958,5,2,627,'plate strip','2018-08-27 11:17:35',NULL),(943,957,5,1,628,'Plate putih','2018-08-27 11:31:16',NULL),(944,957,5,1,628,'Plate putih','2018-08-27 11:31:16',NULL),(945,956,5,2,629,'Plate berubang','2018-08-27 11:39:15',NULL),(946,956,5,2,629,'Plate berubang','2018-08-27 11:39:15',NULL),(947,956,5,2,630,'Plate berubang','2018-08-27 11:41:14',NULL),(948,956,5,2,630,'Plate berubang','2018-08-27 11:41:14',NULL),(949,956,5,2,631,'Plate berubang','2018-08-27 11:41:36',NULL),(950,956,5,2,631,'Plate berubang','2018-08-27 11:41:36',NULL),(951,956,5,2,632,'Plate berubang','2018-08-27 11:43:30',NULL),(952,956,5,2,632,'Plate berubang','2018-08-27 11:43:30',NULL),(953,956,5,2,633,'Plate berubang','2018-08-27 11:55:46',NULL),(954,956,5,2,633,'Plate berubang','2018-08-27 11:55:46',NULL),(955,957,5,2,634,'Plate putih','2018-08-27 12:19:03',NULL),(956,957,5,2,634,'Plate putih','2018-08-27 12:19:03',NULL),(957,957,5,2,635,'Plate putih','2018-08-27 16:53:33',NULL),(958,957,5,2,635,'Plate putih','2018-08-27 16:53:33',NULL),(959,957,5,2,636,'Plate putih','2018-08-27 16:59:46',NULL),(960,957,5,2,636,'Plate putih','2018-08-27 16:59:46',NULL),(961,957,5,2,637,'Plate putih','2018-08-27 17:21:45',NULL),(962,957,5,2,637,'Plate putih','2018-08-27 17:21:45',NULL),(963,957,5,2,638,'Plate putih','2018-08-27 17:31:35',NULL),(964,957,5,2,638,'Plate putih','2018-08-27 17:31:35',NULL),(965,957,5,2,639,'Plate putih','2018-08-27 17:47:13',NULL),(966,957,5,2,639,'Plate putih','2018-08-27 17:47:13',NULL),(967,957,5,2,640,'Plate putih','2018-08-27 18:21:06',NULL),(968,957,5,2,640,'Plate putih','2018-08-27 18:21:06',NULL),(969,957,5,2,641,'Plate putih','2018-08-27 18:41:58',NULL),(970,957,5,2,641,'Plate putih','2018-08-27 18:41:58',NULL),(971,957,5,2,642,'Plate putih','2018-08-28 03:18:37',NULL),(972,957,5,2,642,'Plate putih','2018-08-28 03:18:37',NULL),(973,957,5,2,643,'Plate putih','2018-08-28 03:22:26',NULL),(974,957,5,2,643,'Plate putih','2018-08-28 03:22:26',NULL),(975,956,5,8,644,'Plate berubang','2018-08-28 04:20:17',NULL),(976,956,5,8,644,'Plate berubang','2018-08-28 04:20:17',NULL),(977,958,5,2,644,'plate strip','2018-08-28 04:20:17',NULL),(978,958,5,2,644,'plate strip','2018-08-28 04:20:17',NULL),(979,957,5,2,644,'Plate putih','2018-08-28 04:20:17',NULL),(980,957,5,2,644,'Plate putih','2018-08-28 04:20:17',NULL),(981,957,5,1,645,'Plate putih','2018-08-28 04:50:39',NULL),(982,957,5,1,645,'Plate putih','2018-08-28 04:50:39',NULL),(983,960,5,2,645,'Equal Tee','2018-08-28 04:50:39',NULL),(984,960,5,2,645,'Equal Tee','2018-08-28 04:50:39',NULL),(985,956,5,1,645,'Plate berubang','2018-08-28 04:50:39',NULL),(986,956,5,1,645,'Plate berubang','2018-08-28 04:50:39',NULL),(987,962,5,1,645,'fire tube boiler','2018-08-28 04:50:39',NULL),(988,962,5,1,645,'fire tube boiler','2018-08-28 04:50:39',NULL),(989,963,5,1,645,'stoker fire boiler','2018-08-28 04:50:39',NULL),(990,963,5,1,645,'stoker fire boiler','2018-08-28 04:50:39',NULL),(991,964,5,1,645,'water tube boiler','2018-08-28 04:50:39',NULL),(992,964,5,1,645,'water tube boiler','2018-08-28 04:50:39',NULL),(993,965,5,1,645,'Gate valve','2018-08-28 04:50:39',NULL),(994,965,5,1,645,'Gate valve','2018-08-28 04:50:39',NULL),(995,966,5,1,645,'Globe Valve','2018-08-28 04:50:39',NULL),(996,966,5,1,645,'Globe Valve','2018-08-28 04:50:39',NULL),(997,967,5,1,645,'Ball valve','2018-08-28 04:50:39',NULL),(998,967,5,1,645,'Ball valve','2018-08-28 04:50:39',NULL),(999,968,5,1,645,'haydro turbin','2018-08-28 04:50:39',NULL),(1000,968,5,1,645,'haydro turbin','2018-08-28 04:50:39',NULL),(1001,969,5,1,645,'turbin angin','2018-08-28 04:50:39',NULL),(1002,969,5,1,645,'turbin angin','2018-08-28 04:50:39',NULL),(1003,957,5,1,646,'Plate putih','2018-08-28 08:45:34',NULL),(1004,957,5,1,646,'Plate putih','2018-08-28 08:45:34',NULL),(1005,961,5,1,646,'Reducing Tee','2018-08-28 08:45:34',NULL),(1006,961,5,1,646,'Reducing Tee','2018-08-28 08:45:34',NULL),(1007,958,5,1,647,'plate strip','2018-08-29 07:23:57',NULL),(1008,958,5,1,647,'plate strip','2018-08-29 07:23:57',NULL),(1009,958,5,1,648,'plate strip','2018-08-29 07:32:43',NULL),(1010,958,5,1,648,'plate strip','2018-08-29 07:32:43',NULL),(1011,956,5,2,649,'Plate berubang','2018-08-29 08:11:01',NULL),(1012,956,5,2,649,'Plate berubang','2018-08-29 08:11:01',NULL),(1013,956,5,1,650,'Plate berubang','2018-08-29 09:05:40',NULL),(1014,956,5,1,650,'Plate berubang','2018-08-29 09:05:40',NULL),(1015,956,5,1,651,'Plate berubang','2018-08-29 09:12:19',NULL),(1016,956,5,1,651,'Plate berubang','2018-08-29 09:12:19',NULL),(1017,956,5,1,652,'Plate berubang','2018-08-29 09:15:23',NULL),(1018,956,5,1,652,'Plate berubang','2018-08-29 09:15:23',NULL),(1019,958,5,1,653,'plate strip','2018-08-29 09:25:39',NULL),(1020,958,5,1,653,'plate strip','2018-08-29 09:25:39',NULL),(1021,969,5,1,654,'turbin angin','2018-08-29 10:22:36',NULL),(1022,969,5,1,654,'turbin angin','2018-08-29 10:22:36',NULL),(1023,956,5,1,655,'Plate berubang','2018-08-29 10:30:56',NULL),(1024,956,5,1,655,'Plate berubang','2018-08-29 10:30:56',NULL),(1025,956,5,1,656,'Plate berubang','2018-08-30 04:12:39',NULL),(1026,956,5,1,656,'Plate berubang','2018-08-30 04:12:39',NULL),(1027,957,5,1,656,'Plate putih','2018-08-30 04:12:39',NULL),(1028,957,5,1,656,'Plate putih','2018-08-30 04:12:39',NULL),(1029,495,1,1,657,'ALEVA MADU ANAK (Ekstrak kelor PLus Albumin)','2018-08-30 04:28:09',NULL),(1030,495,1,1,657,'ALEVA MADU ANAK (Ekstrak kelor PLus Albumin)','2018-08-30 04:28:09',NULL),(1031,957,5,1,658,'Plate putih','2018-08-30 04:51:07',NULL),(1032,957,5,1,658,'Plate putih','2018-08-30 04:51:07',NULL),(1033,958,5,2,658,'plate strip','2018-08-30 04:51:07',NULL),(1034,958,5,2,658,'plate strip','2018-08-30 04:51:07',NULL),(1035,959,5,1,658,'Pipe fiitting Cross','2018-08-30 04:51:07',NULL),(1036,959,5,1,658,'Pipe fiitting Cross','2018-08-30 04:51:07',NULL),(1037,957,5,1,659,'Plate putih','2018-08-30 04:53:54',NULL),(1038,957,5,1,659,'Plate putih','2018-08-30 04:53:54',NULL),(1039,956,5,1,660,'Plate berubang','2018-08-30 04:55:59',NULL),(1040,956,5,1,660,'Plate berubang','2018-08-30 04:55:59',NULL),(1041,956,5,1,661,'Plate berubang','2018-08-30 04:57:04',NULL),(1042,956,5,1,661,'Plate berubang','2018-08-30 04:57:04',NULL),(1043,957,5,1,661,'Plate putih','2018-08-30 04:57:04',NULL),(1044,957,5,1,661,'Plate putih','2018-08-30 04:57:04',NULL),(1045,956,5,1,662,'Plate berubang','2018-08-30 04:58:07',NULL),(1046,956,5,1,662,'Plate berubang','2018-08-30 04:58:07',NULL),(1047,957,5,1,663,'Plate putih','2018-08-30 05:01:44',NULL),(1048,957,5,1,663,'Plate putih','2018-08-30 05:01:44',NULL),(1049,958,5,1,663,'plate strip','2018-08-30 05:01:44',NULL),(1050,958,5,1,663,'plate strip','2018-08-30 05:01:44',NULL),(1051,956,5,1,664,'Plate berubang','2018-08-30 05:11:49',NULL),(1052,956,5,1,664,'Plate berubang','2018-08-30 05:11:49',NULL),(1053,957,5,1,664,'Plate putih','2018-08-30 05:11:49',NULL),(1054,957,5,1,664,'Plate putih','2018-08-30 05:11:49',NULL),(1055,957,5,1,665,'Plate putih','2018-08-30 05:19:47',NULL),(1056,957,5,1,665,'Plate putih','2018-08-30 05:19:47',NULL),(1057,958,5,1,665,'plate strip','2018-08-30 05:19:47',NULL),(1058,958,5,1,665,'plate strip','2018-08-30 05:19:47',NULL),(1059,959,5,1,665,'Pipe fiitting Cross','2018-08-30 05:19:47',NULL),(1060,959,5,1,665,'Pipe fiitting Cross','2018-08-30 05:19:47',NULL),(1061,957,5,1,666,'Plate putih','2018-08-30 05:22:35',NULL),(1062,957,5,1,666,'Plate putih','2018-08-30 05:22:35',NULL),(1063,958,5,1,667,'plate strip','2018-08-30 08:10:16',NULL),(1064,958,5,1,667,'plate strip','2018-08-30 08:10:16',NULL),(1065,960,5,1,667,'Equal Tee','2018-08-30 08:10:16',NULL),(1066,960,5,1,667,'Equal Tee','2018-08-30 08:10:16',NULL),(1067,956,5,1,668,'Plate berubang','2018-08-30 08:15:05',NULL),(1068,956,5,1,668,'Plate berubang','2018-08-30 08:15:05',NULL),(1069,960,5,1,668,'Equal Tee','2018-08-30 08:15:05',NULL),(1070,960,5,1,668,'Equal Tee','2018-08-30 08:15:05',NULL),(1071,964,5,1,668,'water tube boiler','2018-08-30 08:15:05',NULL),(1072,964,5,1,668,'water tube boiler','2018-08-30 08:15:05',NULL),(1073,963,5,3,668,'stoker fire boiler','2018-08-30 08:15:05',NULL),(1074,963,5,3,668,'stoker fire boiler','2018-08-30 08:15:05',NULL),(1075,957,5,1,669,'Plate putih','2018-08-30 08:48:28',NULL),(1076,957,5,1,669,'Plate putih','2018-08-30 08:48:28',NULL),(1077,958,5,1,669,'plate strip','2018-08-30 08:48:28',NULL),(1078,958,5,1,669,'plate strip','2018-08-30 08:48:28',NULL),(1079,963,5,2,669,'stoker fire boiler','2018-08-30 08:48:28',NULL),(1080,963,5,2,669,'stoker fire boiler','2018-08-30 08:48:28',NULL),(1081,970,5,1,670,'turbin gas','2018-08-30 10:45:27',NULL),(1082,970,5,1,670,'turbin gas','2018-08-30 10:45:27',NULL),(1083,969,5,2,670,'turbin angin','2018-08-30 10:45:27',NULL),(1084,969,5,2,670,'turbin angin','2018-08-30 10:45:27',NULL),(1085,968,5,1,670,'haydro turbin','2018-08-30 10:45:27',NULL),(1086,968,5,1,670,'haydro turbin','2018-08-30 10:45:27',NULL),(1087,957,5,1,671,'Plate putih','2018-08-30 10:51:59',NULL),(1088,957,5,1,671,'Plate putih','2018-08-30 10:51:59',NULL),(1089,958,5,1,672,'plate strip','2018-09-02 17:34:06',NULL),(1090,958,5,1,672,'plate strip','2018-09-02 17:34:06',NULL),(1091,957,5,1,672,'Plate putih','2018-09-02 17:34:06',NULL),(1092,957,5,1,672,'Plate putih','2018-09-02 17:34:06',NULL),(1093,956,5,1,672,'Plate berubang','2018-09-02 17:34:06',NULL),(1094,956,5,1,672,'Plate berubang','2018-09-02 17:34:06',NULL),(1095,960,5,1,672,'Equal Tee','2018-09-02 17:34:06',NULL),(1096,960,5,1,672,'Equal Tee','2018-09-02 17:34:06',NULL),(1097,957,5,1,673,'Plate putih','2018-09-02 17:46:51',NULL),(1098,957,5,1,673,'Plate putih','2018-09-02 17:46:51',NULL),(1099,649,2,1,674,'Espressso-old','2018-09-04 07:46:06',NULL),(1100,649,2,1,674,'Espressso-old','2018-09-04 07:46:06',NULL),(1101,495,1,1,675,'ALEVA MADU ANAK (Ekstrak kelor PLus Albumin)','2018-09-06 08:05:54',NULL),(1102,495,1,1,675,'ALEVA MADU ANAK (Ekstrak kelor PLus Albumin)','2018-09-06 08:05:54',NULL),(1103,697,2,1,676,'Photo Booth','2018-09-13 10:36:44',NULL),(1104,697,2,1,676,'Photo Booth','2018-09-13 10:36:44',NULL);
/*!40000 ALTER TABLE `mk_stock_reserved` ENABLE KEYS */;
UNLOCK TABLES;

--
-- Table structure for table `mk_sub_categories`
--

DROP TABLE IF EXISTS `mk_sub_categories`;
/*!40101 SET @saved_cs_client     = @@character_set_client */;
/*!40101 SET character_set_client = utf8 */;
CREATE TABLE `mk_sub_categories` (
  `id` int(11) NOT NULL AUTO_INCREMENT,
  `cat_id` int(11) NOT NULL,
  `shop_id` int(11) NOT NULL,
  `name` varchar(255) NOT NULL,
  `is_published` int(11) NOT NULL DEFAULT '0',
  `ordering` int(5) NOT NULL,
  `added` timestamp NOT NULL DEFAULT CURRENT_TIMESTAMP,
  `updated` timestamp NULL DEFAULT NULL,
  PRIMARY KEY (`id`) USING BTREE
) ENGINE=InnoDB AUTO_INCREMENT=172 DEFAULT CHARSET=utf8 ROW_FORMAT=DYNAMIC;
/*!40101 SET character_set_client = @saved_cs_client */;

--
-- Dumping data for table `mk_sub_categories`
--

LOCK TABLES `mk_sub_categories` WRITE;
/*!40000 ALTER TABLE `mk_sub_categories` DISABLE KEYS */;
INSERT INTO `mk_sub_categories` VALUES (3,1,1,'Obat',1,1001,'2014-12-10 16:06:29',NULL),(171,2,2,'Grafis',1,1,'2018-09-18 07:33:59',NULL);
/*!40000 ALTER TABLE `mk_sub_categories` ENABLE KEYS */;
UNLOCK TABLES;

--
-- Table structure for table `mk_touches`
--

DROP TABLE IF EXISTS `mk_touches`;
/*!40101 SET @saved_cs_client     = @@character_set_client */;
/*!40101 SET character_set_client = utf8 */;
CREATE TABLE `mk_touches` (
  `id` int(11) NOT NULL AUTO_INCREMENT,
  `item_id` varchar(255) NOT NULL,
  `appuser_id` int(11) NOT NULL,
  `added` timestamp NOT NULL DEFAULT CURRENT_TIMESTAMP,
  PRIMARY KEY (`id`) USING BTREE
) ENGINE=InnoDB AUTO_INCREMENT=4250 DEFAULT CHARSET=utf8 ROW_FORMAT=DYNAMIC;
/*!40101 SET character_set_client = @saved_cs_client */;

--
-- Dumping data for table `mk_touches`
--

LOCK TABLES `mk_touches` WRITE;
/*!40000 ALTER TABLE `mk_touches` DISABLE KEYS */;
INSERT INTO `mk_touches` VALUES (3983,'994',377,'2018-05-14 17:32:57'),(3984,'995',377,'2018-05-14 17:33:06'),(3985,'996',377,'2018-05-14 17:33:40'),(3986,'997',375,'2018-05-14 17:34:28'),(4247,'btn2',1,'2020-03-12 07:34:42'),(4248,'btn2',2,'2020-03-13 06:46:15'),(4249,'btn2',3,'2020-03-13 06:48:59');
/*!40000 ALTER TABLE `mk_touches` ENABLE KEYS */;
UNLOCK TABLES;

--
-- Table structure for table `mk_transaction_detail`
--

DROP TABLE IF EXISTS `mk_transaction_detail`;
/*!40101 SET @saved_cs_client     = @@character_set_client */;
/*!40101 SET character_set_client = utf8 */;
CREATE TABLE `mk_transaction_detail` (
  `id` int(11) NOT NULL AUTO_INCREMENT,
  `transaction_header_id` int(11) NOT NULL,
  `shop_id` int(11) NOT NULL,
  `item_id` int(11) NOT NULL,
  `item_name` varchar(255) NOT NULL,
  `item_attribute` varchar(255) NOT NULL,
  `unit_price` float NOT NULL,
  `qty` int(11) NOT NULL,
  `discount_percent` float NOT NULL,
  `added` timestamp NOT NULL DEFAULT CURRENT_TIMESTAMP,
  PRIMARY KEY (`id`) USING BTREE
) ENGINE=InnoDB AUTO_INCREMENT=806 DEFAULT CHARSET=utf8 ROW_FORMAT=DYNAMIC;
/*!40101 SET character_set_client = @saved_cs_client */;

--
-- Dumping data for table `mk_transaction_detail`
--

LOCK TABLES `mk_transaction_detail` WRITE;
/*!40000 ALTER TABLE `mk_transaction_detail` DISABLE KEYS */;
INSERT INTO `mk_transaction_detail` VALUES (21,22,1,1,'Cable 1','White,2 M',9,2,0.1,'2016-06-19 22:01:22'),(22,22,1,2,'Cable 2','',20,5,0,'2016-06-19 22:01:22'),(23,23,1,1,'Cable 1','White,2 M',9,2,0.1,'2016-06-23 21:20:13'),(24,23,1,2,'Cable 2','',20,5,0,'2016-06-23 21:20:13'),(25,23,1,3,'Cable 3','',15,4,0,'2016-06-23 21:20:13'),(26,23,1,4,'Cable 4','',25,2,0,'2016-06-23 21:20:13'),(27,23,1,5,'Cable 5','',10,1,0,'2016-06-23 21:20:13'),(28,24,1,8,'Keyboard 1','',10,3,0,'2016-06-23 22:17:09'),(29,24,1,4,'Cable 4','',25,1,0,'2016-06-23 22:17:09'),(30,24,1,9,'Keyboard 2','',15,1,0,'2016-06-23 22:17:09'),(31,25,1,9,'Keyboard 2','',15,1,0,'2016-06-28 15:06:20'),(32,25,1,5,'Cable 5','',10,5,0,'2016-06-28 15:06:20'),(33,25,1,4,'Cable 4','',25,2,0,'2016-06-28 15:06:20'),(34,26,1,1,'Cable 1','White,1 M',9,3,0.1,'2016-06-28 15:22:01'),(35,26,1,2,'Cable 2','',20,4,0,'2016-06-28 15:22:01'),(36,27,1,1,'Cable 1','',10,2,0.1,'2016-07-15 21:26:21'),(37,27,1,2,'Cable 2','',20,3,0,'2016-07-15 21:26:21'),(38,28,1,2,'Cable 2','',20,4,0,'2016-07-24 20:01:48'),(39,29,1,4,'Cable 4','',25,4,0,'2016-07-24 20:25:39'),(40,30,1,2,'Cable 2','',20,1,0,'2016-07-24 20:29:26'),(41,31,1,8,'Keyboard 1','',10,9,0,'2016-07-24 20:32:43'),(43,33,1,1,'Cable 1','2 M(15$),',10,6,0.1,'2016-08-07 21:59:39'),(44,33,1,4,'Cable 4','',25,4,0,'2016-08-07 21:59:39'),(45,33,1,3,'Cable 3','',15,2,0,'2016-08-07 21:59:39'),(46,34,1,1,'Cable 1','',10,2,0.1,'2016-08-07 22:09:25'),(47,35,1,1,'Cable 1','',10,2,0.1,'2016-08-07 22:14:53'),(48,36,1,1,'Cable 1','',9,2,0.1,'2016-08-07 23:01:15'),(49,36,1,2,'Cable 2','',20,3,0,'2016-08-07 23:01:15'),(50,36,1,3,'Cable 3','',15,4,0,'2016-08-07 23:01:15'),(51,36,1,8,'Keyboard 1','',10,22,0,'2016-08-07 23:01:15'),(52,37,1,1,'Cable 1','',10,6,0.1,'2016-08-08 08:12:07'),(53,37,1,4,'Cable 4','',25,6,0,'2016-08-08 08:12:07'),(54,38,1,1,'Cable 1','',10.5,3,0.1,'2016-08-08 15:33:26'),(55,39,1,1,'Cable 1','',9.4,5,0.1,'2016-08-08 17:45:51'),(59,41,1,1,'Cable 1','',9.4,12,0.1,'2016-08-08 21:53:25'),(62,42,1,1,'Cable 1','',9.4,3,0.1,'2016-08-08 22:01:06'),(87,58,1,9,'Keyboard 2','',15,4,0,'2016-08-13 21:19:23'),(88,58,1,1,'Cable 1','Black,2 M',24.45,1,0.1,'2016-08-13 21:19:23'),(89,59,1,2,'Cable 2','',20,2,0,'2016-08-13 21:49:27'),(90,60,1,2,'Cable 2','',20,2,0,'2016-08-14 18:53:59'),(91,61,1,4,'Cable 4','',25,4,0,'2016-08-14 21:42:25'),(93,63,1,4,'Cable 4','',25,3,0,'2016-08-15 20:05:06'),(94,63,1,1,'Cable 1','1 M(10$),',9.4,4,0.1,'2016-08-15 20:05:06'),(95,64,1,1,'Cable 1','',9.45,7,0.1,'2016-10-06 13:00:25'),(96,64,1,8,'Keyboard 1','',8.5,6,0.15,'2016-10-06 13:00:25'),(97,64,1,11,'Keyboard 4','',10,2,0,'2016-10-06 13:00:25'),(98,65,1,1,'Cable 1','',9.45,7,0.1,'2016-10-06 13:08:52'),(99,65,1,8,'Keyboard 1','',8.5,6,0.15,'2016-10-06 13:08:52'),(100,65,1,11,'Keyboard 4','',10,2,0,'2016-10-06 13:08:52'),(101,66,1,1,'Cable 1','',9.45,2,0.1,'2016-11-09 17:26:08'),(102,67,1,8,'Keyboard 1','',8.5,1,0.15,'2016-11-09 17:59:03'),(103,68,1,8,'Keyboard 1','',8.5,1,0.15,'2016-11-09 20:08:04'),(104,68,1,15,'Phone 1','',20,2,0,'2016-11-09 20:08:04'),(105,69,1,1,'Cable 1','',9.45,1,0.1,'2016-11-10 19:04:30'),(106,70,1,1,'Cable 1','',9.4,2,0.1,'2017-08-01 00:29:35'),(108,72,1,534,'TEH CELUP PASAK BUMI KENCONO SARI','',20000,1,0,'2017-12-04 08:27:17'),(109,73,1,534,'TEH CELUP PASAK BUMI KENCONO SARI','',20000,2,0,'2017-12-04 08:28:10'),(110,74,1,495,'ALEVA MADU ANAK   ','',60000,2,0,'2017-12-13 10:14:52'),(111,75,1,495,'ALEVA MADU ANAK   ','',60000,2,0,'2017-12-13 10:17:59'),(112,76,1,562,'BIOKIDS PLATINUM','',65000,1,0,'2017-12-13 10:22:16'),(113,77,1,562,'BIOKIDS PLATINUM','',65000,2,0,'2017-12-13 10:23:55'),(114,78,1,514,' KURMA MADU ANGKAK PLUS HERBA 350GR AL-BAIK  ','',65000,1,0,'2017-12-13 10:30:29'),(115,79,1,516,'MD KOLESTEROL 350GR MUJAROB ','',60000,3,0,'2017-12-13 10:30:57'),(116,80,1,474,'IKAN GABUS GABUMIN','',75000,1,0,'2017-12-13 10:32:09'),(117,81,1,475,'PROBET G.A.N','',50000,1,0,'2017-12-15 11:26:35'),(118,82,1,476,'KAPS MENGKUDU ISI 50 KAPS G.A.N ','',50000,2,0,'2017-12-16 19:48:51'),(119,82,1,475,'PROBET G.A.N','',50000,5,0,'2017-12-16 19:48:51'),(120,83,1,475,'PROBET G.A.N','',50000,3,0,'2017-12-16 20:18:37'),(121,83,1,477,' KAPS TEMULAWAK ISI 50 KAPS G.A.N ','',50000,2,0,'2017-12-16 20:18:37'),(122,84,1,495,'ALEVA MADU ANAK   ','',60000,2,0,'2017-12-16 20:20:18'),(123,85,1,478,'HERBARETIK  G.A.N ','',50000,2,0,'2017-12-17 05:22:22'),(124,86,1,495,'ALEVA MADU ANAK   ','',60000,1,0,'2017-12-17 08:28:21'),(125,87,1,476,'KAPS MENGKUDU ISI 50 KAPS G.A.N ','',50000,2,0,'2017-12-17 08:29:53'),(126,88,1,476,'KAPS MENGKUDU ISI 50 KAPS G.A.N ','',50000,2,0,'2017-12-17 08:30:44'),(127,89,1,476,'KAPS MENGKUDU ISI 50 KAPS G.A.N ','',50000,2,0,'2017-12-17 10:03:17'),(128,90,1,476,'KAPS MENGKUDU ISI 50 KAPS G.A.N ','',50000,2,0,'2017-12-17 10:04:08'),(129,90,1,476,'KAPS MENGKUDU ISI 50 KAPS G.A.N ','',50000,2,0,'2017-12-17 10:04:08'),(130,91,1,562,'BIOKIDS PLATINUM','none',65000,1,0,'2017-12-17 14:12:17'),(131,92,1,562,'BIOKIDS PLATINUM','none',65000,1,0,'2017-12-17 14:12:23'),(132,93,1,562,'BIOKIDS PLATINUM','none',65000,1,0,'2017-12-17 14:16:46'),(133,94,1,562,'BIOKIDS PLATINUM','none',65000,1,0,'2017-12-17 14:33:32'),(134,94,1,475,'PROBET G.A.N','none',50000,1,0,'2017-12-17 14:33:32'),(135,95,1,562,'BIOKIDS PLATINUM','none',65000,1,0,'2017-12-17 14:50:07'),(136,95,1,475,'PROBET G.A.N','none',50000,1,0,'2017-12-17 14:50:07'),(137,96,1,562,'BIOKIDS PLATINUM','none',65000,1,0,'2017-12-17 14:51:26'),(138,96,1,475,'PROBET G.A.N','none',50000,1,0,'2017-12-17 14:51:26'),(139,97,1,562,'BIOKIDS PLATINUM','none',65000,1,0,'2017-12-17 14:52:53'),(140,97,1,475,'PROBET G.A.N','none',50000,1,0,'2017-12-17 14:52:53'),(141,98,1,562,'BIOKIDS PLATINUM','none',65000,1,0,'2017-12-17 14:53:10'),(142,98,1,475,'PROBET G.A.N','none',50000,1,0,'2017-12-17 14:53:10'),(143,99,1,562,'BIOKIDS PLATINUM','none',65000,1,0,'2017-12-17 14:53:20'),(144,99,1,475,'PROBET G.A.N','none',50000,1,0,'2017-12-17 14:53:20'),(145,100,1,562,'BIOKIDS PLATINUM','none',65000,1,0,'2017-12-17 14:54:48'),(146,100,1,475,'PROBET G.A.N','none',50000,1,0,'2017-12-17 14:54:48'),(147,101,1,562,'BIOKIDS PLATINUM','none',65000,1,0,'2017-12-17 14:54:53'),(148,101,1,475,'PROBET G.A.N','none',50000,1,0,'2017-12-17 14:54:53'),(149,102,1,562,'BIOKIDS PLATINUM','none',65000,1,0,'2017-12-17 14:59:53'),(150,102,1,475,'PROBET G.A.N','none',50000,1,0,'2017-12-17 14:59:53'),(151,103,1,495,'ALEVA MADU ANAK   ','none',60000,1,0,'2017-12-20 03:46:59'),(152,104,1,0,'','none',0,2,0,'2017-12-21 03:42:11'),(153,105,1,0,'','none',0,1,0,'2017-12-21 06:26:53'),(154,106,1,516,'MD KOLESTEROL 350GR MUJAROB ','none',60000,1,0,'2017-12-21 10:03:16'),(155,107,1,516,'MD KOLESTEROL 350GR MUJAROB ','none',60000,1,0,'2017-12-21 10:07:37'),(156,108,1,27,'LifeStyle Item 7','none',25,1,0,'2017-12-21 11:07:35'),(157,109,1,464,'LG 1','none',200,1,0,'2017-12-21 11:27:33'),(158,109,1,8,'Keyboard 1','none',10,1,0,'2017-12-21 11:27:33'),(159,110,1,562,'BIOKIDS PLATINUM','none',65000,1,0,'2017-12-21 11:29:14'),(160,111,1,476,'KAPS MENGKUDU ISI 50 KAPS G.A.N ','none',50000,1,0,'2017-12-21 11:32:37'),(161,112,1,91,'Inkjet Printer 2','none',700,1,0,'2017-12-21 11:34:34'),(162,113,1,8,'Keyboard 1','none',10,1,0,'2017-12-21 11:42:21'),(163,114,1,562,'BIOKIDS PLATINUM','none',65000,1,0,'2017-12-21 11:50:29'),(164,115,1,516,'MD KOLESTEROL 350GR MUJAROB ','none',60000,1,0,'2017-12-21 16:05:52'),(165,116,1,75,'Gaming PC 1','none',1000,1,0,'2017-12-21 16:16:34'),(166,117,1,514,' KURMA MADU ANGKAK PLUS HERBA 350GR AL-BAIK  ','none',65000,1,0,'2017-12-22 10:11:26'),(167,118,1,569,'MD BLACK GARLIC 460 GR GRIYA ANUR','none',90000,1,0,'2017-12-25 16:41:54'),(168,118,1,495,'ALEVA MADU ANAK   ','none',60000,1,0,'2017-12-25 16:41:54'),(169,119,1,517,'MD GAIRAH ','none',140000,1,0,'2017-12-25 17:14:08'),(187,138,1,495,'ALEVA MADU ANAK   ','none',60000,1,0,'2017-12-25 23:13:18'),(188,139,1,583,'s:21:\"HABBAT\'S KAPS ISI 200\";','none',62000,2,0,'2017-12-26 18:20:00'),(189,140,1,583,'s:21:\"HABBAT\'S KAPS ISI 200\";','none',62000,2,0,'2017-12-26 18:20:09'),(190,141,1,583,'s:21:\"HABBAT\'S KAPS ISI 200\";','none',62000,2,0,'2017-12-26 18:21:19'),(191,142,1,562,'s:16:\"BIOKIDS PLATINUM\";','none',65000,1,0,'2017-12-26 18:23:15'),(192,143,1,562,'BIOKIDS PLATINUM','none',65000,1,0,'2017-12-26 18:23:38'),(193,144,1,562,'BIOKIDS PLATINUM','none',65000,1,0,'2017-12-26 18:24:38'),(194,145,1,562,'BIOKIDS PLATINUM','none',65000,1,0,'2017-12-26 18:24:47'),(195,146,1,562,'BIOKIDS PLATINUM','none',65000,1,0,'2017-12-26 18:28:14'),(196,147,1,562,'BIOKIDS PLATINUM','none',65000,1,0,'2017-12-26 18:28:27'),(197,148,1,562,'BIOKIDS PLATINUM','none',65000,1,0,'2017-12-26 18:29:38'),(198,149,1,562,'BIOKIDS PLATINUM','none',65000,1,0,'2017-12-26 18:35:56'),(199,150,1,495,'ALEVA MADU ANAK   ','none',60000,1,0,'2017-12-26 18:36:50'),(200,151,1,562,'BIOKIDS PLATINUM','none',65000,1,0,'2017-12-26 18:37:52'),(201,152,1,562,'BIOKIDS PLATINUM','none',65000,1,0,'2017-12-26 18:39:26'),(202,153,1,562,'BIOKIDS PLATINUM','none',65000,1,0,'2017-12-26 18:48:17'),(203,154,1,562,'BIOKIDS PLATINUM','none',65000,1,0,'2017-12-26 18:49:01'),(204,155,1,562,'BIOKIDS PLATINUM','none',65000,1,0,'2017-12-26 18:49:09'),(205,156,1,562,'BIOKIDS PLATINUM','none',65000,1,0,'2017-12-26 18:49:13'),(206,157,1,562,'BIOKIDS PLATINUM','none',65000,1,0,'2017-12-26 18:50:02'),(207,158,1,562,'BIOKIDS PLATINUM','none',65000,1,0,'2017-12-26 18:52:47'),(208,159,1,562,'BIOKIDS PLATINUM','none',65000,1,0,'2017-12-26 18:53:03'),(209,160,1,562,'BIOKIDS PLATINUM','none',65000,1,0,'2017-12-26 18:53:52'),(210,161,1,516,'MD KOLESTEROL 350GR MUJAROB ','none',60000,1,0,'2017-12-26 19:20:25'),(211,162,1,516,'MD KOLESTEROL 350GR MUJAROB ','none',60000,1,0,'2017-12-26 19:22:12'),(212,163,1,516,'MD KOLESTEROL 350GR MUJAROB ','none',60000,1,0,'2017-12-26 19:22:21'),(213,164,1,516,'MD KOLESTEROL 350GR MUJAROB ','none',60000,1,0,'2017-12-26 19:23:23'),(214,165,1,516,'MD KOLESTEROL 350GR MUJAROB ','none',60000,1,0,'2017-12-26 19:24:10'),(215,166,1,516,'MD KOLESTEROL 350GR MUJAROB ','none',60000,1,0,'2017-12-26 19:25:40'),(216,167,1,516,'MD KOLESTEROL 350GR MUJAROB ','none',60000,1,0,'2017-12-26 19:35:41'),(217,168,1,516,'MD KOLESTEROL 350GR MUJAROB ','none',60000,1,0,'2017-12-26 19:38:47'),(218,169,1,516,'MD KOLESTEROL 350GR MUJAROB ','none',60000,1,0,'2017-12-26 19:42:25'),(219,170,1,516,'MD KOLESTEROL 350GR MUJAROB ','none',60000,1,0,'2017-12-26 19:44:05'),(220,171,1,516,'MD KOLESTEROL 350GR MUJAROB ','none',60000,1,0,'2017-12-26 19:44:32'),(221,172,1,516,'MD KOLESTEROL 350GR MUJAROB ','none',60000,1,0,'2017-12-26 19:45:32'),(222,173,1,516,'MD KOLESTEROL 350GR MUJAROB ','none',60000,1,0,'2017-12-26 19:46:40'),(223,174,1,516,'MD KOLESTEROL 350GR MUJAROB ','none',60000,1,0,'2017-12-26 19:49:24'),(224,175,1,516,'MD KOLESTEROL 350GR MUJAROB ','none',60000,1,0,'2017-12-26 19:50:09'),(225,176,1,583,'HABBAT\'S KAPS ISI 200','none',62000,2,0,'2017-12-27 04:02:38'),(226,194,1,562,'BIOKIDS PLATINUM','none',65000,1,0,'2017-12-27 05:26:03'),(227,195,1,516,'MD KOLESTEROL 350GR MUJAROB ','none',60000,1,0,'2017-12-27 05:26:13'),(228,196,1,495,'ALEVA MADU ANAK   ','none',60000,1,0,'2017-12-27 05:29:33'),(229,197,1,514,' KURMA MADU ANGKAK PLUS HERBA 350GR AL-BAIK  ','none',65000,1,0,'2017-12-27 05:32:32'),(230,198,1,562,'BIOKIDS PLATINUM','none',65000,1,0,'2017-12-27 05:36:25'),(231,199,1,516,'MD KOLESTEROL 350GR MUJAROB ','none',60000,1,0,'2017-12-27 05:38:17'),(232,200,1,562,'BIOKIDS PLATINUM','none',65000,1,0,'2017-12-27 05:46:32'),(233,200,1,476,'KAPS MENGKUDU ISI 50 KAPS G.A.N ','none',50000,1,0,'2017-12-27 05:46:32'),(234,201,1,562,'BIOKIDS PLATINUM','none',65000,1,0,'2017-12-27 05:53:50'),(235,201,1,516,'MD KOLESTEROL 350GR MUJAROB ','none',60000,1,0,'2017-12-27 05:53:50'),(236,202,1,562,'BIOKIDS PLATINUM','none',65000,1,0,'2017-12-27 05:54:33'),(237,203,1,562,'BIOKIDS PLATINUM','none',65000,1,0,'2017-12-27 05:54:35'),(238,204,1,562,'BIOKIDS PLATINUM','none',65000,1,0,'2017-12-27 05:57:37'),(239,204,1,516,'MD KOLESTEROL 350GR MUJAROB ','none',60000,1,0,'2017-12-27 05:57:37'),(240,205,1,562,'BIOKIDS PLATINUM','none',65000,1,0,'2017-12-27 05:58:01'),(241,205,1,516,'MD KOLESTEROL 350GR MUJAROB ','none',60000,1,0,'2017-12-27 05:58:01'),(242,206,1,562,'BIOKIDS PLATINUM','none',65000,1,0,'2017-12-27 05:58:18'),(243,206,1,516,'MD KOLESTEROL 350GR MUJAROB ','none',60000,1,0,'2017-12-27 05:58:18'),(244,207,1,562,'BIOKIDS PLATINUM','none',65000,1,0,'2017-12-27 06:00:53'),(245,207,1,516,'MD KOLESTEROL 350GR MUJAROB ','none',60000,1,0,'2017-12-27 06:00:53'),(246,208,1,562,'BIOKIDS PLATINUM','none',65000,1,0,'2017-12-27 06:01:02'),(247,208,1,516,'MD KOLESTEROL 350GR MUJAROB ','none',60000,1,0,'2017-12-27 06:01:02'),(248,209,1,562,'BIOKIDS PLATINUM','none',65000,1,0,'2017-12-27 06:01:32'),(249,210,1,562,'BIOKIDS PLATINUM','none',65000,1,0,'2017-12-27 06:02:49'),(250,211,1,562,'BIOKIDS PLATINUM','none',65000,1,0,'2017-12-27 06:02:56'),(251,211,1,516,'MD KOLESTEROL 350GR MUJAROB ','none',60000,1,0,'2017-12-27 06:02:56'),(252,212,1,562,'BIOKIDS PLATINUM','none',65000,1,0,'2017-12-27 06:07:06'),(253,213,1,562,'BIOKIDS PLATINUM','none',65000,1,0,'2017-12-27 06:10:41'),(254,214,1,562,'BIOKIDS PLATINUM','none',65000,1,0,'2017-12-27 06:12:35'),(255,215,1,562,'BIOKIDS PLATINUM','none',65000,1,0,'2017-12-27 06:13:45'),(256,216,1,562,'BIOKIDS PLATINUM','none',65000,1,0,'2017-12-27 06:15:11'),(257,217,1,562,'BIOKIDS PLATINUM','none',65000,1,0,'2017-12-27 06:16:14'),(258,218,1,562,'BIOKIDS PLATINUM','none',65000,1,0,'2017-12-27 06:18:03'),(259,219,1,562,'BIOKIDS PLATINUM','none',65000,1,0,'2017-12-27 06:19:20'),(260,220,1,562,'BIOKIDS PLATINUM','none',65000,1,0,'2017-12-27 06:40:52'),(261,221,1,562,'BIOKIDS PLATINUM','none',65000,1,0,'2017-12-27 06:42:23'),(262,222,1,562,'BIOKIDS PLATINUM','none',65000,1,0,'2017-12-27 06:46:00'),(263,223,1,562,'BIOKIDS PLATINUM','none',65000,1,0,'2017-12-27 06:46:54'),(264,224,1,562,'BIOKIDS PLATINUM','none',65000,1,0,'2017-12-27 06:53:54'),(265,225,1,475,'PROBET G.A.N','none',50000,1,0,'2017-12-27 07:44:57'),(266,226,1,495,'ALEVA MADU ANAK   ','',60000,1,0,'2018-01-03 03:18:18'),(267,227,1,495,'ALEVA MADU ANAK   ','',60000,1,0,'2018-01-03 03:19:36'),(268,228,1,562,'BIOKIDS PLATINUM','none',65000,1,0,'2018-01-03 12:02:12'),(269,228,1,516,'MD KOLESTEROL 350GR MUJAROB ','none',60000,1,0,'2018-01-03 12:02:12'),(270,229,1,562,'BIOKIDS PLATINUM','none',65000,1,0,'2018-01-03 12:07:17'),(271,230,1,516,'MD KOLESTEROL 350GR MUJAROB ','none',60000,1,0,'2018-01-03 15:37:08'),(272,231,1,495,'ALEVA MADU ANAK   ','none',60000,1,0,'2018-01-03 15:39:20'),(273,232,1,514,' KURMA MADU ANGKAK PLUS HERBA 350GR AL-BAIK  ','none',65000,1,0,'2018-01-03 15:40:46'),(274,233,1,562,'BIOKIDS PLATINUM','none',65000,1,0,'2018-01-03 16:08:56'),(275,234,1,516,'MD KOLESTEROL 350GR MUJAROB ','none',60000,1,0,'2018-01-03 16:22:03'),(276,235,1,495,'ALEVA MADU ANAK   ','none',60000,1,0,'2018-01-03 19:17:39'),(277,236,1,562,'BIOKIDS PLATINUM','none',65000,1,0,'2018-01-04 04:22:24'),(278,236,1,516,'MD KOLESTEROL 350GR MUJAROB ','none',60000,1,0,'2018-01-04 04:22:24'),(279,237,1,495,'ALEVA MADU ANAK   ','none',60000,1,0,'2018-01-04 06:31:38'),(280,238,1,495,'ALEVA MADU ANAK   ','none',60000,1,0,'2018-01-04 06:34:19'),(281,239,1,476,'KAPS MENGKUDU ISI 50 KAPS G.A.N ','none',50000,2,0,'2018-01-04 06:50:58'),(282,239,1,562,'BIOKIDS PLATINUM','none',65000,3,0,'2018-01-04 06:50:58'),(283,239,1,514,' KURMA MADU ANGKAK PLUS HERBA 350GR AL-BAIK  ','none',65000,1,0,'2018-01-04 06:50:58'),(284,239,1,516,'MD KOLESTEROL 350GR MUJAROB ','none',60000,1,0,'2018-01-04 06:50:58'),(285,240,1,480,'KAPS JATI CINA ISI 50 KAPS G.A.N ','none',50000,1,0,'2018-01-04 06:57:13'),(286,240,1,515,'TEH CELUP JATI CINA KENCONO SARI','none',15000,1,0,'2018-01-04 06:57:13'),(287,241,1,475,'PROBET G.A.N','none',50000,1,0,'2018-01-04 07:04:42'),(288,241,1,517,'MD GAIRAH ','none',140000,1,0,'2018-01-04 07:04:42'),(289,242,1,562,'BIOKIDS PLATINUM','none',65000,1,0,'2018-01-04 09:21:44'),(290,243,1,495,'ALEVA MADU ANAK   ','none',60000,1,0,'2018-01-05 03:47:14'),(291,244,1,475,'PROBET G.A.N','none',50000,1,0,'2018-01-05 03:52:41'),(292,245,1,516,'MD KOLESTEROL 350GR MUJAROB ','none',60000,1,0,'2018-01-05 04:08:20'),(293,246,1,562,'BIOKIDS PLATINUM ','none',42500,1,0,'2018-01-08 22:49:00'),(294,247,1,517,'PAKET MADU GAIRAH, (280 gram)','none',185000,1,0,'2018-01-09 06:55:29'),(295,248,1,495,'ALEVA MADU ANAK   ','',60000,1,0,'2018-01-10 03:52:27'),(296,249,1,512,'TEH CELUP KELOR, 20 Teh Celu','',20000,1,0,'2018-01-10 03:53:29'),(297,250,1,495,'ALEVA MADU ANAK   ','',60000,1,0,'2018-01-10 04:02:25'),(298,251,1,495,'ALEVA MADU ANAK   ','',60000,1,0,'2018-01-10 07:24:10'),(299,252,1,495,'ALEVA MADU ANAK   ','',60000,1,0,'2018-01-10 07:24:55'),(300,253,1,615,'MADU ARAFAH','',0,2,0,'2018-01-10 07:26:40'),(301,254,1,615,'MADU ARAFAH','',0,2,0,'2018-01-10 07:27:04'),(302,255,1,475,'PROBET','',50000,1,0,'2018-01-10 07:28:55'),(303,256,1,475,'PROBET','',50000,1,0,'2018-01-10 07:29:21'),(304,257,1,512,'TEH CELUP KELOR, 20 Teh Celu','',20000,1,0,'2018-01-10 07:30:46'),(305,258,1,512,'TEH CELUP KELOR, 20 Teh Celu','',20000,1,0,'2018-01-10 07:31:16'),(306,259,1,492,'JUS LUTOX  ','',385000,1,0,'2018-01-10 07:31:49'),(307,260,1,492,'JUS LUTOX  ','',385000,1,0,'2018-01-10 07:32:07'),(308,261,1,492,'JUS LUTOX  ','',385000,1,0,'2018-01-10 07:32:38'),(309,262,1,510,'GOLDEN TAMR, (500 GRAM) ','',47000,1,0,'2018-01-10 07:33:31'),(310,263,1,510,'GOLDEN TAMR, (500 GRAM) ','',47000,1,0,'2018-01-10 07:33:57'),(311,264,1,476,'KAPSUL MENGKUDU','',50000,1,0,'2018-01-15 01:47:20'),(312,265,1,495,'ALEVA MADU ANAK   ','',60000,1,0,'2018-01-15 01:48:21'),(313,266,1,495,'ALEVA MADU ANAK   ','none',60000,1,0,'2018-01-15 06:52:56'),(314,267,1,495,'ALEVA MADU ANAK   ','none',60000,1,0,'2018-01-17 08:18:00'),(315,268,1,562,'BIOKIDS PLATINUM ','none',42500,1,0,'2018-01-17 09:13:40'),(316,269,1,475,'PROBET','none',50000,1,0,'2018-01-17 09:32:05'),(317,270,1,476,'KAPSUL MENGKUDU','none',50000,1,0,'2018-01-17 09:33:52'),(318,271,1,562,'BIOKIDS PLATINUM ','none',42500,1,0,'2018-01-17 09:59:38'),(319,272,1,495,'ALEVA MADU ANAK   ','none',60000,1,0,'2018-01-17 10:26:11'),(320,273,1,495,'ALEVA MADU ANAK   ','none',60000,1,0,'2018-01-17 10:27:46'),(321,274,1,475,'PROBET','none',50000,1,0,'2018-01-17 10:30:41'),(322,275,1,495,'ALEVA MADU ANAK   ','none',60000,1,0,'2018-01-17 10:31:15'),(323,276,1,495,'ALEVA MADU ANAK   ','none',60000,1,0,'2018-01-17 10:32:03'),(324,277,1,495,'ALEVA MADU ANAK   ','none',60000,1,0,'2018-01-17 10:35:53'),(325,278,1,476,'KAPSUL MENGKUDU','none',50000,1,0,'2018-01-17 10:38:18'),(326,279,1,562,'BIOKIDS PLATINUM ','none',42500,1,0,'2018-01-17 11:25:24'),(327,280,1,495,'ALEVA MADU ANAK   ','none',60000,1,0,'2018-01-17 11:27:05'),(328,281,1,495,'ALEVA MADU ANAK   ','none',60000,1,0,'2018-01-17 11:27:10'),(329,282,1,495,'ALEVA MADU ANAK   ','none',60000,1,0,'2018-01-17 11:29:24'),(330,283,1,495,'ALEVA MADU ANAK   ','none',60000,1,0,'2018-01-17 11:29:40'),(331,284,1,495,'ALEVA MADU ANAK   ','none',60000,1,0,'2018-01-17 11:31:43'),(332,285,1,495,'ALEVA MADU ANAK   ','none',60000,1,0,'2018-01-17 11:33:03'),(333,286,1,495,'ALEVA MADU ANAK   ','none',60000,1,0,'2018-01-17 11:33:07'),(334,287,1,495,'ALEVA MADU ANAK   ','none',60000,1,0,'2018-01-17 11:33:41'),(335,288,1,495,'ALEVA MADU ANAK   ','none',60000,1,0,'2018-01-17 11:33:54'),(336,289,1,495,'ALEVA MADU ANAK   ','none',60000,1,0,'2018-01-17 11:36:06'),(337,290,1,495,'ALEVA MADU ANAK   ','none',60000,1,0,'2018-01-17 11:37:50'),(338,291,1,495,'ALEVA MADU ANAK   ','none',60000,1,0,'2018-01-17 11:39:50'),(339,292,1,495,'ALEVA MADU ANAK   ','none',60000,1,0,'2018-01-17 11:39:56'),(340,293,1,495,'ALEVA MADU ANAK   ','none',60000,1,0,'2018-01-17 11:42:34'),(341,294,1,495,'ALEVA MADU ANAK   ','none',60000,1,0,'2018-01-17 11:43:18'),(342,295,1,495,'ALEVA MADU ANAK   ','none',60000,1,0,'2018-01-17 11:45:16'),(343,296,1,495,'ALEVA MADU ANAK   ','none',60000,1,0,'2018-01-17 11:48:20'),(344,297,1,495,'ALEVA MADU ANAK   ','none',60000,1,0,'2018-01-17 11:49:11'),(345,298,1,495,'ALEVA MADU ANAK   ','none',60000,1,0,'2018-01-17 11:50:59'),(346,299,1,495,'ALEVA MADU ANAK   ','none',60000,1,0,'2018-01-17 11:54:23'),(347,300,1,495,'ALEVA MADU ANAK   ','none',60000,1,0,'2018-01-17 11:54:23'),(348,301,1,495,'ALEVA MADU ANAK   ','none',60000,1,0,'2018-01-17 11:55:20'),(349,302,1,495,'ALEVA MADU ANAK   ','none',60000,1,0,'2018-01-17 11:55:28'),(350,303,1,495,'ALEVA MADU ANAK   ','none',60000,1,0,'2018-01-17 11:57:29'),(351,304,1,495,'ALEVA MADU ANAK   ','none',60000,1,0,'2018-01-17 11:59:35'),(352,305,1,495,'ALEVA MADU ANAK   ','none',60000,1,0,'2018-01-17 12:00:05'),(353,306,1,495,'ALEVA MADU ANAK   ','none',60000,1,0,'2018-01-17 12:01:16'),(354,307,1,495,'ALEVA MADU ANAK   ','none',60000,1,0,'2018-01-17 12:03:49'),(355,308,1,495,'ALEVA MADU ANAK   ','none',60000,1,0,'2018-01-17 12:05:13'),(356,309,1,495,'ALEVA MADU ANAK   ','none',60000,1,0,'2018-01-17 12:05:18'),(357,310,1,516,'MD KOLESTEROL 350GR MUJAROB ','none',60000,1,0,'2018-01-22 03:27:26'),(358,311,1,516,'MD KOLESTEROL 350GR MUJAROB ','none',60000,1,0,'2018-01-22 03:27:52'),(359,312,1,516,'MD KOLESTEROL 350GR MUJAROB ','none',60000,1,0,'2018-01-22 03:31:54'),(360,313,1,516,'MD KOLESTEROL 350GR MUJAROB ','none',60000,1,0,'2018-01-22 03:32:12'),(361,314,1,516,'MD KOLESTEROL 350GR MUJAROB ','none',60000,1,0,'2018-01-22 03:34:00'),(362,315,1,516,'MD KOLESTEROL 350GR MUJAROB ','none',60000,1,0,'2018-01-22 03:45:58'),(363,316,1,516,'MD KOLESTEROL 350GR MUJAROB ','none',60000,1,0,'2018-01-22 03:53:18'),(364,317,1,516,'MD KOLESTEROL 350GR MUJAROB ','none',60000,1,0,'2018-01-22 03:53:46'),(365,318,1,495,'ALEVA MADU ANAK   ','none',60000,1,0,'2018-01-24 04:06:55'),(366,319,1,495,'ALEVA MADU ANAK   ','none',60000,1,0,'2018-01-24 04:07:48'),(367,320,1,536,'TEH CELUP SIRSAK KENCONO SARI  ','none',15000,1,0,'2018-01-25 04:40:55'),(368,321,1,512,'TEH CELUP KELOR, 20 Teh Celu','none',20000,2,0,'2018-01-25 07:34:04'),(369,322,1,512,'TEH CELUP KELOR, 20 Teh Celu','none',20000,3,0,'2018-01-25 07:39:42'),(370,323,1,495,'ALEVA MADU ANAK   ','none',60000,1,0,'2018-01-25 10:00:52'),(371,324,1,495,'ALEVA MADU ANAK   ','none',60000,1,0,'2018-01-25 10:24:03'),(372,325,1,495,'ALEVA MADU ANAK   ','none',60000,1,0,'2018-01-25 10:44:10'),(373,326,1,532,'TEH CELUP SARANG SEMUT KENCONO SARI   ','none',20000,1,0,'2018-01-25 10:46:30'),(374,327,1,495,'ALEVA MADU ANAK   ','none',60000,1,0,'2018-01-25 11:15:11'),(375,328,1,516,'MD KOLESTEROL 350GR MUJAROB ','none',60000,1,0,'2018-01-25 11:34:18'),(376,329,1,495,'ALEVA MADU ANAK   ','none',60000,1,0,'2018-01-25 11:35:57'),(377,330,1,495,'ALEVA MADU ANAK   ','none',60000,1,0,'2018-01-25 11:38:38'),(378,331,1,495,'ALEVA MADU ANAK   ','none',60000,1,0,'2018-01-25 11:38:43'),(379,332,1,521,'COCOA MANJA KASEH TOPLES     ','none',250000,1,0,'2018-01-25 11:41:00'),(380,333,1,495,'ALEVA MADU ANAK   ','none',60000,1,0,'2018-01-25 11:41:37'),(381,334,1,495,'ALEVA MADU ANAK   ','none',60000,1,0,'2018-01-25 11:44:40'),(382,335,1,516,'MD KOLESTEROL 350GR MUJAROB ','none',60000,1,0,'2018-01-25 11:49:51'),(383,336,1,516,'MD KOLESTEROL 350GR MUJAROB ','none',60000,1,0,'2018-01-25 11:50:42'),(384,337,1,495,'ALEVA MADU ANAK   ','none',60000,1,0,'2018-01-25 11:56:18'),(385,338,1,476,'KAPSUL MENGKUDU','none',30000,1,0,'2018-01-25 11:58:59'),(386,339,1,512,'TEH CELUP KELOR, 20 Teh Celu','none',20000,1,0,'2018-01-25 12:10:48'),(387,340,1,532,'TEH CELUP SARANG SEMUT KENCONO SARI   ','none',20000,1,0,'2018-01-25 13:25:57'),(388,341,1,495,'ALEVA MADU ANAK   ','none',60000,1,0,'2018-01-25 13:27:13'),(389,342,1,495,'ALEVA MADU ANAK   ','none',60000,1,0,'2018-01-25 13:30:42'),(390,343,1,532,'TEH CELUP SARANG SEMUT KENCONO SARI   ','none',20000,1,0,'2018-01-25 13:37:35'),(391,344,1,495,'ALEVA MADU ANAK   ','none',60000,1,0,'2018-01-25 13:46:03'),(392,345,1,562,'BIOKIDS PLATINUM ','none',40000,1,0,'2018-01-25 13:52:38'),(393,346,1,495,'ALEVA MADU ANAK   ','none',60000,1,0,'2018-01-25 13:58:59'),(394,347,1,512,'TEH CELUP KELOR, 20 Teh Celu','none',20000,1,0,'2018-01-25 14:00:49'),(395,348,1,509,'POWDER DATSE FLOWER ','none',47000,1,0,'2018-01-25 14:03:53'),(396,349,1,519,'PUSAKA COFFEE, 15 Sachet (@23 gram)   ','none',65000,1,0,'2018-01-26 02:46:39'),(397,350,1,0,'','none',0,1,0,'2018-02-05 06:12:13'),(398,351,1,495,'ALEVA MADU ANAK   ','none',60000,1,0,'2018-02-05 13:34:05'),(399,352,1,495,'ALEVA MADU ANAK   ','none',60000,1,0,'2018-02-05 13:35:01'),(400,353,1,495,'ALEVA MADU ANAK   ','none',60000,1,0,'2018-02-05 13:38:56'),(401,354,0,0,'0','none',0,0,0,'2018-02-05 15:42:04'),(402,355,0,0,'0','none',0,0,0,'2018-02-05 15:43:26'),(403,356,0,0,'0','none',0,0,0,'2018-02-05 15:48:45'),(404,357,0,0,'0','none',0,0,0,'2018-02-05 15:50:56'),(405,358,0,0,'0','none',0,0,0,'2018-02-05 15:56:15'),(406,359,2,649,'Espressso','none',1,1,0,'2018-02-05 16:08:31'),(407,360,2,649,'Espressso','none',1,1,0,'2018-02-05 16:10:06'),(408,361,1,562,'BIOKIDS PLATINUM ','none',40000,1,0,'2018-02-06 01:15:12'),(409,361,1,604,'COCOA DIET, 10 Sachet (@20 gram)  ','none',75000,1,0,'2018-02-06 01:15:12'),(410,361,1,512,'TEH CELUP DAUN KELOR ','none',12500,1,0,'2018-02-06 01:15:12'),(411,362,1,515,'TEH CELUP JATI CINA,KENCONO SARI, 20 Teh Celup     ','none',12500,1,0,'2018-02-06 01:22:49'),(412,362,1,495,'ALEVA MADU ANAK   ','none',36000,2,0,'2018-02-06 01:22:49'),(413,362,1,513,'TEH CELUP KUMIS KUCING KENCONO SARI, 20 Teh Celup   ','none',12500,1,0,'2018-02-06 01:22:49'),(414,363,2,691,'yanuar anggianto','none',4800,1,0,'2018-02-09 04:05:15'),(415,364,2,691,'yanuar anggianto','none',4800,1,0,'2018-02-09 04:06:43'),(416,365,2,649,'yanuar anggianto','none',3200,1,0,'2018-02-09 04:16:23'),(417,366,2,649,'yanuar anggianto','none',3200,1,0,'2018-02-09 04:17:42'),(418,367,2,692,'yanuar anggianto','none',4800,1,0,'2018-02-09 04:17:52'),(419,368,2,695,'yanuar anggianto','none',3200,1,0,'2018-02-09 04:19:48'),(420,369,2,693,'yanuar anggianto','none',4800,1,0,'2018-02-09 07:30:12'),(421,370,2,690,'yanuar anggianto','none',4800,1,0,'2018-02-09 07:30:34'),(422,371,2,687,'yanuar anggianto','none',3200,1,0,'2018-02-09 07:48:35'),(423,372,2,687,'yanuar anggianto','none',3200,1,0,'2018-02-09 07:49:12'),(424,373,2,690,'yanuar anggianto','none',4800,1,0,'2018-02-09 07:51:21'),(425,374,2,691,'yanuar anggianto','none',4800,1,0,'2018-02-09 07:55:45'),(426,375,2,693,'maruf ramadan','none',4800,1,0,'2018-02-09 08:44:28'),(427,376,2,692,'maruf ramadan','none',4800,1,0,'2018-02-09 08:46:47'),(428,377,2,693,'yanuar anggianto','none',4800,1,0,'2018-02-09 17:04:06'),(429,378,2,687,'yanuar anggianto','none',3200,1,0,'2018-02-09 17:06:15'),(430,379,2,690,'maruf ramadan','none',4800,1,0,'2018-02-10 07:06:13'),(431,380,2,690,'maruf ramadan','none',4800,1,0,'2018-02-10 07:07:02'),(432,381,2,690,'yanuar anggianto','none',4800,1,0,'2018-02-10 07:09:39'),(433,382,2,693,'maruf ramadan','none',1200,1,0,'2018-02-10 07:26:52'),(434,383,2,695,'yanuar anggianto','none',1000,1,0,'2018-02-10 07:33:26'),(435,384,2,695,'yanuar anggianto','none',1000,1,0,'2018-02-10 07:36:26'),(436,385,2,695,'yanuar anggianto','none',1000,1,0,'2018-02-10 07:39:39'),(437,386,2,695,'yanuar anggianto','none',1000,1,0,'2018-02-10 07:41:05'),(438,387,2,692,'maruf ramadan','none',1200,1,0,'2018-02-10 08:16:19'),(439,388,2,693,'maruf ramadan','none',1200,1,0,'2018-02-10 08:25:54'),(440,389,2,688,'maruf ramadan','none',1200,1,0,'2018-02-10 08:40:00'),(441,390,2,690,'maruf ramadan','none',1200,1,0,'2018-02-10 08:43:10'),(442,391,2,687,'maruf ramadan','none',1000,1,0,'2018-02-10 08:44:58'),(443,392,2,695,'yanuar anggianto','none',1000,1,0,'2018-02-10 09:10:34'),(444,393,2,695,'yanuar anggianto','none',1000,1,0,'2018-02-10 09:12:26'),(445,394,2,692,'yanuar anggianto','none',1200,1,0,'2018-02-10 09:16:47'),(446,395,2,687,'yanuar anggianto','none',1000,1,0,'2018-02-10 09:18:11'),(447,396,2,687,'yanuar anggianto','none',1000,1,0,'2018-02-10 09:21:01'),(448,397,2,690,'yanuar anggianto','none',1200,1,0,'2018-02-10 09:22:12'),(449,398,2,687,'yanuar anggianto','none',1000,1,0,'2018-02-10 09:24:19'),(450,399,2,689,'yanuar anggianto','none',1200,1,0,'2018-02-10 09:25:37'),(451,400,2,697,'Dodhy Aleezka','none',100,1,0,'2018-02-10 12:03:56'),(452,401,2,697,'Conte Contesso','none',100,1,0,'2018-02-10 16:05:36'),(453,402,2,697,'Ruli Oktavian','none',100,1,0,'2018-02-10 23:04:37'),(454,403,2,697,'DIREKTUR UTAMA','none',100,1,0,'2018-02-10 23:44:02'),(455,404,2,691,'yanuar anggianto','none',1500,1,0,'2018-02-10 23:45:10'),(456,405,2,697,'test','none',100,1,0,'2018-02-10 23:58:15'),(457,406,2,697,'test','none',100,1,0,'2018-02-10 23:58:43'),(458,407,2,690,'Conte Contesso','none',1200,1,0,'2018-02-11 00:00:46'),(459,408,2,692,'maruf ramadan','none',1200,1,0,'2018-02-11 00:26:58'),(460,409,2,692,'maruf ramadan','none',1200,1,0,'2018-02-11 00:28:35'),(461,410,2,689,'maruf ramadan','none',1200,1,0,'2018-02-11 00:37:24'),(462,411,2,695,'yanuar anggianto','none',1000,1,0,'2018-02-11 00:47:14'),(463,412,2,695,'maruf ramadan','none',1000,1,0,'2018-02-11 00:49:50'),(464,413,2,695,'yanuar anggianto','none',1000,1,0,'2018-02-11 01:27:35'),(465,414,2,693,'maruf ramadan','none',1200,1,0,'2018-02-11 01:38:05'),(466,415,2,687,'maruf ramadan','none',1000,1,0,'2018-02-11 01:40:39'),(467,416,2,690,'maruf ramadan','none',1200,1,0,'2018-02-11 01:44:51'),(468,417,2,690,'maruf ramadan','none',1200,1,0,'2018-02-11 01:49:09'),(469,418,2,690,'maruf ramadan','none',1200,1,0,'2018-02-11 01:50:43'),(470,419,2,690,'maruf ramadan','none',1200,1,0,'2018-02-11 01:51:56'),(471,420,2,690,'maruf ramadan','none',1200,1,0,'2018-02-11 01:52:53'),(472,421,2,690,'maruf ramadan','none',1200,1,0,'2018-02-11 01:53:51'),(473,422,2,690,'maruf ramadan','none',1200,1,0,'2018-02-11 01:55:00'),(474,423,2,690,'maruf ramadan','none',1200,1,0,'2018-02-11 01:56:00'),(475,424,2,690,'maruf ramadan','none',1200,1,0,'2018-02-11 01:57:07'),(476,425,2,687,'yanuar anggianto','none',1000,1,0,'2018-02-11 01:58:11'),(477,426,2,687,'yanuar anggianto','none',1000,1,0,'2018-02-11 01:59:16'),(478,427,2,687,'yanuar anggianto','none',1000,1,0,'2018-02-11 02:00:38'),(479,428,2,690,'yanuar anggianto','none',1200,1,0,'2018-02-11 02:01:40'),(480,429,2,689,'yanuar anggianto','none',1200,1,0,'2018-02-11 02:03:15'),(481,430,2,690,'yanuar anggianto','none',1200,1,0,'2018-02-11 02:04:23'),(482,431,2,690,'yanuar anggianto','none',1200,1,0,'2018-02-11 02:05:23'),(483,432,2,690,'yanuar anggianto','none',1200,1,0,'2018-02-11 02:06:27'),(484,433,2,690,'maruf ramadan','none',1200,1,0,'2018-02-11 02:11:55'),(485,434,2,690,'maruf ramadan','none',1200,1,0,'2018-02-11 02:13:07'),(486,435,2,690,'maruf ramadan','none',1200,1,0,'2018-02-11 02:14:27'),(487,436,2,690,'maruf ramadan','none',1200,1,0,'2018-02-11 02:15:46'),(488,437,2,690,'maruf ramadan','none',1200,1,0,'2018-02-11 02:16:51'),(489,438,2,687,'maruf ramadan','none',1000,1,0,'2018-02-11 02:27:45'),(490,439,2,690,'maruf ramadan','none',1200,1,0,'2018-02-11 02:30:42'),(491,440,2,687,'maruf ramadan','none',1000,1,0,'2018-02-11 02:31:53'),(492,441,2,690,'yanuar anggianto','none',1200,1,0,'2018-02-11 02:35:43'),(493,442,2,691,'yanuar anggianto','none',1500,1,0,'2018-02-11 02:59:53'),(494,443,2,693,'maruf ramadan','none',1200,1,0,'2018-02-11 03:26:48'),(495,444,2,692,'maruf ramadan','none',1200,1,0,'2018-02-11 03:54:31'),(496,445,2,687,'yanuar anggianto','none',1000,1,0,'2018-02-11 04:12:46'),(497,446,2,689,'maruf ramadan','none',1200,1,0,'2018-02-11 04:16:43'),(498,447,2,690,'yanuar anggianto','none',1200,1,0,'2018-02-11 04:39:28'),(499,448,2,690,'yanuar anggianto','none',1200,1,0,'2018-02-11 04:40:46'),(500,449,2,693,'yanuar anggianto','none',1200,1,0,'2018-02-11 04:42:10'),(501,450,2,693,'yanuar anggianto','none',1200,1,0,'2018-02-11 04:42:58'),(502,451,2,693,'yanuar anggianto','none',1200,1,0,'2018-02-11 04:44:28'),(503,452,2,693,'yanuar anggianto','none',1200,1,0,'2018-02-11 04:45:16'),(504,453,2,690,'yanuar anggianto','none',1200,1,0,'2018-02-11 04:47:10'),(505,454,2,690,'yanuar anggianto','none',1200,1,0,'2018-02-11 04:48:27'),(506,455,2,690,'yanuar anggianto','none',1200,1,0,'2018-02-11 04:49:25'),(507,456,2,690,'yanuar anggianto','none',1200,1,0,'2018-02-11 04:51:16'),(508,457,2,690,'yanuar anggianto','none',1200,1,0,'2018-02-11 04:52:15'),(509,458,2,690,'yanuar anggianto','none',1200,1,0,'2018-02-11 04:53:22'),(510,459,2,691,'yanuar anggianto','none',1500,1,0,'2018-02-11 04:58:13'),(511,460,2,691,'yanuar anggianto','none',1500,1,0,'2018-02-11 04:59:36'),(512,461,2,687,'yanuar anggianto','none',1000,1,0,'2018-02-11 05:00:42'),(513,462,1,495,'ALEVA MADU ANAK   ','none',36000,1,0,'2018-02-14 07:25:33'),(514,463,1,510,'GOLDEN TAMR AJWA','none',170000,1,0,'2018-02-21 04:32:19'),(515,464,1,736,'MIRACLE FRESH COFFEE SOAP','none',25000,2,0,'2018-02-28 04:54:04'),(516,465,2,689,'Conte Contesso','none',1200,1,0,'2018-03-07 08:23:49'),(517,466,1,716,'GOLDEN TAMR SUKARI','none',80000,1,0,'2018-03-08 06:38:16'),(518,467,1,737,'MILKUMA','none',40000,2,0,'2018-03-12 04:34:17'),(519,468,1,710,'ALEVA MADU ANAK   Ekstrak Daun Kelor','none',36000,1,0,'2018-03-12 04:41:10'),(520,469,2,695,'Conte Contesso','none',100,1,0,'2018-04-02 09:13:24'),(521,470,2,695,'Conte Contesso','none',100,1,0,'2018-04-02 09:13:52'),(522,471,2,693,'Conte Contesso','none',1200,1,0,'2018-05-11 07:25:20'),(523,472,2,693,'Conte Contesso','none',1200,1,0,'2018-05-11 08:18:20'),(524,473,2,691,'Conte Contesso','none',1500,1,0,'2018-05-14 17:08:37'),(525,474,2,691,'Conte Contesso','none',1500,1,0,'2018-05-14 17:08:55'),(526,475,2,691,'Conte Contesso','none',1500,1,0,'2018-05-14 17:09:04'),(527,476,2,691,'Conte Contesso','none',1500,1,0,'2018-05-14 17:09:23'),(528,477,2,691,'Conte Contesso','none',1500,1,0,'2018-05-14 17:09:32'),(529,478,2,691,'Conte Contesso','none',1500,1,0,'2018-05-14 17:09:48'),(530,479,2,691,'Conte Contesso','none',1500,1,0,'2018-05-14 17:10:01'),(531,480,2,649,'Espressso','none',1,1,0,'2018-05-29 12:59:47'),(532,481,2,649,'Espressso','none',1,1,0,'2018-05-29 13:00:09'),(533,482,2,649,'Espressso','none',1,1,0,'2018-07-19 08:00:19'),(534,483,1,495,'ALEVA MADU ANAK   ','none',60000,1,0,'2018-07-19 08:10:13'),(535,484,2,649,'Espressso','none',1,1,0,'2018-08-08 03:58:21'),(536,485,2,649,'Espressso','none',1,1,0,'2018-08-08 03:59:17'),(537,486,1,495,'ALEVA MADU ANAK   ','none',60000,1,0,'2018-08-08 04:04:34'),(538,487,1,495,'ALEVA MADU ANAK   ','none',60000,1,0,'2018-08-08 09:39:22'),(539,488,1,495,'ALEVA MADU ANAK   ','none',60000,1,0,'2018-08-10 03:47:32'),(540,489,1,495,'ALEVA MADU ANAK   ','none',60000,1,0,'2018-08-10 06:15:51'),(541,490,5,942,'diesel','none',30000,2,0,'2018-08-10 06:29:46'),(542,491,5,942,'diesel','none',30000,2,0,'2018-08-10 06:29:56'),(543,492,5,942,'diesel','none',30000,2,0,'2018-08-10 06:34:06'),(544,493,5,942,'diesel','none',30000,2,0,'2018-08-10 06:59:35'),(545,494,5,942,'diesel','none',30000,2,0,'2018-08-10 07:04:57'),(546,495,5,942,'diesel','none',30000,2,0,'2018-08-10 07:05:56'),(547,496,5,942,'diesel','none',30000,2,0,'2018-08-10 07:06:57'),(548,497,5,942,'diesel','none',30000,2,0,'2018-08-10 07:25:31'),(549,498,5,942,'diesel','none',30000,2,0,'2018-08-10 07:25:52'),(550,499,5,942,'diesel','none',30000,2,0,'2018-08-10 07:28:40'),(551,500,5,942,'diesel','none',30000,1,0,'2018-08-10 07:40:29'),(552,501,5,942,'diesel','none',30000,1,0,'2018-08-10 07:40:42'),(553,502,5,942,'diesel','none',30000,1,0,'2018-08-10 07:40:54'),(554,503,5,942,'diesel','none',30000,1,0,'2018-08-10 07:41:03'),(555,504,5,942,'diesel','none',30000,1,0,'2018-08-10 07:42:02'),(556,505,5,942,'diesel','none',30000,1,0,'2018-08-10 07:44:22'),(557,506,5,942,'diesel','none',30000,1,0,'2018-08-10 07:46:02'),(558,506,5,946,'biler 123','none',2400000,1,0,'2018-08-10 07:46:02'),(559,507,5,942,'diesel','none',30000,2,0,'2018-08-10 07:48:36'),(560,507,5,946,'biler 123','none',2400000,1,0,'2018-08-10 07:48:36'),(561,507,5,947,'turbin','none',2300000,1,0,'2018-08-10 07:48:36'),(562,508,5,942,'diesel','none',0,2,0,'2018-08-10 09:04:10'),(563,509,5,942,'diesel','none',0,2,0,'2018-08-10 09:25:44'),(564,509,5,946,'biler 123','none',2400000,1,0,'2018-08-10 09:25:44'),(565,510,5,942,'diesel','none',30000,1,0,'2018-08-10 10:29:44'),(566,511,5,942,'diesel','none',30000,1,0,'2018-08-10 10:38:23'),(567,511,5,947,'turbin','none',2300000,1,0,'2018-08-10 10:38:23'),(568,512,5,942,'diesel','none',30000,1,0,'2018-08-10 11:13:05'),(569,512,5,947,'turbin','none',2300000,1,0,'2018-08-10 11:13:05'),(570,513,5,942,'diesel','none',30000,3,0,'2018-08-10 12:33:50'),(571,514,5,942,'diesel','none',30000,2,0,'2018-08-10 12:45:59'),(572,514,5,947,'turbin','none',2300000,1,0,'2018-08-10 12:45:59'),(573,515,5,942,'diesel','none',30000,3,0,'2018-08-10 13:20:00'),(574,515,5,947,'turbin','none',2300000,2,0,'2018-08-10 13:20:00'),(575,516,5,942,'diesel','none',30000,2,0,'2018-08-10 13:46:12'),(576,517,1,495,'ALEVA MADU ANAK   ','none',60000,1,0,'2018-08-13 15:22:40'),(577,518,2,649,'Espressso','none',1,1,0,'2018-08-13 15:25:25'),(578,519,5,942,'diesel','none',30000,1,0,'2018-08-13 15:27:54'),(579,520,5,942,'diesel','none',30000,1,0,'2018-08-13 15:39:12'),(580,521,5,942,'diesel','none',30000,1,0,'2018-08-14 02:51:28'),(581,522,1,495,'ALEVA MADU ANAK   ','none',60000,1,0,'2018-08-14 03:46:18'),(582,523,1,495,'ALEVA MADU ANAK   ','none',60000,1,0,'2018-08-14 04:28:13'),(583,524,1,495,'ALEVA MADU ANAK   ','none',60000,1,0,'2018-08-14 04:28:23'),(584,525,1,495,'ALEVA MADU ANAK   ','none',60000,1,0,'2018-08-14 05:28:59'),(585,526,1,495,'ALEVA MADU ANAK   ','none',60000,1,0,'2018-08-14 05:29:09'),(586,527,1,495,'ALEVA MADU ANAK   ','none',60000,1,0,'2018-08-14 06:19:50'),(587,528,1,495,'ALEVA MADU ANAK   ','none',60000,1,0,'2018-08-14 06:31:25'),(588,529,1,495,'ALEVA MADU ANAK   ','none',60000,1,0,'2018-08-14 06:31:35'),(589,530,5,495,'ALEVA MADU ANAK   ','none',60000,1,0,'2018-08-14 06:36:46'),(590,531,5,942,'diesel','none',30000,1,0,'2018-08-14 07:23:16'),(591,532,5,942,'diesel','none',30000,1,0,'2018-08-14 07:24:37'),(592,533,5,942,'diesel','none',30000,1,0,'2018-08-14 07:24:47'),(593,534,2,649,'Espressso','none',1,1,0,'2018-08-18 11:51:28'),(594,535,1,495,'ALEVA MADU ANAK   ','none',60000,1,0,'2018-08-20 10:19:35'),(595,536,5,949,'boiler 123','none',250000,1,0,'2018-08-20 11:42:34'),(596,537,5,941,'traktor','none',2500,1,0,'2018-08-20 12:56:55'),(597,538,1,495,'ALEVA MADU ANAK   ','none',60000,1,0,'2018-08-20 12:57:24'),(598,539,5,941,'traktor','none',2500,1,0,'2018-08-20 13:00:12'),(599,540,5,941,'traktor','none',2500,1,0,'2018-08-20 13:05:22'),(600,541,5,941,'traktor','none',2500,1,0,'2018-08-20 13:16:06'),(601,542,5,941,'traktor','none',2500,1,0,'2018-08-20 13:32:11'),(602,543,5,941,'traktor','none',2500,1,0,'2018-08-20 13:32:47'),(603,544,5,941,'traktor','none',2500,1,0,'2018-08-20 13:46:27'),(604,545,5,949,'boiler 123','none',250000,3,0,'2018-08-20 13:55:26'),(605,546,5,949,'boiler 123','none',250000,3,0,'2018-08-20 13:56:31'),(606,547,5,949,'boiler 123','none',250000,3,0,'2018-08-21 03:15:24'),(607,548,5,949,'boiler 123','none',250000,3,0,'2018-08-21 03:32:59'),(608,549,5,952,'COLD ROLL COIL (CRC)','none',4000000,1,0,'2018-08-21 04:12:09'),(609,550,5,952,'COLD ROLL COIL (CRC)','none',4000000,1,0,'2018-08-21 04:12:39'),(610,551,5,952,'COLD ROLL COIL (CRC)','none',4000000,1,0,'2018-08-21 04:16:53'),(611,552,5,949,'boiler 123','none',250000,1,0,'2018-08-21 04:24:32'),(612,553,5,949,'boiler 123','none',250000,1,0,'2018-08-21 04:30:16'),(613,554,5,949,'boiler 123','none',250000,1,0,'2018-08-21 04:48:58'),(614,555,5,949,'boiler 123','none',250000,1,0,'2018-08-21 05:13:50'),(615,556,5,949,'boiler 123','none',250000,1,0,'2018-08-21 05:30:31'),(616,557,5,950,'Boiler 2','none',4500000,1,0,'2018-08-21 05:37:08'),(617,558,5,951,'ANGLE CF','none',30000,1,0,'2018-08-21 05:56:17'),(618,559,1,495,'ALEVA MADU ANAK   ','none',60000,1,0,'2018-08-21 06:02:26'),(619,560,5,941,'traktor','none',2500,1,0,'2018-08-21 06:23:29'),(620,561,5,941,'traktor','none',2500,1,0,'2018-08-21 07:13:36'),(621,562,1,495,'ALEVA MADU ANAK   ','none',60000,1,0,'2018-08-21 10:19:05'),(622,563,1,495,'ALEVA MADU ANAK   ','none',60000,1,0,'2018-08-21 10:20:24'),(623,564,1,495,'ALEVA MADU ANAK  ','none',60000,1,0,'2018-08-21 10:29:04'),(624,565,1,495,'ALEVA MADU ANAK  ','none',60000,1,0,'2018-08-21 10:38:34'),(625,566,5,941,'traktor','none',2500,1,0,'2018-08-21 10:59:20'),(626,567,5,941,'traktor','none',2500,1,0,'2018-08-21 11:04:02'),(627,568,5,941,'traktor','none',2500,1,0,'2018-08-21 11:05:26'),(628,569,5,941,'traktor','none',2500,1,0,'2018-08-21 11:07:15'),(629,570,5,949,'boiler 123','none',250000,1,0,'2018-08-21 11:09:46'),(630,571,5,949,'boiler 123','none',250000,1,0,'2018-08-21 11:11:44'),(631,572,5,949,'boiler 123','none',250000,1,0,'2018-08-21 11:32:11'),(632,573,5,949,'boiler 123','none',250000,1,0,'2018-08-21 12:16:26'),(633,574,5,949,'boiler 123','none',250000,1,0,'2018-08-21 12:30:18'),(634,575,5,949,'boiler 123','none',250000,1,0,'2018-08-21 12:48:05'),(635,576,5,949,'boiler 123','none',250000,1,0,'2018-08-21 12:50:35'),(636,577,5,949,'boiler 123','none',250000,1,0,'2018-08-21 12:53:52'),(637,578,5,942,'diesel','none',30000,1,0,'2018-08-22 15:25:53'),(638,579,5,952,'COLD ROLL COIL (CRC)','none',4000000,1,0,'2018-08-22 16:47:59'),(639,580,5,952,'COLD ROLL COIL (CRC)','none',4000000,1,0,'2018-08-22 17:56:33'),(640,581,2,649,'Espressso','none',1,1,0,'2018-08-22 18:00:54'),(641,582,5,958,'plate strip','none',1500000,1,0,'2018-08-23 10:10:54'),(642,583,5,964,'water tube boiler','none',36000000,1,0,'2018-08-23 15:25:44'),(643,584,5,958,'plate strip','none',1500000,1,0,'2018-08-24 09:28:16'),(644,585,5,958,'plate strip','none',1500000,1,0,'2018-08-24 09:30:42'),(645,586,5,957,'Plate putih','none',2400000,1,0,'2018-08-24 09:43:45'),(646,587,5,957,'Plate putih','none',2400000,1,0,'2018-08-24 09:47:05'),(647,588,5,957,'Plate putih','none',2400000,1,0,'2018-08-24 09:50:17'),(648,589,5,957,'Plate putih','none',2400000,1,0,'2018-08-24 09:51:26'),(649,589,5,960,'Equal Tee','none',240000,1,0,'2018-08-24 09:51:26'),(650,590,5,957,'Plate putih','none',2400000,1,0,'2018-08-24 09:52:28'),(651,590,5,960,'Equal Tee','none',240000,1,0,'2018-08-24 09:52:28'),(652,591,5,957,'Plate putih','none',2400000,1,0,'2018-08-24 09:53:12'),(653,591,5,960,'Equal Tee','none',240000,1,0,'2018-08-24 09:53:12'),(654,592,1,495,'ALEVA MADU ANAK   ','none',60000,1,0,'2018-08-27 04:46:44'),(655,593,5,956,'Plate berubang','none',2300000,1,0,'2018-08-27 05:13:49'),(656,594,5,956,'Plate berubang','none',2300000,1,0,'2018-08-27 05:27:31'),(657,595,5,956,'Plate berubang','none',2300000,1,0,'2018-08-27 05:37:29'),(658,596,5,956,'Plate berubang','none',2300000,1,0,'2018-08-27 06:06:21'),(659,597,5,956,'Plate berubang','none',2300000,1,0,'2018-08-27 06:08:10'),(660,598,5,956,'Plate berubang','none',2300000,1,0,'2018-08-27 06:09:33'),(661,599,5,956,'Plate berubang','none',2300000,1,0,'2018-08-27 06:09:58'),(662,600,5,956,'Plate berubang','none',2300000,1,0,'2018-08-27 06:11:03'),(663,601,5,956,'Plate berubang','none',2300000,1,0,'2018-08-27 06:11:37'),(664,602,5,956,'Plate berubang','none',2300000,1,0,'2018-08-27 06:12:15'),(665,603,5,956,'Plate berubang','none',2300000,1,0,'2018-08-27 06:13:21'),(666,604,5,956,'Plate berubang','none',2300000,1,0,'2018-08-27 06:14:58'),(667,605,2,649,'Espressso','none',1,1,0,'2018-08-27 06:32:35'),(668,606,5,649,'Espressso','none',1,1,0,'2018-08-27 06:35:15'),(669,607,2,649,'Espressso','none',1,1,0,'2018-08-27 06:36:28'),(670,608,5,960,'Equal Tee','none',240000,2,0,'2018-08-27 09:12:35'),(671,608,5,961,'Reducing Tee','none',230000,1,0,'2018-08-27 09:12:35'),(672,609,5,960,'Equal Tee','none',240000,2,0,'2018-08-27 09:20:21'),(673,609,5,961,'Reducing Tee','none',230000,1,0,'2018-08-27 09:20:21'),(674,610,5,960,'Equal Tee','none',240000,2,0,'2018-08-27 09:22:34'),(675,610,5,961,'Reducing Tee','none',230000,1,0,'2018-08-27 09:22:34'),(676,611,5,960,'Equal Tee','none',240000,2,0,'2018-08-27 09:24:15'),(677,611,5,961,'Reducing Tee','none',230000,1,0,'2018-08-27 09:24:15'),(678,612,5,960,'Equal Tee','none',240000,2,0,'2018-08-27 09:27:48'),(679,612,5,961,'Reducing Tee','none',230000,1,0,'2018-08-27 09:27:48'),(680,613,5,960,'Equal Tee','none',240000,2,0,'2018-08-27 09:58:27'),(681,613,5,961,'Reducing Tee','none',230000,1,0,'2018-08-27 09:58:27'),(682,614,5,960,'Equal Tee','none',240000,2,0,'2018-08-27 09:59:54'),(683,614,5,961,'Reducing Tee','none',230000,1,0,'2018-08-27 09:59:54'),(684,615,5,960,'Equal Tee','none',240000,2,0,'2018-08-27 10:03:35'),(685,615,5,961,'Reducing Tee','none',230000,1,0,'2018-08-27 10:03:35'),(686,616,5,960,'Equal Tee','none',240000,2,0,'2018-08-27 10:04:08'),(687,616,5,961,'Reducing Tee','none',230000,1,0,'2018-08-27 10:04:08'),(688,617,5,960,'Equal Tee','none',240000,2,0,'2018-08-27 10:13:17'),(689,617,5,961,'Reducing Tee','none',230000,1,0,'2018-08-27 10:13:17'),(690,618,5,960,'Equal Tee','none',240000,2,0,'2018-08-27 10:13:59'),(691,618,5,961,'Reducing Tee','none',230000,1,0,'2018-08-27 10:13:59'),(692,619,5,960,'Equal Tee','none',240000,2,0,'2018-08-27 10:15:40'),(693,619,5,961,'Reducing Tee','none',230000,1,0,'2018-08-27 10:15:40'),(694,620,5,960,'Equal Tee','none',240000,2,0,'2018-08-27 10:17:29'),(695,620,5,961,'Reducing Tee','none',230000,1,0,'2018-08-27 10:17:29'),(696,621,5,960,'Equal Tee','none',240000,2,0,'2018-08-27 10:18:39'),(697,621,5,961,'Reducing Tee','none',230000,1,0,'2018-08-27 10:18:39'),(698,622,5,960,'Equal Tee','none',240000,2,0,'2018-08-27 10:21:18'),(699,622,5,961,'Reducing Tee','none',230000,1,0,'2018-08-27 10:21:18'),(700,623,5,960,'Equal Tee','none',240000,2,0,'2018-08-27 11:10:09'),(701,623,5,961,'Reducing Tee','none',230000,1,0,'2018-08-27 11:10:09'),(702,624,5,960,'Equal Tee','none',240000,2,0,'2018-08-27 11:12:05'),(703,624,5,961,'Reducing Tee','none',230000,1,0,'2018-08-27 11:12:05'),(704,625,5,960,'Equal Tee','none',240000,2,0,'2018-08-27 11:13:14'),(705,625,5,961,'Reducing Tee','none',230000,1,0,'2018-08-27 11:13:14'),(706,626,5,960,'Equal Tee','none',240000,2,0,'2018-08-27 11:14:34'),(707,626,5,961,'Reducing Tee','none',230000,1,0,'2018-08-27 11:14:34'),(708,627,5,958,'plate strip','none',1500000,2,0,'2018-08-27 11:17:35'),(709,628,5,957,'Plate putih','none',2400000,1,0,'2018-08-27 11:31:16'),(710,629,5,956,'Plate berubang','none',2300000,2,0,'2018-08-27 11:39:15'),(711,630,5,956,'Plate berubang','none',2300000,2,0,'2018-08-27 11:41:14'),(712,631,5,956,'Plate berubang','none',2300000,2,0,'2018-08-27 11:41:36'),(713,632,5,956,'Plate berubang','none',2300000,2,0,'2018-08-27 11:43:30'),(714,633,5,956,'Plate berubang','none',2300000,2,0,'2018-08-27 11:55:46'),(715,634,5,957,'Plate putih','none',2400000,2,0,'2018-08-27 12:19:03'),(716,635,5,957,'Plate putih','none',2400000,2,0,'2018-08-27 16:53:33'),(717,636,5,957,'Plate putih','none',2400000,2,0,'2018-08-27 16:59:46'),(718,637,5,957,'Plate putih','none',2400000,2,0,'2018-08-27 17:21:45'),(719,638,5,957,'Plate putih','none',2400000,2,0,'2018-08-27 17:31:35'),(720,639,5,957,'Plate putih','none',2400000,2,0,'2018-08-27 17:47:13'),(721,640,5,957,'Plate putih','none',2400000,2,0,'2018-08-27 18:21:06'),(722,641,5,957,'Plate putih','none',2400000,2,0,'2018-08-27 18:41:58'),(723,642,5,957,'Plate putih','none',2400000,2,0,'2018-08-28 03:18:37'),(724,643,5,957,'Plate putih','none',2400000,2,0,'2018-08-28 03:22:26'),(725,644,5,956,'Plate berubang','none',2300000,8,0,'2018-08-28 04:20:17'),(726,644,5,958,'plate strip','none',1500000,2,0,'2018-08-28 04:20:17'),(727,644,5,957,'Plate putih','none',2400000,2,0,'2018-08-28 04:20:17'),(728,645,5,957,'Plate putih','none',2400000,1,0,'2018-08-28 04:50:39'),(729,645,5,960,'Equal Tee','none',240000,2,0,'2018-08-28 04:50:39'),(730,645,5,956,'Plate berubang','none',2300000,1,0,'2018-08-28 04:50:39'),(731,645,5,962,'fire tube boiler','none',30000000,1,0,'2018-08-28 04:50:39'),(732,645,5,963,'stoker fire boiler','none',35000000,1,0,'2018-08-28 04:50:39'),(733,645,5,964,'water tube boiler','none',36000000,1,0,'2018-08-28 04:50:39'),(734,645,5,965,'Gate valve','none',500000,1,0,'2018-08-28 04:50:39'),(735,645,5,966,'Globe Valve','none',600000,1,0,'2018-08-28 04:50:39'),(736,645,5,967,'Ball valve','none',700000,1,0,'2018-08-28 04:50:39'),(737,645,5,968,'haydro turbin','none',40000000,1,0,'2018-08-28 04:50:39'),(738,645,5,969,'turbin angin','none',300000000,1,0,'2018-08-28 04:50:39'),(739,646,5,957,'Plate putih','none',2400000,1,0,'2018-08-28 08:45:34'),(740,646,5,961,'Reducing Tee','none',230000,1,0,'2018-08-28 08:45:34'),(741,647,5,958,'plate strip','none',1500000,1,0,'2018-08-29 07:23:57'),(742,648,5,958,'plate strip','none',1500000,1,0,'2018-08-29 07:32:43'),(743,649,5,956,'Plate berubang','none',2300000,2,0,'2018-08-29 08:11:01'),(744,650,5,956,'Plate berubang','none',2300000,1,0,'2018-08-29 09:05:40'),(745,651,5,956,'Plate berubang','none',2300000,1,0,'2018-08-29 09:12:19'),(746,652,5,956,'Plate berubang','none',2300000,1,0,'2018-08-29 09:15:23'),(747,653,5,958,'plate strip','none',1500000,1,0,'2018-08-29 09:25:39'),(748,654,5,969,'turbin angin','none',300000000,1,0,'2018-08-29 10:22:36'),(749,655,5,956,'Plate berubang','none',2300000,1,0,'2018-08-29 10:30:56'),(750,656,5,956,'Plate berubang','none',2300000,1,0,'2018-08-30 04:12:39'),(751,656,5,957,'Plate putih','none',2400000,1,0,'2018-08-30 04:12:39'),(752,657,1,495,'jjjjjjjj   ','none',60000,1,0,'2018-08-30 04:28:09'),(753,658,5,957,'Plate putih','none',2400000,1,0,'2018-08-30 04:51:07'),(754,658,5,958,'plate strip','none',1500000,2,0,'2018-08-30 04:51:07'),(755,658,5,959,'Pipe fiitting Cross','none',250000,1,0,'2018-08-30 04:51:07'),(756,659,5,957,'Plate putih','none',2400000,1,0,'2018-08-30 04:53:54'),(757,660,5,956,'Plate berubang','none',2300000,1,0,'2018-08-30 04:55:59'),(758,661,5,956,'Plate berubang','none',2300000,1,0,'2018-08-30 04:57:04'),(759,661,5,957,'Plate putih','none',2400000,1,0,'2018-08-30 04:57:04'),(760,662,5,956,'Plate berubang','none',2300000,1,0,'2018-08-30 04:58:07'),(761,663,5,957,'Plate putih','none',2400000,1,0,'2018-08-30 05:01:44'),(762,663,5,958,'plate strip','none',1500000,1,0,'2018-08-30 05:01:44'),(763,664,5,956,'Plate berubang','none',2300000,1,0,'2018-08-30 05:11:49'),(764,664,5,957,'Plate putih','none',2400000,1,0,'2018-08-30 05:11:49'),(765,665,5,957,'Plate putih','none',2400000,1,0,'2018-08-30 05:19:47'),(766,665,5,958,'plate strip','none',1500000,1,0,'2018-08-30 05:19:47'),(767,665,5,959,'Pipe fiitting Cross','none',250000,1,0,'2018-08-30 05:19:47'),(768,666,5,957,'Plate putih','none',2400000,1,0,'2018-08-30 05:22:35'),(769,667,5,958,'plate strip','none',1500000,1,0,'2018-08-30 08:10:16'),(770,667,5,960,'Equal Tee','none',240000,1,0,'2018-08-30 08:10:16'),(771,668,5,956,'Plate berubang','none',2300000,1,0,'2018-08-30 08:15:05'),(772,668,5,960,'Equal Tee','none',240000,1,0,'2018-08-30 08:15:05'),(773,668,5,964,'water tube boiler','none',36000000,1,0,'2018-08-30 08:15:05'),(774,668,5,963,'stoker fire boiler','none',35000000,3,0,'2018-08-30 08:15:05'),(775,669,5,957,'Plate putih','none',2400000,1,0,'2018-08-30 08:48:28'),(776,669,5,958,'plate strip','none',1500000,1,0,'2018-08-30 08:48:28'),(777,669,5,963,'stoker fire boiler','none',35000000,2,0,'2018-08-30 08:48:28'),(778,670,5,970,'turbin gas','none',500000000,1,0,'2018-08-30 10:45:27'),(779,670,5,969,'turbin angin','none',300000000,2,0,'2018-08-30 10:45:27'),(780,670,5,968,'haydro turbin','none',40000000,1,0,'2018-08-30 10:45:27'),(781,671,5,957,'Plate putih','none',2400000,1,0,'2018-08-30 10:51:59'),(782,672,5,958,'plate strip','none',1500000,1,0,'2018-09-02 17:34:06'),(783,672,5,957,'Plate putih','none',2400000,1,0,'2018-09-02 17:34:06'),(784,672,5,956,'Plate berubang','none',2300000,1,0,'2018-09-02 17:34:06'),(785,672,5,960,'Equal Tee','none',240000,1,0,'2018-09-02 17:34:06'),(786,673,5,957,'Plate putih','none',2400000,1,0,'2018-09-02 17:46:51'),(787,674,2,649,'Espressso','none',1,1,0,'2018-09-04 07:46:06'),(788,675,1,495,'ALEVA MADU ANAK   ','none',60000,1,0,'2018-09-06 08:05:54'),(789,676,2,697,'yrickyc@gmail.com','none',100,1,0,'2018-09-13 10:36:44'),(790,680,2,654,'masuk','none',0,1,0,'2018-09-20 05:46:17'),(791,681,2,654,'masuk','none',0,1,0,'2018-09-20 06:09:44'),(792,682,2,655,'keluar','none',0,1,0,'2018-09-20 06:14:14'),(793,683,2,654,'masuk','none',0,1,0,'2018-09-20 06:15:01'),(794,684,2,655,'keluar','none',0,1,0,'2018-09-20 06:25:14'),(795,685,2,655,'keluar','none',0,1,0,'2018-09-20 16:18:25'),(796,686,2,655,'keluar','none',0,1,0,'2018-09-20 16:37:58'),(797,687,2,655,'keluar','none',0,1,0,'2018-09-20 16:38:30'),(798,688,2,655,'keluar','none',0,1,0,'2018-09-20 16:38:36'),(799,689,2,655,'keluar','none',0,1,0,'2018-09-20 16:38:45'),(800,690,2,655,'keluar','none',0,1,0,'2018-09-20 16:39:03'),(801,691,2,655,'keluar','none',0,1,0,'2018-09-20 16:39:13'),(802,692,2,655,'keluar','none',0,1,0,'2018-09-20 16:40:55'),(803,693,2,655,'keluar','none',0,1,0,'2018-09-20 16:41:31'),(804,694,2,655,'keluar','none',0,1,0,'2018-09-20 16:43:04'),(805,695,2,655,'keluar','none',0,1,0,'2018-09-20 16:43:21');
/*!40000 ALTER TABLE `mk_transaction_detail` ENABLE KEYS */;
UNLOCK TABLES;

--
-- Table structure for table `mk_transaction_header`
--

DROP TABLE IF EXISTS `mk_transaction_header`;
/*!40101 SET @saved_cs_client     = @@character_set_client */;
/*!40101 SET character_set_client = utf8 */;
CREATE TABLE `mk_transaction_header` (
  `id` int(11) NOT NULL AUTO_INCREMENT,
  `shop_id` int(11) NOT NULL,
  `user_id` int(11) NOT NULL,
  `payment_trans_id` varchar(255) NOT NULL,
  `total_amount` float NOT NULL,
  `delivery_address` text NOT NULL,
  `billing_address` text NOT NULL,
  `transaction_status` tinyint(1) NOT NULL,
  `email` varchar(255) NOT NULL,
  `phone` varchar(255) NOT NULL,
  `payment_method` varchar(100) NOT NULL,
  `shipping_method` varchar(100) NOT NULL,
  `added` timestamp NOT NULL DEFAULT CURRENT_TIMESTAMP,
  PRIMARY KEY (`id`) USING BTREE
) ENGINE=InnoDB AUTO_INCREMENT=700 DEFAULT CHARSET=utf8 ROW_FORMAT=DYNAMIC;
/*!40101 SET character_set_client = @saved_cs_client */;

--
-- Dumping data for table `mk_transaction_header`
--

LOCK TABLES `mk_transaction_header` WRITE;
/*!40000 ALTER TABLE `mk_transaction_header` DISABLE KEYS */;
INSERT INTO `mk_transaction_header` VALUES (22,1,1,'',118,'No-5, school road, Yangon\nMyanmar','No-5, River Street, Yangon, Myanmar',1,'pphmit@gmail.com','457788433','bank','','2016-06-19 22:01:22'),(23,1,1,'',238,'No-5, school road, Yangon\nMyanmar','No-5, River Street, Yangon, Myanmar',1,'pphmit@gmail.com','457788433','cod','','2016-06-23 21:20:13'),(24,1,1,'',158,'No-5, school road, Yangon\nMyanmar','No-5, River Street, Yangon, Myanmar',2,'pphmit@gmail.com','457788433','stripe','','2016-06-23 22:17:09'),(25,1,1,'',115,'No-5, school road, Yangon\nMyanmar','No-5, River Street, Yangon, Myanmar',2,'pphmit@gmail.com','457788433','stripe','','2016-06-28 15:06:20'),(26,1,1,'',107,'No-5, school road, Yangon\nMyanmar','No-5, River Street, Yangon, Myanmar',2,'pphmit@gmail.com','457788433','stripe','','2016-06-28 15:22:01'),(27,1,1,'',80,'','',2,'','','stripe','','2016-07-15 21:26:21'),(28,1,1,'',80,'No-5, school road, Yangon\nMyanmar','No-5, River Street, Yangon, Myanmar',1,'pphmit@gmail.com','457788433','bank','','2016-07-24 20:01:48'),(29,1,1,'',100,'No-5, school road, Yangon\nMyanmar','No-5, River Street, Yangon, Myanmar',1,'pphmit@gmail.com','457788433','cod','','2016-07-24 20:25:39'),(30,1,1,'',20,'No-5, school road, Yangon\nMyanmar','No-5, River Street, Yangon, Myanmar',1,'pphmit@gmail.com','457788433','bank','','2016-07-24 20:29:26'),(31,1,1,'',90,'No-5, school road, Yangon\nMyanmar','No-5, River Street, Yangon, Myanmar',1,'pphmit@gmail.com','457788433','bank','','2016-07-24 20:32:43'),(33,1,1,'',155,'No-5, school road, Yangon\nMyanmar','No-5, River Street, Yangon, Myanmar',2,'pphmit@gmail.com','457788433','stripe','','2016-08-07 21:59:39'),(34,1,1,'',20,'No-5, school road, Yangon\nMyanmar','No-5, River Street, Yangon, Myanmar',2,'pphmit@gmail.com','457788433','stripe','','2016-08-07 22:09:25'),(35,1,1,'',20,'No-5, school road, Yangon\nMyanmar','No-5, River Street, Yangon, Myanmar',2,'pphmit@gmail.com','457788433','stripe','','2016-08-07 22:14:53'),(36,1,1,'',358,'No-5, school road, Yangon\nMyanmar','No-5, River Street, Yangon, Myanmar',2,'pphmit@gmail.com','457788433','stripe','','2016-08-07 23:01:15'),(37,1,1,'',210,'No-5, school road, Yangon\nMyanmar','No-5, River Street, Yangon, Myanmar',2,'pphmit@gmail.com','457788433','stripe','','2016-08-08 08:12:07'),(38,1,1,'',31.5,'No-5, school road, Yangon\nMyanmar','No-5, River Street, Yangon, Myanmar',2,'pphmit@gmail.com','457788433','stripe','','2016-08-08 15:33:26'),(39,1,1,'',47,'No-5, school road, Yangon\nMyanmar','No-5, River Street, Yangon, Myanmar',2,'pphmit@gmail.com','457788433','stripe','','2016-08-08 17:45:51'),(58,1,1,'',93.9,'No-5, school road, Yangon\nMyanmar','No-5, River Street, Yangon, Myanmar',1,'pphmit@gmail.com','457788433','bank','','2016-08-13 21:19:23'),(59,1,1,'',40,'No-5, school road, Yangon\nMyanmar','No-5, River Street, Yangon, Myanmar',2,'pphmit@gmail.com','457788433','stripe','','2016-08-13 21:49:27'),(60,1,1,'',40,'No-5, school road, Yangon\nMyanmar','No-5, River Street, Yangon, Myanmar',1,'pphmit@gmail.com','457788433','cod','','2016-08-14 18:53:59'),(61,1,1,'',100,'No-5, school road, Yangon\nMyanmar','No-5, River Street, Yangon, Myanmar',1,'pphmit@gmail.com','457788433','bank','','2016-08-14 21:42:25'),(63,1,1,'',112.6,'No-5, school road, Yangon\nMyanmar','No-5, River Street, Yangon, Myanmar',2,'pphmit@gmail.com','457788433','stripe','','2016-08-15 20:05:06'),(64,1,1,'',137.15,'No-5, school road, Yangon\nMyanmar','No-5, River Street, Yangon, Myanmar',1,'pphmit@gmail.com','457788433','cod','','2016-10-06 13:00:25'),(65,1,1,'',137.15,'No-5, school road, Yangon\nMyanmar','No-5, River Street, Yangon, Myanmar',1,'pphmit@gmail.com','457788433','cod','','2016-10-06 13:08:52'),(66,1,1,'',18.9,'No-5, school road, Yangon\nMyanmar','No-5, River Street, Yangon, Myanmar',1,'pphmit@gmail.com','457788433','cod','','2016-11-09 17:26:08'),(67,1,1,'',8.5,'','',2,'','','stripe','','2016-11-09 17:59:03'),(68,1,1,'',48.5,'No-5, school road, Yangon\nMyanmar','No-5, River Street, Yangon, Myanmar',2,'pphmit@gmail.com','457788433','stripe','','2016-11-09 20:08:04'),(69,1,1,'',9.45,'No-5, school road, Yangon\nMyanmar','No-5, River Street, Yangon, Myanmar',2,'pphmit@gmail.com','457788433','stripe','','2016-11-10 19:04:30'),(70,1,7,'',18.8,'eee','ee',1,'rafeldo29@gmail.com','123','cod','','2017-08-01 00:29:35'),(72,1,8,'',20000,'','',1,'yrickyc@gmail.com','','cod','','2017-12-04 08:27:17'),(73,1,8,'',40000,'','',1,'yrickyc@gmail.com','','bank','','2017-12-04 08:28:10'),(74,1,10,'',120000,'jl. utan kayu raya no.40 kel utan kayu utara kec matraman jakarta timur 13210','jl. utan kayu raya no.40 kel utan kayu utara kec matraman jakarta timur 13210',1,'novita@saktimobile.com','081286510514','bank','','2017-12-13 10:14:52'),(75,1,10,'',120000,'jl. utan kayu raya no.40 kel utan kayu utara kec matraman jakarta timur 13210','jl. utan kayu raya no.40 kel utan kayu utara kec matraman jakarta timur 13210',1,'novita@saktimobile.com','081286510514','bank','','2017-12-13 10:17:59'),(76,1,10,'',65000,'jl. utan kayu raya no.40 kel utan kayu utara kec matraman jakarta timur 13210','jl. utan kayu raya no.40 kel utan kayu utara kec matraman jakarta timur 13210',1,'novita@saktimobile.com','081286510514','bank','','2017-12-13 10:22:16'),(77,1,10,'',130000,'jl. utan kayu raya no.40 kel utan kayu utara kec matraman jakarta timur 13210','jl. utan kayu raya no.40 kel utan kayu utara kec matraman jakarta timur 13210',1,'novita@saktimobile.com','081286510514','cod','','2017-12-13 10:23:55'),(78,1,10,'',65000,'jl. utan kayu raya no.40 kel utan kayu utara kec matraman jakarta timur 13210','jl. utan kayu raya no.40 kel utan kayu utara kec matraman jakarta timur 13210',1,'novita@saktimobile.com','081286510514','bank','','2017-12-13 10:30:29'),(79,1,10,'',180000,'jl. utan kayu raya no.40 kel utan kayu utara kec matraman jakarta timur 13210','jl. utan kayu raya no.40 kel utan kayu utara kec matraman jakarta timur 13210',1,'novita@saktimobile.com','081286510514','cod','','2017-12-13 10:30:57'),(80,1,10,'',75000,'jl. utan kayu raya no.40 kel utan kayu utara kec matraman jakarta timur 13210','jl. utan kayu raya no.40 kel utan kayu utara kec matraman jakarta timur 13210',1,'novita@saktimobile.com','081286510514','bank','','2017-12-13 10:32:09'),(81,1,8,'',50000,'','',1,'yrickyc@gmail.com','','bank','','2017-12-15 11:26:35'),(82,1,12,'',350000,'jln pegangsaan dua ','jln pegangsaan 2',1,'123@yahoo.com','123456','bank','','2017-12-16 19:48:50'),(83,1,12,'',250000,'','',1,'123@yahoo.com','','bank','','2017-12-16 20:18:37'),(84,1,12,'',120000,'','',1,'123@yahoo.com','','bank','','2017-12-16 20:20:18'),(85,1,12,'',100000,'','',1,'123@yahoo.com','','cod','','2017-12-17 05:22:22'),(86,1,12,'',60000,'','',1,'123@yahoo.com','','bank','','2017-12-17 08:28:21'),(87,1,12,'',100000,'','',1,'123@yahoo.com','','bank','','2017-12-17 08:29:53'),(88,1,12,'',100000,'','',1,'123@yahoo.com','','bank','','2017-12-17 08:30:44'),(89,1,12,'',100000,'','',1,'123@yahoo.com','','bank','','2017-12-17 10:03:17'),(90,1,12,'',100000,'','',1,'123@yahoo.com','','bank','','2017-12-17 10:04:08'),(91,1,8,'none',65,'','',1,'','','bank','','2017-12-17 14:12:17'),(92,1,8,'none',65,'','',1,'','','bank','','2017-12-17 14:12:23'),(93,1,8,'none',65,'','',1,'','','bank','','2017-12-17 14:16:46'),(94,1,8,'none',115,'','',1,'yrickyc@gmail.com','','bank','','2017-12-17 14:33:32'),(95,1,8,'none',115,'','',1,'yrickyc@gmail.com','','bank','','2017-12-17 14:50:07'),(96,1,8,'none',115,'','',1,'yrickyc@gmail.com','','bank','','2017-12-17 14:51:26'),(97,1,8,'none',115,'','',1,'yrickyc@gmail.com','','bank','','2017-12-17 14:52:53'),(98,1,8,'none',115,'','',2,'yrickyc@gmail.com','','bank','','2017-12-17 14:53:10'),(99,1,8,'none',115,'','',2,'yrickyc@gmail.com','','bank','','2017-12-17 14:53:20'),(100,1,8,'none',115,'','',2,'yrickyc@gmail.com','','bank','','2017-12-17 14:54:48'),(101,1,8,'none',115,'','',2,'yrickyc@gmail.com','','bank','','2017-12-17 14:54:53'),(102,1,8,'none',115,'','',2,'yrickyc@gmail.com','','bank','','2017-12-17 14:59:53'),(103,1,14,'none',60,'','',2,'','','bank','','2017-12-20 03:46:59'),(104,1,14,'none',0,'','',2,'','','bank','','2017-12-21 03:42:11'),(105,1,14,'none',0,'','',2,'','','bank','','2017-12-21 06:26:53'),(106,1,8,'none',60,'','',2,'','','bank','','2017-12-21 10:03:16'),(107,1,8,'none',60,'','',2,'','','bank','','2017-12-21 10:07:37'),(108,1,8,'none',25,'jln buaran','jln komplek auri 1000',2,'etnocso1@gmail.com','081286131893','bank','','2017-12-21 11:07:35'),(109,1,8,'none',210,'jln buaran','jln komplek auri 1000',2,'etnocso1@gmail.com','081286131893','bank','','2017-12-21 11:27:33'),(110,1,8,'none',65,'jln buaran','jln komplek auri 1000',2,'etnocso1@gmail.com','081286131893','bank','','2017-12-21 11:29:14'),(111,1,8,'none',50,'jln buaran','jln komplek auri 1000',2,'etnocso1@gmail.com','081286131893','bank','','2017-12-21 11:32:37'),(112,1,8,'none',700,'jln buaran','jln komplek auri 1000',2,'etnocso1@gmail.com','081286131893','bank','','2017-12-21 11:34:34'),(113,1,8,'none',10,'jln buaran','jln komplek auri 1000',2,'etnocso1@gmail.com','081286131893','bank','','2017-12-21 11:42:21'),(114,1,8,'none',65,'jln buaran','jln komplek auri 1000',2,'etnocso1@gmail.com','081286131893','bank','','2017-12-21 11:50:29'),(115,1,8,'none',60,'jln buaran','jln komplek auri 1000',2,'etnocso1@gmail.com','081286131893','bank','flat.flat','2017-12-21 16:05:52'),(116,1,8,'none',1,'jln buaran','jln komplek auri 1000',2,'etnocso1@gmail.com','081286131893','bank','flat.flat','2017-12-21 16:16:34'),(117,1,17,'none',65,'','',2,'contesso1@yahoo.com','','bank','flat.flat','2017-12-22 10:11:26'),(118,1,8,'none',150,'jln buaran','jln komplek auri 1000',2,'etnocso1@gmail.com','081286131893','bank','flat.flat','2017-12-25 16:41:54'),(119,1,8,'none',148000,'jln buaran','jln komplek auri 1000',2,'etnocso1@gmail.com','081286131893','bank','flat.flat','2017-12-25 17:14:08'),(138,1,17,'none',68000,'','',2,'contesso1@yahoo.com','','bank','flat.flat','2017-12-25 23:13:18'),(139,1,17,'none',132000,'','',1,'contesso1@yahoo.com','','bank','flat.flat','2017-12-26 18:20:00'),(140,1,17,'none',132000,'','',1,'contesso1@yahoo.com','','bank','flat.flat','2017-12-26 18:20:09'),(141,1,17,'none',132000,'','',1,'contesso1@yahoo.com','','bank','flat.flat','2017-12-26 18:21:19'),(142,1,17,'none',73000,'','',1,'contesso1@yahoo.com','','bank','flat.flat','2017-12-26 18:23:15'),(143,1,17,'none',73000,'','',1,'contesso1@yahoo.com','','bank','flat.flat','2017-12-26 18:23:38'),(144,1,17,'none',73000,'','',1,'contesso1@yahoo.com','','bank','flat.flat','2017-12-26 18:24:38'),(145,1,17,'none',73000,'','',1,'contesso1@yahoo.com','','bank','flat.flat','2017-12-26 18:24:47'),(146,1,17,'none',73000,'','',1,'contesso1@yahoo.com','','bank','flat.flat','2017-12-26 18:28:14'),(147,1,17,'none',73000,'','',1,'contesso1@yahoo.com','','bank','flat.flat','2017-12-26 18:28:27'),(148,1,17,'none',73000,'','',1,'contesso1@yahoo.com','','bank','flat.flat','2017-12-26 18:29:38'),(149,1,17,'none',73000,'','',1,'contesso1@yahoo.com','','bank','flat.flat','2017-12-26 18:35:56'),(150,1,17,'none',68000,'','',1,'contesso1@yahoo.com','','bank','flat.flat','2017-12-26 18:36:50'),(151,1,17,'none',73000,'','',1,'contesso1@yahoo.com','','bank','flat.flat','2017-12-26 18:37:52'),(152,1,17,'none',73000,'','',1,'contesso1@yahoo.com','','bank','flat.flat','2017-12-26 18:39:26'),(153,1,17,'none',73000,'','',1,'contesso1@yahoo.com','','bank','flat.flat','2017-12-26 18:48:17'),(154,1,17,'none',73000,'','',1,'contesso1@yahoo.com','','bank','flat.flat','2017-12-26 18:49:01'),(155,1,17,'none',73000,'','',1,'contesso1@yahoo.com','','bank','flat.flat','2017-12-26 18:49:09'),(156,1,17,'none',73000,'','',1,'contesso1@yahoo.com','','bank','flat.flat','2017-12-26 18:49:13'),(157,1,17,'none',73000,'','',1,'contesso1@yahoo.com','','bank','flat.flat','2017-12-26 18:50:02'),(158,1,17,'none',73000,'','',1,'contesso1@yahoo.com','','bank','flat.flat','2017-12-26 18:52:47'),(159,1,17,'none',73000,'','',1,'contesso1@yahoo.com','','bank','flat.flat','2017-12-26 18:53:03'),(160,1,17,'none',73000,'','',1,'contesso1@yahoo.com','','bank','flat.flat','2017-12-26 18:53:52'),(161,1,17,'none',68000,'','',1,'contesso1@yahoo.com','','bank','flat.flat','2017-12-26 19:20:25'),(162,1,17,'none',68000,'','',1,'contesso1@yahoo.com','','bank','flat.flat','2017-12-26 19:22:12'),(163,1,17,'none',68000,'','',1,'contesso1@yahoo.com','','bank','flat.flat','2017-12-26 19:22:21'),(164,1,17,'none',68000,'','',1,'contesso1@yahoo.com','','bank','flat.flat','2017-12-26 19:23:23'),(165,1,17,'none',68000,'','',1,'contesso1@yahoo.com','','bank','flat.flat','2017-12-26 19:24:10'),(166,1,17,'none',68000,'','',1,'contesso1@yahoo.com','','bank','flat.flat','2017-12-26 19:25:40'),(167,1,17,'none',68000,'','',1,'contesso1@yahoo.com','','bank','flat.flat','2017-12-26 19:35:41'),(168,1,17,'none',68000,'','',1,'contesso1@yahoo.com','','bank','flat.flat','2017-12-26 19:38:47'),(169,1,17,'none',68000,'','',1,'contesso1@yahoo.com','','bank','flat.flat','2017-12-26 19:42:25'),(170,1,17,'none',68000,'','',1,'contesso1@yahoo.com','','bank','flat.flat','2017-12-26 19:44:05'),(171,1,17,'none',68000,'','',1,'contesso1@yahoo.com','','bank','flat.flat','2017-12-26 19:44:32'),(172,1,17,'none',68000,'','',1,'contesso1@yahoo.com','','bank','flat.flat','2017-12-26 19:45:32'),(173,1,17,'none',68000,'','',1,'contesso1@yahoo.com','','bank','flat.flat','2017-12-26 19:46:40'),(174,1,17,'none',68000,'','',1,'contesso1@yahoo.com','','bank','flat.flat','2017-12-26 19:49:24'),(175,1,17,'none',68000,'','',1,'contesso1@yahoo.com','','bank','flat.flat','2017-12-26 19:50:09'),(176,1,8,'none',132000,'jln buaran','jln komplek auri 1000',1,'etnocso1@gmail.com','081286131893','bank','flat.flat','2017-12-27 04:02:38'),(177,1,8,'none',68000,'jln buaran','jln komplek auri 1000',1,'etnocso1@gmail.com','081286131893','bank','flat.flat','2017-12-27 04:53:46'),(178,1,8,'none',68000,'jln buaran','jln komplek auri 1000',1,'etnocso1@gmail.com','081286131893','bank','flat.flat','2017-12-27 04:55:45'),(179,1,8,'none',68000,'jln buaran','jln komplek auri 1000',1,'etnocso1@gmail.com','081286131893','bank','flat.flat','2017-12-27 04:55:57'),(180,1,8,'none',68000,'jln buaran','jln komplek auri 1000',1,'etnocso1@gmail.com','081286131893','bank','flat.flat','2017-12-27 04:58:57'),(181,1,8,'none',68000,'jln buaran','jln komplek auri 1000',1,'etnocso1@gmail.com','081286131893','bank','flat.flat','2017-12-27 05:01:41'),(182,1,8,'none',68000,'jln buaran','jln komplek auri 1000',1,'etnocso1@gmail.com','081286131893','bank','flat.flat','2017-12-27 05:04:01'),(183,1,8,'none',68000,'jln buaran','jln komplek auri 1000',1,'etnocso1@gmail.com','081286131893','bank','flat.flat','2017-12-27 05:05:12'),(184,1,8,'none',68000,'jln buaran','jln komplek auri 1000',1,'etnocso1@gmail.com','081286131893','bank','flat.flat','2017-12-27 05:06:33'),(185,1,8,'none',68000,'jln buaran','jln komplek auri 1000',1,'etnocso1@gmail.com','081286131893','bank','flat.flat','2017-12-27 05:08:09'),(186,1,8,'none',68000,'jln buaran','jln komplek auri 1000',1,'etnocso1@gmail.com','081286131893','bank','flat.flat','2017-12-27 05:10:56'),(187,1,8,'none',68000,'jln buaran','jln komplek auri 1000',1,'etnocso1@gmail.com','081286131893','bank','flat.flat','2017-12-27 05:11:25'),(188,1,8,'none',68000,'jln buaran','jln komplek auri 1000',1,'etnocso1@gmail.com','081286131893','bank','flat.flat','2017-12-27 05:12:15'),(189,1,8,'none',68000,'jln buaran','jln komplek auri 1000',1,'etnocso1@gmail.com','081286131893','bank','flat.flat','2017-12-27 05:12:51'),(190,1,8,'none',68000,'jln buaran','jln komplek auri 1000',1,'etnocso1@gmail.com','081286131893','bank','flat.flat','2017-12-27 05:16:06'),(191,1,17,'none',73000,'','',1,'contesso1@yahoo.com','','bank','flat.flat','2017-12-27 05:16:37'),(192,1,8,'none',68000,'jln buaran','jln komplek auri 1000',1,'etnocso1@gmail.com','081286131893','bank','flat.flat','2017-12-27 05:19:05'),(193,1,17,'none',73000,'','',1,'contesso1@yahoo.com','','bank','flat.flat','2017-12-27 05:19:15'),(194,1,17,'none',73000,'','',1,'contesso1@yahoo.com','','bank','flat.flat','2017-12-27 05:26:03'),(195,1,8,'none',68000,'jln buaran','jln komplek auri 1000',1,'etnocso1@gmail.com','081286131893','bank','flat.flat','2017-12-27 05:26:13'),(196,1,8,'none',68000,'jln buaran','jln komplek auri 1000',1,'etnocso1@gmail.com','081286131893','bank','flat.flat','2017-12-27 05:29:33'),(197,1,8,'none',73000,'jln buaran','jln komplek auri 1000',1,'etnocso1@gmail.com','081286131893','bank','flat.flat','2017-12-27 05:32:32'),(198,1,8,'none',73000,'jln buaran','jln komplek auri 1000',1,'etnocso1@gmail.com','081286131893','bank','flat.flat','2017-12-27 05:36:25'),(199,1,8,'none',68000,'jln buaran','jln komplek auri 1000',1,'etnocso1@gmail.com','081286131893','bank','flat.flat','2017-12-27 05:38:17'),(200,1,8,'none',147000,'jln buaran','jln komplek auri 1000',1,'etnocso1@gmail.com','081286131893','bank','flat.flat','2017-12-27 05:46:32'),(201,1,8,'none',157000,'jln buaran','jln komplek auri 1000',1,'etnocso1@gmail.com','081286131893','bank','flat.flat','2017-12-27 05:53:50'),(202,1,17,'none',73000,'','',1,'contesso1@yahoo.com','','bank','flat.flat','2017-12-27 05:54:33'),(203,1,17,'none',73000,'','',1,'contesso1@yahoo.com','','bank','flat.flat','2017-12-27 05:54:35'),(204,1,8,'none',157000,'jln buaran','jln komplek auri 1000',1,'etnocso1@gmail.com','081286131893','bank','flat.flat','2017-12-27 05:57:37'),(205,1,8,'none',157000,'jln buaran','jln komplek auri 1000',1,'etnocso1@gmail.com','081286131893','bank','flat.flat','2017-12-27 05:58:01'),(206,1,8,'none',157000,'jln buaran','jln komplek auri 1000',1,'etnocso1@gmail.com','081286131893','bank','flat.flat','2017-12-27 05:58:18'),(207,1,8,'none',157000,'jln buaran','jln komplek auri 1000',1,'etnocso1@gmail.com','081286131893','bank','flat.flat','2017-12-27 06:00:53'),(208,1,8,'none',157000,'jln buaran','jln komplek auri 1000',1,'etnocso1@gmail.com','081286131893','bank','flat.flat','2017-12-27 06:01:02'),(209,1,17,'none',73000,'','',1,'contesso1@yahoo.com','','bank','flat.flat','2017-12-27 06:01:32'),(210,1,17,'none',73000,'','',1,'contesso1@yahoo.com','','bank','flat.flat','2017-12-27 06:02:49'),(211,1,8,'none',157000,'jln buaran','jln komplek auri 1000',1,'etnocso1@gmail.com','081286131893','bank','flat.flat','2017-12-27 06:02:56'),(212,1,17,'none',73000,'','',1,'contesso1@yahoo.com','','bank','flat.flat','2017-12-27 06:07:06'),(213,1,17,'none',73000,'','',1,'contesso1@yahoo.com','','bank','flat.flat','2017-12-27 06:10:41'),(214,1,17,'none',73000,'','',1,'contesso1@yahoo.com','','bank','flat.flat','2017-12-27 06:12:35'),(215,1,17,'none',73000,'','',1,'contesso1@yahoo.com','','bank','flat.flat','2017-12-27 06:13:45'),(216,1,17,'none',73000,'','',1,'contesso1@yahoo.com','','bank','flat.flat','2017-12-27 06:15:11'),(217,1,17,'none',73000,'','',1,'contesso1@yahoo.com','','bank','flat.flat','2017-12-27 06:16:14'),(218,1,17,'none',73000,'','',1,'contesso1@yahoo.com','','bank','flat.flat','2017-12-27 06:18:03'),(219,1,17,'none',73000,'','',1,'contesso1@yahoo.com','','bank','flat.flat','2017-12-27 06:19:20'),(220,1,17,'none',73000,'','',1,'contesso1@yahoo.com','','bank','flat.flat','2017-12-27 06:40:52'),(221,1,17,'none',73000,'','',1,'contesso1@yahoo.com','','bank','flat.flat','2017-12-27 06:42:23'),(222,1,17,'none',73000,'','',1,'contesso1@yahoo.com','','bank','flat.flat','2017-12-27 06:46:00'),(223,1,17,'none',73000,'','',1,'contesso1@yahoo.com','','bank','flat.flat','2017-12-27 06:46:54'),(224,1,17,'none',73000,'','',1,'contesso1@yahoo.com','','bank','flat.flat','2017-12-27 06:53:54'),(225,1,14,'none',58000,'Jl. Utan Kayu No. 40, Matraman','Jl. Utan Kayu No. 40',1,'nasatyo@panenkarya.com','08974447643','bank','flat.flat','2017-12-27 07:44:57'),(226,1,10,'',60000,'jl. utan kayu raya no.40 kel utan kayu utara kec matraman jakarta timur 13210','jl. utan kayu raya no.40 kel utan kayu utara kec matraman jakarta timur 13210',1,'novita@saktimobile.com','081286510514','bank','flat.flat','2018-01-03 03:18:18'),(227,1,10,'',60000,'jl. utan kayu raya no.40 kel utan kayu utara kec matraman jakarta timur 13210','jl. utan kayu raya no.40 kel utan kayu utara kec matraman jakarta timur 13210',1,'novita@saktimobile.com','081286510514','bank','flat.flat','2018-01-03 03:19:36'),(228,1,0,'none',157000,'','',1,'ricky0@gmail.com','','bank','flat.flat','2018-01-03 12:02:12'),(229,1,0,'none',73000,'','',1,'ricky0@gmail.com','','bank','flat.flat','2018-01-03 12:07:17'),(230,1,16,'none',68000,'','',1,'ricky0@gmail.com','','bank','flat.flat','2018-01-03 15:37:08'),(231,1,17,'none',68000,'','',1,'contesso1@yahoo.com','','bank','flat.flat','2018-01-03 15:39:20'),(232,1,16,'none',73000,'','',1,'ricky0@gmail.com','','bank','flat.flat','2018-01-03 15:40:46'),(233,1,8,'none',73000,'jln komplek auri 1000','jln komplek auri 1000',1,'etnocso1@gmail.com','081286131893','bank','flat.flat','2018-01-03 16:08:56'),(234,1,8,'none',68000,'jln komplek auri 1000','jln komplek auri 1000',1,'etnocso1@gmail.com','081286131893','bank','flat.flat','2018-01-03 16:22:03'),(235,1,8,'none',68000,'jln komplek auri 1000','jln komplek auri 1000',1,'etnocso1@gmail.com','081286131893','bank','flat.flat','2018-01-03 19:17:39'),(236,1,21,'none',157000,'bima sakti','bima sakti',1,'sandy@fazrianto.com','628111173536','bank','flat.flat','2018-01-04 04:22:24'),(237,1,14,'none',68000,'Jl. Utan Kayu No. 40','Jl. Utan Kayu No. 40',1,'nasatyo@panenkarya.com','08974447643','bank','flat.flat','2018-01-04 06:31:38'),(238,1,14,'none',68000,'Jl. Utan Kayu No. 40','Jl. Utan Kayu No. 40',1,'nasatyo@panenkarya.com','08974447643','bank','flat.flat','2018-01-04 06:34:19'),(239,1,14,'none',548000,'Jl. Utan Kayu No. 40','Jl. Utan Kayu No. 40',1,'nasatyo@panenkarya.com','08974447643','bank','flat.flat','2018-01-04 06:50:58'),(240,1,14,'none',97000,'','',1,'','','bank','flat.flat','2018-01-04 06:57:13'),(241,1,14,'none',222000,'Jl. Utan Kayu No. 40','Jl. Utan Kayu No. 40',1,'nasatyo@panenkarya.com','08974447643','bank','flat.flat','2018-01-04 07:04:42'),(242,1,8,'none',73000,'jln komplek auri 1000','jln komplek auri 1000',1,'etnocso1@gmail.com','081286131893','bank','flat.flat','2018-01-04 09:21:44'),(243,1,23,'none',68000,'utan kayu','utan kayu',1,'laudya@persadasolution.com','08123456789','bank','flat.flat','2018-01-05 03:47:14'),(244,1,23,'none',58000,'utan kayu','utan kayu',2,'laudya@persadasolution.com','08123456789','bank','flat.flat','2018-01-05 03:52:41'),(245,1,21,'none',68000,'bima sakti','bima sakti',1,'sandy@fazrianto.com','628111173536','bank','flat.flat','2018-01-05 04:08:20'),(246,1,17,'none',50500,'','',1,'contesso1@yahoo.com','','bank','flat.flat','2018-01-08 22:49:00'),(247,1,8,'none',193000,'jln komplek auri 1000','jln komplek auri 1000',1,'etnocso1@gmail.com','081286131893','bank','flat.flat','2018-01-09 06:55:29'),(248,1,10,'',60000,'jl. utan kayu raya no.40 kel utan kayu utara kec matraman jakarta timur 13210','jl. utan kayu raya no.40 kel utan kayu utara kec matraman jakarta timur 13210',1,'novita@saktimobile.com','081286510514','bank','flat.flat','2018-01-10 03:52:27'),(249,1,10,'',20000,'jl. utan kayu raya no.40 kel utan kayu utara kec matraman jakarta timur 13210','jl. utan kayu raya no.40 kel utan kayu utara kec matraman jakarta timur 13210',1,'novita@saktimobile.com','081286510514','cod','flat.flat','2018-01-10 03:53:29'),(250,1,21,'',60000,'','bima sakti',1,'sandy@fazrianto.com','628111173536','cod','flat.flat','2018-01-10 04:02:25'),(251,1,10,'',60000,'jl. utan kayu raya no.40 kel utan kayu utara kec matraman jakarta timur 13210','jl. utan kayu raya no.40 kel utan kayu utara kec matraman jakarta timur 13210',1,'novita@saktimobile.com','081286510512','bank','flat.flat','2018-01-10 07:24:10'),(252,1,10,'',60000,'jl. utan kayu raya no.40 kel utan kayu utara kec matraman jakarta timur 13210','jl. utan kayu raya no.40 kel utan kayu utara kec matraman jakarta timur 13210',1,'novita@saktimobile.com','081286510512','cod','flat.flat','2018-01-10 07:24:55'),(253,1,10,'',0,'jl. utan kayu raya no.40 kel utan kayu utara kec matraman jakarta timur 13210','jl. utan kayu raya no.40 kel utan kayu utara kec matraman jakarta timur 13210',1,'novita@saktimobile.com','081286510512','bank','flat.flat','2018-01-10 07:26:40'),(254,1,10,'',0,'jl. utan kayu raya no.40 kel utan kayu utara kec matraman jakarta timur 13210','jl. utan kayu raya no.40 kel utan kayu utara kec matraman jakarta timur 13210',1,'novita@saktimobile.com','081286510512','cod','flat.flat','2018-01-10 07:27:04'),(255,1,10,'',50000,'jl. utan kayu raya no.40 kel utan kayu utara kec matraman jakarta timur 13210','jl. utan kayu raya no.40 kel utan kayu utara kec matraman jakarta timur 13210',1,'novita@saktimobile.com','081286510512','bank','flat.flat','2018-01-10 07:28:55'),(256,1,10,'',50000,'jl. utan kayu raya no.40 kel utan kayu utara kec matraman jakarta timur 13210','jl. utan kayu raya no.40 kel utan kayu utara kec matraman jakarta timur 13210',1,'novita@saktimobile.com','081286510512','cod','flat.flat','2018-01-10 07:29:21'),(257,1,10,'',20000,'jl. utan kayu raya no.40 kel utan kayu utara kec matraman jakarta timur 13210','jl. utan kayu raya no.40 kel utan kayu utara kec matraman jakarta timur 13210',1,'novita@saktimobile.com','081286510512','bank','flat.flat','2018-01-10 07:30:46'),(258,1,10,'',20000,'jl. utan kayu raya no.40 kel utan kayu utara kec matraman jakarta timur 13210','jl. utan kayu raya no.40 kel utan kayu utara kec matraman jakarta timur 13210',1,'novita@saktimobile.com','081286510512','cod','flat.flat','2018-01-10 07:31:16'),(259,1,10,'',385000,'jl. utan kayu raya no.40 kel utan kayu utara kec matraman jakarta timur 13210','jl. utan kayu raya no.40 kel utan kayu utara kec matraman jakarta timur 13210',1,'novita@saktimobile.com','081286510512','bank','flat.flat','2018-01-10 07:31:49'),(260,1,10,'',385000,'jl. utan kayu raya no.40 kel utan kayu utara kec matraman jakarta timur 13210','jl. utan kayu raya no.40 kel utan kayu utara kec matraman jakarta timur 13210',1,'novita@saktimobile.com','081286510512','bank','flat.flat','2018-01-10 07:32:07'),(261,1,10,'',385000,'jl. utan kayu raya no.40 kel utan kayu utara kec matraman jakarta timur 13210','jl. utan kayu raya no.40 kel utan kayu utara kec matraman jakarta timur 13210',1,'novita@saktimobile.com','081286510512','cod','flat.flat','2018-01-10 07:32:38'),(262,1,10,'',47000,'jl. utan kayu raya no.40 kel utan kayu utara kec matraman jakarta timur 13210','jl. utan kayu raya no.40 kel utan kayu utara kec matraman jakarta timur 13210',1,'novita@saktimobile.com','081286510512','bank','flat.flat','2018-01-10 07:33:31'),(263,1,10,'',47000,'jl. utan kayu raya no.40 kel utan kayu utara kec matraman jakarta timur 13210','jl. utan kayu raya no.40 kel utan kayu utara kec matraman jakarta timur 13210',1,'novita@saktimobile.com','081286510512','cod','flat.flat','2018-01-10 07:33:57'),(264,1,23,'',50000,'utan kayu','utan kayu',1,'laudya@persadasolution.com','08123456789','bank','flat.flat','2018-01-15 01:47:20'),(265,1,23,'',60000,'utan kayu','utan kayu',1,'laudya@persadasolution.com','08123456789','bank','flat.flat','2018-01-15 01:48:21'),(266,1,26,'none',68000,'Jl. Mangga Raya No. 11 Kelurahan Utan Kayu Utara, Kecamatan Matraman Kota Jakarta Timur','Jl. Mangga Raya No. 11 Kelurahan Utan Kayu Utara, Kecamatan Matraman Kota Jakarta Timur',1,'wurianggraeni@gmail.com','085732099230','bank','flat.flat','2018-01-15 06:52:56'),(267,1,8,'none',68000,'jln komplek auri 1000','jln komplek auri 1000',1,'etnocso1@gmail.com','081286131893','bank','flat.flat','2018-01-17 08:18:00'),(268,1,8,'none',50500,'jln komplek auri 1000','jln komplek auri 1000',1,'etnocso1@gmail.com','081286131893','bank','flat.flat','2018-01-17 09:13:40'),(269,1,8,'none',58000,'jln komplek auri 1000','jln komplek auri 1000',1,'etnocso1@gmail.com','081286131893','bank','flat.flat','2018-01-17 09:32:05'),(270,1,8,'none',58000,'jln komplek auri 1000','jln komplek auri 1000',1,'etnocso1@gmail.com','081286131893','bank','flat.flat','2018-01-17 09:33:52'),(271,1,8,'none',50500,'jln komplek auri 1000','jln komplek auri 1000',1,'etnocso1@gmail.com','081286131893','bank','flat.flat','2018-01-17 09:59:38'),(272,1,17,'none',68000,'','',1,'contesso1@yahoo.com','','bank','flat.flat','2018-01-17 10:26:11'),(273,1,8,'none',68000,'jln komplek auri 1000','jln komplek auri 1000',1,'etnocso1@gmail.com','081286131893','bank','flat.flat','2018-01-17 10:27:46'),(274,1,8,'none',58000,'jln komplek auri 1000','jln komplek auri 1000',1,'etnocso1@gmail.com','081286131893','bank','flat.flat','2018-01-17 10:30:41'),(275,1,17,'none',68000,'','',1,'contesso1@yahoo.com','','bank','flat.flat','2018-01-17 10:31:15'),(276,1,17,'none',68000,'','',1,'contesso1@yahoo.com','','bank','flat.flat','2018-01-17 10:32:03'),(277,1,17,'none',68000,'','',1,'contesso1@yahoo.com','','bank','flat.flat','2018-01-17 10:35:53'),(278,1,8,'none',58000,'','',1,'','','bank','flat.flat','2018-01-17 10:38:18'),(279,1,8,'none',50500,'jln komplek auri 1000','jln komplek auri 1000',1,'etnocso1@gmail.com','081286131893','bank','flat.flat','2018-01-17 11:25:24'),(280,1,8,'none',68000,'jln komplek auri 1000','jln komplek auri 1000',1,'etnocso1@gmail.com','081286131893','bank','flat.flat','2018-01-17 11:27:05'),(281,1,8,'none',68000,'jln komplek auri 1000','jln komplek auri 1000',1,'etnocso1@gmail.com','081286131893','bank','flat.flat','2018-01-17 11:27:10'),(282,1,8,'none',68000,'jln komplek auri 1000','jln komplek auri 1000',1,'etnocso1@gmail.com','081286131893','bank','flat.flat','2018-01-17 11:29:24'),(283,1,8,'none',68000,'jln komplek auri 1000','jln komplek auri 1000',1,'etnocso1@gmail.com','081286131893','bank','flat.flat','2018-01-17 11:29:40'),(284,1,8,'none',68000,'jln komplek auri 1000','jln komplek auri 1000',1,'etnocso1@gmail.com','081286131893','bank','flat.flat','2018-01-17 11:31:43'),(285,1,8,'none',68000,'jln komplek auri 1000','jln komplek auri 1000',1,'etnocso1@gmail.com','081286131893','bank','flat.flat','2018-01-17 11:33:03'),(286,1,8,'none',68000,'jln komplek auri 1000','jln komplek auri 1000',1,'etnocso1@gmail.com','081286131893','bank','flat.flat','2018-01-17 11:33:07'),(287,1,8,'none',68000,'jln komplek auri 1000','jln komplek auri 1000',1,'etnocso1@gmail.com','081286131893','bank','flat.flat','2018-01-17 11:33:41'),(288,1,8,'none',68000,'jln komplek auri 1000','jln komplek auri 1000',1,'etnocso1@gmail.com','081286131893','bank','flat.flat','2018-01-17 11:33:54'),(289,1,8,'none',68000,'jln komplek auri 1000','jln komplek auri 1000',1,'etnocso1@gmail.com','081286131893','bank','flat.flat','2018-01-17 11:36:06'),(290,1,8,'none',68000,'jln komplek auri 1000','jln komplek auri 1000',1,'etnocso1@gmail.com','081286131893','bank','flat.flat','2018-01-17 11:37:50'),(291,1,8,'none',68000,'jln komplek auri 1000','jln komplek auri 1000',1,'etnocso1@gmail.com','081286131893','bank','flat.flat','2018-01-17 11:39:50'),(292,1,8,'none',68000,'jln komplek auri 1000','jln komplek auri 1000',1,'etnocso1@gmail.com','081286131893','bank','flat.flat','2018-01-17 11:39:56'),(293,1,8,'none',68000,'jln komplek auri 1000','jln komplek auri 1000',1,'etnocso1@gmail.com','081286131893','bank','flat.flat','2018-01-17 11:42:34'),(294,1,8,'none',68000,'jln komplek auri 1000','jln komplek auri 1000',1,'etnocso1@gmail.com','081286131893','bank','flat.flat','2018-01-17 11:43:18'),(295,1,8,'none',68000,'jln komplek auri 1000','jln komplek auri 1000',1,'etnocso1@gmail.com','081286131893','bank','flat.flat','2018-01-17 11:45:16'),(296,1,8,'none',68000,'jln komplek auri 1000','jln komplek auri 1000',1,'etnocso1@gmail.com','081286131893','bank','flat.flat','2018-01-17 11:48:20'),(297,1,8,'none',68000,'jln komplek auri 1000','jln komplek auri 1000',1,'etnocso1@gmail.com','081286131893','bank','flat.flat','2018-01-17 11:49:11'),(298,1,8,'none',68000,'jln komplek auri 1000','jln komplek auri 1000',1,'etnocso1@gmail.com','081286131893','bank','flat.flat','2018-01-17 11:50:59'),(299,1,8,'none',68000,'jln komplek auri 1000','jln komplek auri 1000',1,'etnocso1@gmail.com','081286131893','bank','flat.flat','2018-01-17 11:54:23'),(300,1,8,'none',68000,'jln komplek auri 1000','jln komplek auri 1000',1,'etnocso1@gmail.com','081286131893','bank','flat.flat','2018-01-17 11:54:23'),(301,1,8,'none',68000,'jln komplek auri 1000','jln komplek auri 1000',1,'etnocso1@gmail.com','081286131893','bank','flat.flat','2018-01-17 11:55:20'),(302,1,8,'none',68000,'jln komplek auri 1000','jln komplek auri 1000',1,'etnocso1@gmail.com','081286131893','bank','flat.flat','2018-01-17 11:55:28'),(303,1,8,'none',68000,'jln komplek auri 1000','jln komplek auri 1000',1,'etnocso1@gmail.com','081286131893','bank','flat.flat','2018-01-17 11:57:29'),(304,1,8,'none',68000,'jln komplek auri 1000','jln komplek auri 1000',1,'etnocso1@gmail.com','081286131893','bank','flat.flat','2018-01-17 11:59:35'),(305,1,8,'none',68000,'jln komplek auri 1000','jln komplek auri 1000',1,'etnocso1@gmail.com','081286131893','bank','flat.flat','2018-01-17 12:00:05'),(306,1,8,'none',68000,'jln komplek auri 1000','jln komplek auri 1000',1,'etnocso1@gmail.com','081286131893','bank','flat.flat','2018-01-17 12:01:16'),(307,1,8,'none',68000,'jln komplek auri 1000','jln komplek auri 1000',1,'etnocso1@gmail.com','081286131893','bank','flat.flat','2018-01-17 12:03:49'),(308,1,8,'none',68000,'jln komplek auri 1000','jln komplek auri 1000',1,'etnocso1@gmail.com','081286131893','bank','flat.flat','2018-01-17 12:05:13'),(309,1,8,'none',68000,'jln komplek auri 1000','jln komplek auri 1000',2,'etnocso1@gmail.com','081286131893','bank','flat.flat','2018-01-17 12:05:18'),(310,1,17,'none',68000,'jln wara wiri 1','jln wara wiri 1',1,'contesso1@yahoo.com','','bank','flat.flat','2018-01-22 03:27:26'),(311,1,17,'none',68000,'jln wara wiri 1','jln wara wiri 1',1,'contesso1@yahoo.com','','bank','flat.flat','2018-01-22 03:27:52'),(312,1,17,'none',68000,'jln wara wiri 1','jln wara wiri 1',1,'contesso1@yahoo.com','','bank','flat.flat','2018-01-22 03:31:54'),(313,1,17,'none',68000,'jln wara wiri 1','jln wara wiri 1',1,'contesso1@yahoo.com','','bank','flat.flat','2018-01-22 03:32:12'),(314,1,17,'none',68000,'jln wara wiri 1','jln wara wiri 1',1,'contesso1@yahoo.com','','bank','flat.flat','2018-01-22 03:34:00'),(315,1,17,'none',68000,'jln wara wiri 1','jln wara wiri 1',1,'contesso1@yahoo.com','','bank','flat.flat','2018-01-22 03:45:58'),(316,1,17,'none',68000,'jln wara wiri 1','jln wara wiri 1',1,'contesso1@yahoo.com','','bank','flat.flat','2018-01-22 03:53:17'),(317,1,17,'none',68000,'jln wara wiri 1','jln wara wiri 1',1,'contesso1@yahoo.com','','bank','flat.flat','2018-01-22 03:53:46'),(318,1,27,'none',68000,'jl.kramat jaya, jakarta utara','jl.kramat jaya, jakarta utara',1,'sss.azhom@gmail.com','081939284050','bank','flat.flat','2018-01-24 04:06:55'),(319,1,27,'none',68000,'jl.kramat jaya, jakarta utara','jl.kramat jaya, jakarta utara',2,'sss.azhom@gmail.com','081939284050','bank','flat.flat','2018-01-24 04:07:48'),(320,1,27,'none',23000,'','',2,'','','bank','flat.flat','2018-01-25 04:40:55'),(321,1,29,'none',48000,'jln medan merdeka 10','jln medan merdeka 10',1,'yrickyc@gmail.com','081286131893','bank','flat.flat','2018-01-25 07:34:04'),(322,1,29,'none',68000,'jln medan merdeka 10','jln medan merdeka 10',1,'yrickyc@gmail.com','081286131893','bank','flat.flat','2018-01-25 07:39:42'),(323,1,17,'none',68000,'','',1,'contesso1@yahoo.com','','bank','flat.flat','2018-01-25 10:00:52'),(324,1,17,'none',68000,'','',1,'contesso1@yahoo.com','','bank','flat.flat','2018-01-25 10:24:03'),(325,1,17,'none',68000,'','',1,'contesso1@yahoo.com','','bank','flat.flat','2018-01-25 10:44:10'),(326,1,29,'none',28000,'jln medan merdeka 10','jln medan merdeka 10',1,'yrickyc@gmail.com','081286131893','bank','flat.flat','2018-01-25 10:46:30'),(327,1,17,'none',68000,'','',1,'yrickyc@gmail.com','','bank','flat.flat','2018-01-25 11:15:11'),(328,1,29,'none',68000,'jln medan merdeka 10','jln medan merdeka 10',1,'yrickyc@gmail.com','081286131893','bank','flat.flat','2018-01-25 11:34:18'),(329,1,17,'none',68000,'','',1,'yrickyc@gmail.com','','cod','flat.flat','2018-01-25 11:35:57'),(330,1,17,'none',68000,'','',1,'yrickyc@gmail.com','','cod','flat.flat','2018-01-25 11:38:38'),(331,1,17,'none',68000,'','',1,'yrickyc@gmail.com','','cod','flat.flat','2018-01-25 11:38:43'),(332,1,29,'none',258000,'jln medan merdeka 10','jln medan merdeka 10',1,'yrickyc@gmail.com','081286131893','bank','flat.flat','2018-01-25 11:41:00'),(333,1,17,'none',68000,'','',1,'yrickyc@gmail.com','','cod','flat.flat','2018-01-25 11:41:37'),(334,1,17,'none',68000,'','',1,'yrickyc@gmail.com','','cod','flat.flat','2018-01-25 11:44:40'),(335,1,29,'none',68000,'jln medan merdeka 10','jln medan merdeka 10',1,'yrickyc@gmail.com','081286131893','bank','flat.flat','2018-01-25 11:49:51'),(336,1,29,'none',68000,'jln medan merdeka 10','jln medan merdeka 10',1,'yrickyc@gmail.com','081286131893','bank','flat.flat','2018-01-25 11:50:42'),(337,1,29,'none',68000,'jln medan merdeka 10','jln medan merdeka 10',1,'yrickyc@gmail.com','081286131893','bank','flat.flat','2018-01-25 11:56:18'),(338,1,29,'none',38000,'jln medan merdeka 10','jln medan merdeka 10',1,'yrickyc@gmail.com','081286131893','bank','flat.flat','2018-01-25 11:58:59'),(339,1,29,'none',28000,'jln medan merdeka 10','jln medan merdeka 10',1,'yrickyc@gmail.com','081286131893','bank','flat.flat','2018-01-25 12:10:48'),(340,1,29,'none',28000,'jln medan merdeka 10','jln medan merdeka 10',1,'yrickyc@gmail.com','081286131893','bank','flat.flat','2018-01-25 13:25:57'),(341,1,29,'none',68000,'jln medan merdeka 10','jln medan merdeka 10',1,'yrickyc@gmail.com','081286131893','bank','flat.flat','2018-01-25 13:27:13'),(342,1,29,'none',68000,'jln medan merdeka 10','jln medan merdeka 10',1,'yrickyc@gmail.com','081286131893','bank','flat.flat','2018-01-25 13:30:42'),(343,1,29,'none',28000,'jln medan merdeka 10','jln medan merdeka 10',1,'yrickyc@gmail.com','081286131893','bank','flat.flat','2018-01-25 13:37:35'),(344,1,29,'none',68000,'jln medan merdeka 10','jln medan merdeka 10',1,'yrickyc@gmail.com','081286131893','bank','flat.flat','2018-01-25 13:46:03'),(345,1,29,'none',48000,'jln medan merdeka 10','jln medan merdeka 10',1,'yrickyc@gmail.com','081286131893','bank','flat.flat','2018-01-25 13:52:38'),(346,1,29,'none',68000,'jln medan merdeka 10','jln medan merdeka 10',1,'yrickyc@gmail.com','081286131893','bank','flat.flat','2018-01-25 13:58:59'),(347,1,29,'none',28000,'jln medan merdeka 10','jln medan merdeka 10',1,'yrickyc@gmail.com','081286131893','bank','flat.flat','2018-01-25 14:00:49'),(348,1,29,'none',55000,'jln medan merdeka 10','jln medan merdeka 10',1,'yrickyc@gmail.com','081286131893','bank','flat.flat','2018-01-25 14:03:53'),(349,1,27,'none',73000,'jl.kramat jaya, jakarta utara','jl.kramat jaya, jakarta utara',2,'sss.azhom@gmail.com','081939284050','bank','flat.flat','2018-01-26 02:46:39'),(350,1,55,'none',0,'Jl. Raya Sawangan, Perempatan Mampang, Depok, 16436','Jl. Raya Sawangan, Perempatan Mampang, Depok, 16436',1,'sss_shadiq@yahoo.com','','bank','flat.flat','2018-02-05 06:12:13'),(351,1,17,'none',68000,'','',1,'yrickyc@gmail.com','','cod','flat.flat','2018-02-05 13:34:05'),(352,1,17,'none',68000,'','',1,'yrickyc@gmail.com','','cod','flat.flat','2018-02-05 13:35:01'),(353,1,17,'none',68000,'','',1,'contesso1@yahoo.com','','bank','flat.flat','2018-02-05 13:38:56'),(354,0,0,'none',0,'0','0',1,'0','0','0','flat.flat','2018-02-05 15:42:04'),(355,0,0,'none',0,'0','0',1,'0','0','0','flat.flat','2018-02-05 15:43:26'),(356,0,0,'none',0,'0','0',1,'0','0','0','flat.flat','2018-02-05 15:48:45'),(357,0,0,'none',0,'0','0',1,'0','0','0','flat.flat','2018-02-05 15:50:56'),(358,0,0,'none',0,'0','0',1,'0','0','0','flat.flat','2018-02-05 15:56:15'),(359,2,17,'none',1,'BTN Museuem','0',1,'yrickyc@gmail.com','none','cod','flat.flat','2018-02-05 16:08:31'),(360,2,17,'none',1,'BTN Museuem','0',2,'yrickyc@gmail.com','none','cod','flat.flat','2018-02-05 16:10:06'),(361,1,57,'none',199500,'Jaksel,Pancoran','Jaksel,Pancoran',1,'yogibaguswijaya@gmail.com','087887034420','bank','flat.flat','2018-02-06 01:15:12'),(362,1,57,'none',169000,'Jaksel,Pancoran','Jaksel,Pancoran',1,'yogibaguswijaya@gmail.com','087887034420','bank','flat.flat','2018-02-06 01:22:49'),(363,2,65,'none',1,'BTN Museum','0',1,'yanuar.yanuar1@gmail.com','none','cod','flat.flat','2018-02-09 04:05:15'),(364,2,65,'none',1,'BTN Museum','0',1,'yanuar.yanuar1@gmail.com','none','cod','flat.flat','2018-02-09 04:06:43'),(365,2,65,'none',1,'BTN Museum','0',1,'yanuar.yanuar1@gmail.com','none','cod','flat.flat','2018-02-09 04:16:23'),(366,2,65,'none',1,'BTN Museum','0',1,'yanuar.yanuar1@gmail.com','none','cod','flat.flat','2018-02-09 04:17:42'),(367,2,65,'none',1,'BTN Museum','0',1,'yanuar.yanuar1@gmail.com','none','cod','flat.flat','2018-02-09 04:17:52'),(368,2,65,'none',1,'BTN Museum','0',1,'yanuar.yanuar1@gmail.com','none','cod','flat.flat','2018-02-09 04:19:48'),(369,2,65,'none',1,'BTN Museum','0',1,'yanuar.yanuar1@gmail.com','none','cod','flat.flat','2018-02-09 07:30:12'),(370,2,65,'none',1,'BTN Museum','0',1,'yanuar.yanuar1@gmail.com','none','cod','flat.flat','2018-02-09 07:30:34'),(371,2,65,'none',1,'BTN Museum','0',1,'yanuar.yanuar1@gmail.com','none','cod','flat.flat','2018-02-09 07:48:35'),(372,2,65,'none',1,'BTN Museum','0',1,'yanuar.yanuar1@gmail.com','none','cod','flat.flat','2018-02-09 07:49:12'),(373,2,65,'none',1,'BTN Museum','0',1,'yanuar.yanuar1@gmail.com','none','cod','flat.flat','2018-02-09 07:51:21'),(374,2,65,'none',1,'BTN Museum','0',1,'yanuar.yanuar1@gmail.com','none','cod','flat.flat','2018-02-09 07:55:45'),(375,2,97,'none',1,'BTN Museum','0',1,'danrama00@gmail.com','none','cod','flat.flat','2018-02-09 08:44:28'),(376,2,97,'none',1,'BTN Museum','0',1,'danrama00@gmail.com','none','cod','flat.flat','2018-02-09 08:46:47'),(377,2,65,'none',1,'BTN Museum','0',1,'yanuar.yanuar1@gmail.com','none','cod','flat.flat','2018-02-09 17:04:06'),(378,2,65,'none',1,'BTN Museum','0',1,'yanuar.yanuar1@gmail.com','none','cod','flat.flat','2018-02-09 17:06:15'),(379,2,97,'none',1,'BTN Museum','0',1,'danrama00@gmail.com','none','cod','flat.flat','2018-02-10 07:06:13'),(380,2,97,'none',1,'BTN Museum','0',1,'danrama00@gmail.com','none','cod','flat.flat','2018-02-10 07:07:02'),(381,2,65,'none',1,'BTN Museum','0',1,'yanuar.yanuar1@gmail.com','none','cod','flat.flat','2018-02-10 07:09:39'),(382,2,97,'none',1,'BTN Museum','0',1,'danrama00@gmail.com','none','cod','flat.flat','2018-02-10 07:26:52'),(383,2,65,'none',1,'BTN Museum','0',1,'yanuar.yanuar1@gmail.com','none','cod','flat.flat','2018-02-10 07:33:26'),(384,2,65,'none',1,'BTN Museum','0',1,'yanuar.yanuar1@gmail.com','none','cod','flat.flat','2018-02-10 07:36:26'),(385,2,65,'none',1,'BTN Museum','0',1,'yanuar.yanuar1@gmail.com','none','cod','flat.flat','2018-02-10 07:39:39'),(386,2,65,'none',1,'BTN Museum','0',1,'yanuar.yanuar1@gmail.com','none','cod','flat.flat','2018-02-10 07:41:05'),(387,2,97,'none',1,'BTN Museum','0',1,'danrama00@gmail.com','none','cod','flat.flat','2018-02-10 08:16:19'),(388,2,97,'none',1,'BTN Museum','0',1,'danrama00@gmail.com','none','cod','flat.flat','2018-02-10 08:25:54'),(389,2,97,'none',1,'BTN Museum','0',1,'danrama00@gmail.com','none','cod','flat.flat','2018-02-10 08:40:00'),(390,2,97,'none',1,'BTN Museum','0',1,'danrama00@gmail.com','none','cod','flat.flat','2018-02-10 08:43:10'),(391,2,97,'none',1,'BTN Museum','0',1,'danrama00@gmail.com','none','cod','flat.flat','2018-02-10 08:44:58'),(392,2,65,'none',1,'BTN Museum','0',1,'yanuar.yanuar1@gmail.com','none','cod','flat.flat','2018-02-10 09:10:34'),(393,2,65,'none',1,'BTN Museum','0',1,'yanuar.yanuar1@gmail.com','none','cod','flat.flat','2018-02-10 09:12:26'),(394,2,65,'none',1,'BTN Museum','0',1,'yanuar.yanuar1@gmail.com','none','cod','flat.flat','2018-02-10 09:16:47'),(395,2,65,'none',1,'BTN Museum','0',1,'yanuar.yanuar1@gmail.com','none','cod','flat.flat','2018-02-10 09:18:11'),(396,2,65,'none',1,'BTN Museum','0',1,'yanuar.yanuar1@gmail.com','none','cod','flat.flat','2018-02-10 09:21:01'),(397,2,65,'none',1,'BTN Museum','0',1,'yanuar.yanuar1@gmail.com','none','cod','flat.flat','2018-02-10 09:22:12'),(398,2,65,'none',1,'BTN Museum','0',1,'yanuar.yanuar1@gmail.com','none','cod','flat.flat','2018-02-10 09:24:19'),(399,2,65,'none',1,'BTN Museum','0',1,'yanuar.yanuar1@gmail.com','none','cod','flat.flat','2018-02-10 09:25:37'),(400,2,106,'none',1,'BTN Museum','0',1,'dodhyaleezka@gmail.com','none','cod','flat.flat','2018-02-10 12:03:56'),(401,2,92,'none',1,'BTN Museum','0',1,'yrickyc@gmail.com','none','cod','flat.flat','2018-02-10 16:05:36'),(402,2,113,'none',1,'BTN Museum','0',1,'roktavian@yahoo.com','none','cod','flat.flat','2018-02-10 23:04:37'),(403,2,124,'none',1,'BTN Museum','0',1,'direktur.utama@btn.co.id','none','cod','flat.flat','2018-02-10 23:44:02'),(404,2,65,'none',1,'BTN Museum','0',1,'yanuar.yanuar1@gmail.com','none','cod','flat.flat','2018-02-10 23:45:10'),(405,2,88,'none',1,'BTN Museum','0',1,'test@btn.co.id','none','cod','flat.flat','2018-02-10 23:58:15'),(406,2,88,'none',1,'BTN Museum','0',1,'test@btn.co.id','none','cod','flat.flat','2018-02-10 23:58:43'),(407,2,92,'none',1,'BTN Museum','0',1,'yrickyc@gmail.com','none','cod','flat.flat','2018-02-11 00:00:46'),(408,2,97,'none',1,'BTN Museum','0',1,'danrama00@gmail.com','none','cod','flat.flat','2018-02-11 00:26:58'),(409,2,97,'none',1,'BTN Museum','0',1,'danrama00@gmail.com','none','cod','flat.flat','2018-02-11 00:28:35'),(410,2,97,'none',1,'BTN Museum','0',1,'danrama00@gmail.com','none','cod','flat.flat','2018-02-11 00:37:24'),(411,2,65,'none',1,'BTN Museum','0',1,'yanuar.yanuar1@gmail.com','none','cod','flat.flat','2018-02-11 00:47:14'),(412,2,97,'none',1,'BTN Museum','0',1,'danrama00@gmail.com','none','cod','flat.flat','2018-02-11 00:49:50'),(413,2,65,'none',1,'BTN Museum','0',1,'yanuar.yanuar1@gmail.com','none','cod','flat.flat','2018-02-11 01:27:35'),(414,2,97,'none',1,'BTN Museum','0',1,'danrama00@gmail.com','none','cod','flat.flat','2018-02-11 01:38:05'),(415,2,97,'none',1,'BTN Museum','0',1,'danrama00@gmail.com','none','cod','flat.flat','2018-02-11 01:40:39'),(416,2,97,'none',1,'BTN Museum','0',1,'danrama00@gmail.com','none','cod','flat.flat','2018-02-11 01:44:51'),(417,2,97,'none',1,'BTN Museum','0',1,'danrama00@gmail.com','none','cod','flat.flat','2018-02-11 01:49:09'),(418,2,97,'none',1,'BTN Museum','0',1,'danrama00@gmail.com','none','cod','flat.flat','2018-02-11 01:50:43'),(419,2,97,'none',1,'BTN Museum','0',1,'danrama00@gmail.com','none','cod','flat.flat','2018-02-11 01:51:56'),(420,2,97,'none',1,'BTN Museum','0',1,'danrama00@gmail.com','none','cod','flat.flat','2018-02-11 01:52:53'),(421,2,97,'none',1,'BTN Museum','0',1,'danrama00@gmail.com','none','cod','flat.flat','2018-02-11 01:53:51'),(422,2,97,'none',1,'BTN Museum','0',1,'danrama00@gmail.com','none','cod','flat.flat','2018-02-11 01:55:00'),(423,2,97,'none',1,'BTN Museum','0',1,'danrama00@gmail.com','none','cod','flat.flat','2018-02-11 01:56:00'),(424,2,97,'none',1,'BTN Museum','0',1,'danrama00@gmail.com','none','cod','flat.flat','2018-02-11 01:57:07'),(425,2,65,'none',1,'BTN Museum','0',1,'yanuar.yanuar1@gmail.com','none','cod','flat.flat','2018-02-11 01:58:11'),(426,2,65,'none',1,'BTN Museum','0',1,'yanuar.yanuar1@gmail.com','none','cod','flat.flat','2018-02-11 01:59:16'),(427,2,65,'none',1,'BTN Museum','0',1,'yanuar.yanuar1@gmail.com','none','cod','flat.flat','2018-02-11 02:00:38'),(428,2,65,'none',1,'BTN Museum','0',1,'yanuar.yanuar1@gmail.com','none','cod','flat.flat','2018-02-11 02:01:40'),(429,2,65,'none',1,'BTN Museum','0',1,'yanuar.yanuar1@gmail.com','none','cod','flat.flat','2018-02-11 02:03:15'),(430,2,65,'none',1,'BTN Museum','0',1,'yanuar.yanuar1@gmail.com','none','cod','flat.flat','2018-02-11 02:04:23'),(431,2,65,'none',1,'BTN Museum','0',1,'yanuar.yanuar1@gmail.com','none','cod','flat.flat','2018-02-11 02:05:23'),(432,2,65,'none',1,'BTN Museum','0',1,'yanuar.yanuar1@gmail.com','none','cod','flat.flat','2018-02-11 02:06:27'),(433,2,97,'none',1,'BTN Museum','0',1,'danrama00@gmail.com','none','cod','flat.flat','2018-02-11 02:11:55'),(434,2,97,'none',1,'BTN Museum','0',1,'danrama00@gmail.com','none','cod','flat.flat','2018-02-11 02:13:07'),(435,2,97,'none',1,'BTN Museum','0',1,'danrama00@gmail.com','none','cod','flat.flat','2018-02-11 02:14:27'),(436,2,97,'none',1,'BTN Museum','0',1,'danrama00@gmail.com','none','cod','flat.flat','2018-02-11 02:15:46'),(437,2,97,'none',1,'BTN Museum','0',1,'danrama00@gmail.com','none','cod','flat.flat','2018-02-11 02:16:51'),(438,2,97,'none',1,'BTN Museum','0',1,'danrama00@gmail.com','none','cod','flat.flat','2018-02-11 02:27:45'),(439,2,97,'none',1,'BTN Museum','0',1,'danrama00@gmail.com','none','cod','flat.flat','2018-02-11 02:30:42'),(440,2,97,'none',1,'BTN Museum','0',1,'danrama00@gmail.com','none','cod','flat.flat','2018-02-11 02:31:53'),(441,2,65,'none',1,'BTN Museum','0',1,'yanuar.yanuar1@gmail.com','none','cod','flat.flat','2018-02-11 02:35:43'),(442,2,65,'none',1,'BTN Museum','0',1,'yanuar.yanuar1@gmail.com','none','cod','flat.flat','2018-02-11 02:59:53'),(443,2,97,'none',1,'BTN Museum','0',1,'danrama00@gmail.com','none','cod','flat.flat','2018-02-11 03:26:48'),(444,2,97,'none',1,'BTN Museum','0',1,'danrama00@gmail.com','none','cod','flat.flat','2018-02-11 03:54:31'),(445,2,65,'none',1,'BTN Museum','0',1,'yanuar.yanuar1@gmail.com','none','cod','flat.flat','2018-02-11 04:12:46'),(446,2,97,'none',1,'BTN Museum','0',1,'danrama00@gmail.com','none','cod','flat.flat','2018-02-11 04:16:43'),(447,2,65,'none',1,'BTN Museum','0',1,'yanuar.yanuar1@gmail.com','none','cod','flat.flat','2018-02-11 04:39:28'),(448,2,65,'none',1,'BTN Museum','0',1,'yanuar.yanuar1@gmail.com','none','cod','flat.flat','2018-02-11 04:40:46'),(449,2,65,'none',1,'BTN Museum','0',1,'yanuar.yanuar1@gmail.com','none','cod','flat.flat','2018-02-11 04:42:10'),(450,2,65,'none',1,'BTN Museum','0',1,'yanuar.yanuar1@gmail.com','none','cod','flat.flat','2018-02-11 04:42:58'),(451,2,65,'none',1,'BTN Museum','0',1,'yanuar.yanuar1@gmail.com','none','cod','flat.flat','2018-02-11 04:44:28'),(452,2,65,'none',1,'BTN Museum','0',1,'yanuar.yanuar1@gmail.com','none','cod','flat.flat','2018-02-11 04:45:16'),(453,2,65,'none',1,'BTN Museum','0',1,'yanuar.yanuar1@gmail.com','none','cod','flat.flat','2018-02-11 04:47:10'),(454,2,65,'none',1,'BTN Museum','0',1,'yanuar.yanuar1@gmail.com','none','cod','flat.flat','2018-02-11 04:48:27'),(455,2,65,'none',1,'BTN Museum','0',1,'yanuar.yanuar1@gmail.com','none','cod','flat.flat','2018-02-11 04:49:25'),(456,2,65,'none',1,'BTN Museum','0',1,'yanuar.yanuar1@gmail.com','none','cod','flat.flat','2018-02-11 04:51:16'),(457,2,65,'none',1,'BTN Museum','0',1,'yanuar.yanuar1@gmail.com','none','cod','flat.flat','2018-02-11 04:52:15'),(458,2,65,'none',1,'BTN Museum','0',1,'yanuar.yanuar1@gmail.com','none','cod','flat.flat','2018-02-11 04:53:22'),(459,2,65,'none',1,'BTN Museum','0',1,'yanuar.yanuar1@gmail.com','none','cod','flat.flat','2018-02-11 04:58:13'),(460,2,65,'none',1,'BTN Museum','0',1,'yanuar.yanuar1@gmail.com','none','cod','flat.flat','2018-02-11 04:59:36'),(461,2,65,'none',1,'BTN Museum','0',2,'yanuar.yanuar1@gmail.com','none','cod','flat.flat','2018-02-11 05:00:42'),(462,1,17,'none',44000,'','',1,'','','bank','flat.flat','2018-02-14 07:25:33'),(463,1,14,'none',178000,'Jl. Utan Kayu No. 40','Jl. Utan Kayu No. 40',1,'nasatyo@panenkarya.com','08974447643','bank','flat.flat','2018-02-21 04:32:19'),(464,1,145,'none',58000,'Jl Karang Tengah Lebak Bulus','',1,'wildan@mainmulu.com','','bank','flat.flat','2018-02-28 04:54:04'),(465,2,92,'none',1,'BTN Museum','0',1,'yrickyc@gmail.com','none','cod','flat.flat','2018-03-07 08:23:49'),(466,1,145,'none',88000,'','',1,'wildan@mainmulu.com','','bank','flat.flat','2018-03-08 06:38:16'),(467,1,0,'none',88000,'Jl. Karang Tengah','Jl. Karang Tengah',1,'wildan@mainmulu.com','','bank','flat.flat','2018-03-12 04:34:17'),(468,1,145,'none',44000,'karang tengah','karang tengah',1,'wildan@mainmulu.com','8561653561','bank','flat.flat','2018-03-12 04:41:10'),(469,2,92,'none',1,'BTN Museum','0',1,'yrickyc@gmail.com','none','cod','flat.flat','2018-04-02 09:13:24'),(470,2,92,'none',1,'BTN Museum','0',1,'yrickyc@gmail.com','none','cod','flat.flat','2018-04-02 09:13:52'),(471,2,92,'none',1,'BTN Museum','0',1,'yrickyc@gmail.com','none','cod','flat.flat','2018-05-11 07:25:20'),(472,2,92,'none',1,'BTN Museum','0',1,'yrickyc@gmail.com','none','cod','flat.flat','2018-05-11 08:18:20'),(473,2,92,'none',1,'BTN Museum','0',1,'yrickyc@gmail.com','none','cod','flat.flat','2018-05-14 17:08:37'),(474,2,92,'none',1,'BTN Museum','0',1,'yrickyc@gmail.com','none','cod','flat.flat','2018-05-14 17:08:55'),(475,2,92,'none',1,'BTN Museum','0',1,'yrickyc@gmail.com','none','cod','flat.flat','2018-05-14 17:09:04'),(476,2,92,'none',1,'BTN Museum','0',1,'yrickyc@gmail.com','none','cod','flat.flat','2018-05-14 17:09:23'),(477,2,92,'none',1,'BTN Museum','0',1,'yrickyc@gmail.com','none','cod','flat.flat','2018-05-14 17:09:32'),(478,2,92,'none',1,'BTN Museum','0',1,'yrickyc@gmail.com','none','cod','flat.flat','2018-05-14 17:09:48'),(479,2,92,'none',1,'BTN Museum','0',1,'yrickyc@gmail.com','none','cod','flat.flat','2018-05-14 17:10:01'),(480,2,17,'none',1,'BTN Museuem','0',1,'yrickyc@gmail.com','none','cod','flat.flat','2018-05-29 12:59:47'),(481,2,17,'none',1,'BTN Museuem','0',1,'yrickyc@gmail.com','none','cod','flat.flat','2018-05-29 13:00:09'),(482,2,17,'none',1,'BTN Museuem','0',1,'yrickyc@gmail.com','none','cod','flat.flat','2018-07-19 08:00:19'),(483,1,17,'none',68000,'','',1,'contesso1@yahoo.com','','bank','flat.flat','2018-07-19 08:10:13'),(484,2,17,'none',1,'BTN Museuem','0',1,'yrickyc@gmail.com','none','cod','flat.flat','2018-08-08 03:58:21'),(485,2,17,'none',1,'BTN Museuem','0',1,'yrickyc@gmail.com','none','cod','flat.flat','2018-08-08 03:59:17'),(486,1,17,'none',68000,'','',1,'contesso1@yahoo.com','','bank','flat.flat','2018-08-08 04:04:34'),(487,1,17,'none',68000,'','',1,'contesso1@yahoo.com','','bank','flat.flat','2018-08-08 09:39:22'),(488,1,17,'none',68000,'','',1,'contesso1@yahoo.com','','bank','flat.flat','2018-08-10 03:47:32'),(489,1,17,'none',68000,'','',1,'contesso1@yahoo.com','','bank','flat.flat','2018-08-10 06:15:51'),(490,5,170,'none',30000,'none','none',1,'ddd@hg.com','123456789','bank','','2018-08-10 06:29:46'),(491,5,170,'none',30000,'none','none',1,'ddd@hg.com','123456789','bank','','2018-08-10 06:29:56'),(492,5,170,'none',30000,'none','none',1,'ddd@hg.com','123456789','bank','','2018-08-10 06:34:06'),(493,5,170,'none',30000,'none','none',1,'ddd@hg.com','123456789','bank','','2018-08-10 06:59:35'),(494,5,170,'none',30000,'none','none',1,'ddd@hg.com','123456789','bank','','2018-08-10 07:04:57'),(495,5,170,'none',30000,'none','none',1,'ddd@hg.com','123456789','bank','','2018-08-10 07:05:56'),(496,5,170,'none',30000,'none','none',1,'ddd@hg.com','123456789','bank','','2018-08-10 07:06:57'),(497,5,170,'none',30000,'none','none',1,'ddd@hg.com','123456789','bank','','2018-08-10 07:25:31'),(498,5,170,'none',30000,'none','none',1,'ddd@hg.com','123456789','bank','','2018-08-10 07:25:52'),(499,5,170,'none',30000,'none','none',1,'ddd@hg.com','123456789','bank','','2018-08-10 07:28:40'),(500,5,170,'none',30000,'none','none',1,'ddd@hg.com','123456789','bank','','2018-08-10 07:40:29'),(501,5,170,'none',30000,'none','none',1,'ddd@hg.com','123456789','bank','','2018-08-10 07:40:42'),(502,5,170,'none',30000,'none','none',1,'ddd@hg.com','123456789','bank','','2018-08-10 07:40:54'),(503,5,170,'none',30000,'none','none',1,'ddd@hg.com','123456789','bank','','2018-08-10 07:41:03'),(504,5,170,'none',30000,'none','none',1,'ddd@hg.com','123456789','bank','','2018-08-10 07:42:02'),(505,5,170,'none',30000,'none','none',1,'ddd@hg.com','123456789','bank','','2018-08-10 07:44:22'),(506,5,170,'none',30000,'none','none',1,'ddd@hg.com','123456789','bank','','2018-08-10 07:46:02'),(507,5,170,'none',30000,'none','none',1,'ddd@hg.com','123456789','bank','','2018-08-10 07:48:36'),(508,5,170,'none',0,'none','none',1,'ddd@hg.com','123456789','bank','','2018-08-10 09:04:10'),(509,5,170,'none',0,'none','none',1,'ddd@hg.com','123456789','bank','','2018-08-10 09:25:44'),(510,5,170,'none',30000,'none','none',1,'ddd@hg.com','123456789','bank','','2018-08-10 10:29:44'),(511,5,170,'none',30000,'none','none',1,'ddd@hg.com','123456789','bank','','2018-08-10 10:38:23'),(512,5,170,'none',30000,'none','none',1,'ddd@hg.com','123456789','bank','','2018-08-10 11:13:05'),(513,5,170,'none',30000,'none','none',1,'ddd@hg.com','123456789','bank','','2018-08-10 12:33:50'),(514,5,170,'none',30000,'none','none',1,'ddd@hg.com','123456789','bank','','2018-08-10 12:45:59'),(515,5,170,'none',90000,'0','0',1,'ddd@hg.com','123456789','bank','0','2018-08-10 13:20:00'),(516,5,170,'none',60000,'Jalan Bangka VI No.5','none',1,'ddd@hg.com','123456789','bank','JNE-YES','2018-08-10 13:46:12'),(517,1,17,'none',68000,'','',1,'contesso1@yahoo.com','','bank','flat.flat','2018-08-13 15:22:40'),(518,2,17,'none',1,'BTN Museuem','0',1,'yrickyc@gmail.com','none','cod','flat.flat','2018-08-13 15:25:25'),(519,5,170,'none',30000,'','none',1,'ddd@hg.com','123456789','bank','','2018-08-13 15:27:54'),(520,5,170,'none',30000,'Jl Bangka VI No. 5','none',1,'ddd@hg.com','123456789','bank','JNE-YES','2018-08-13 15:39:12'),(521,5,170,'none',30000,'12123','none',1,'ddd@hg.com','123456789','bank','JNE-YES','2018-08-14 02:51:28'),(522,1,17,'none',68000,'','',1,'contesso1@yahoo.com','','bank','flat.flat','2018-08-14 03:46:18'),(523,1,17,'none',68000,'','',1,'contesso1@yahoo.com','','bank','flat.flat','2018-08-14 04:28:13'),(524,1,17,'none',68000,'','',1,'contesso1@yahoo.com','','bank','flat.flat','2018-08-14 04:28:23'),(525,1,17,'none',68000,'','',1,'contesso1@yahoo.com','','bank','flat.flat','2018-08-14 05:28:59'),(526,1,17,'none',68000,'','',1,'contesso1@yahoo.com','','bank','flat.flat','2018-08-14 05:29:09'),(527,1,17,'none',68000,'','',1,'contesso1@yahoo.com','','bank','flat.flat','2018-08-14 06:19:50'),(528,1,17,'none',68000,'','',1,'contesso1@yahoo.com','','bank','flat.flat','2018-08-14 06:31:25'),(529,1,17,'none',68000,'','',1,'contesso1@yahoo.com','','bank','flat.flat','2018-08-14 06:31:35'),(530,5,17,'none',68000,'','',1,'contesso1@yahoo.com','','bank','flat.flat','2018-08-14 06:36:46'),(531,5,170,'none',30000,'','none',1,'ddd@hg.com','123456789','bank','JNE-YES','2018-08-14 07:23:16'),(532,5,170,'none',30000,'','none',1,'ddd@hg.com','123456789','bank','JNE-YES','2018-08-14 07:24:37'),(533,5,170,'none',30000,'','none',1,'ddd@hg.com','123456789','bank','JNE-YES','2018-08-14 07:24:47'),(534,2,17,'none',1,'BTN Museuem','0',1,'yrickyc@gmail.com','none','cod','flat.flat','2018-08-18 11:51:28'),(535,1,17,'none',68000,'','',1,'contesso1@yahoo.com','','bank','flat.flat','2018-08-20 10:19:35'),(536,5,170,'none',250000,'dsfdchgkjnlk','none',1,'ddd@hg.com','123456789','bank','JNE-OKE','2018-08-20 11:42:34'),(537,5,2147483647,'none',2500,'5646546','none',1,'','','bank','JNE-OKE','2018-08-20 12:56:55'),(538,1,17,'none',68000,'','',1,'contesso1@yahoo.com','','bank','flat.flat','2018-08-20 12:57:24'),(539,5,2147483647,'none',2500,'5646546','none',1,'yoga@gmail.com','988765654654','bank','JNE-OKE','2018-08-20 13:00:12'),(540,5,2147483647,'none',2500,'5646546','none',1,'','','bank','JNE-OKE','2018-08-20 13:05:22'),(541,5,2147483647,'none',0,'5646546','none',1,'','','bank','JNE-OKE','2018-08-20 13:16:06'),(542,5,2147483647,'none',0,'5646546','none',1,'','','bank','JNE-OKE','2018-08-20 13:32:11'),(543,5,2147483647,'none',0,'5646546','none',1,'','','bank','JNE-OKE','2018-08-20 13:32:47'),(544,5,248,'none',0,'rtrytr','none',1,'ddd@hg.com','123456789','bank','JNE-YES','2018-08-20 13:46:27'),(545,5,256,'none',0,'43fd','none',1,'ddd@hg.com','123456789','bank','JNE-OKE','2018-08-20 13:55:26'),(546,5,256,'none',0,'43fd','none',1,'ddd@hg.com','123456789','bank','JNE-OKE','2018-08-20 13:56:31'),(547,5,248,'none',0,'cepet ya','none',1,'ddd@hg.com','123456789','bank','JNE-OKE','2018-08-21 03:15:24'),(548,5,248,'none',0,'123','none',1,'ddd@hg.com','123456789','bank','JNE-OKE','2018-08-21 03:32:59'),(549,5,248,'none',0,'12334455','none',1,'','','bank','JNE-OKE','2018-08-21 04:12:09'),(550,5,248,'none',0,'12334455','none',1,'','','bank','JNE-OKE','2018-08-21 04:12:39'),(551,5,248,'none',0,'12334455','none',1,'','','bank','JNE-OKE','2018-08-21 04:16:53'),(552,5,248,'none',0,'cepet ya','none',1,'yoga@gmail.com','085713460593','bank','JNE-OKE','2018-08-21 04:24:32'),(553,5,248,'none',0,'cepet ya','none',1,'yoga@gmail.com','085713460593','bank','JNE-OKE','2018-08-21 04:30:16'),(554,5,248,'none',250000,'124334545','none',1,'yoga@gmail.com','085713460593','bank','JNE-YES','2018-08-21 04:48:58'),(555,5,248,'none',250000,'jl jaya 25','none',1,'yoga@gmail.com','085713460593','bank','JNE-YES','2018-08-21 05:13:50'),(556,5,248,'none',250000,'jl jaya','jl jaya',1,'yoga@gmail.com','085713460593','bank','JNE-YES','2018-08-21 05:30:31'),(557,5,248,'none',4500000,'jaya 25','jaya',1,'yoga@gmail.com','085713460593','bank','JNE-YES','2018-08-21 05:37:08'),(558,5,257,'none',30000,'jaya','jaya',1,'a@a.com','085713460593','bank','JNE-YES','2018-08-21 05:56:17'),(559,1,17,'none',68000,'','',1,'contesso1@yahoo.com','','bank','flat.flat','2018-08-21 06:02:26'),(560,5,248,'none',2500,'jaya','jaya',1,'yoga@gmail.com','085713460593','bank','JNE-YES','2018-08-21 06:23:29'),(561,5,248,'none',2500,'jaya','jaya',1,'yoga@gmail.com','085713460593','bank','JNE-YES','2018-08-21 07:13:36'),(562,1,17,'none',68000,'','',1,'contesso1@yahoo.com','','bank','flat.flat','2018-08-21 10:19:05'),(563,1,17,'none',68000,'','',1,'contesso1@yahoo.com','','bank','flat.flat','2018-08-21 10:20:24'),(564,1,17,'none',68000,'','',1,'contesso1@yahoo.com','','bank','flat.flat','2018-08-21 10:29:04'),(565,1,17,'none',68000,'','',1,'contesso1@yahoo.com','','bank','flat.flat','2018-08-21 10:38:34'),(566,5,248,'none',2500,'jaya','jaya',1,'yoga@gmail.com','085713460593','bank','JNE-YES','2018-08-21 10:59:20'),(567,5,248,'none',2500,'jaya','jaya',1,'yoga@gmail.com','085713460593','bank','JNE-YES','2018-08-21 11:04:02'),(568,5,248,'none',2500,'jaya','jaya',1,'yoga@gmail.com','085713460593','bank','JNE-YES','2018-08-21 11:05:26'),(569,5,248,'none',2500,'jayafff','jayafff',1,'yoga@gmail.com','085713460593','bank','JNE-YES','2018-08-21 11:07:15'),(570,5,248,'none',250000,'fdsg','vddsfg',1,'yoga@gmail.com','085713460593','bank','JNE-OKE','2018-08-21 11:09:46'),(571,5,248,'none',250000,'fdsg','vddsfg',1,'yoga@gmail.com','085713460593','bank','JNE-OKE','2018-08-21 11:11:44'),(572,5,248,'none',250000,'fdgg','sfdbvfds',1,'yoga@gmail.com','085713460593','bank','JNE-OKE','2018-08-21 11:32:11'),(573,5,248,'none',250000,'fdgg','sfdbvfds',1,'yoga@gmail.com','085713460593','bank','JNE-OKE','2018-08-21 12:16:26'),(574,5,248,'none',250000,'dafeasdf','csdcdsfc',1,'yoga@gmail.com','085713460593','bank','JNE-OKE','2018-08-21 12:30:18'),(575,5,248,'none',250000,'faarf','fgaregff',1,'yoga@gmail.com','085713460593','bank','JNE-OKE','2018-08-21 12:48:05'),(576,5,248,'none',250000,'faarf','fgaregff',1,'yoga@gmail.com','085713460593','bank','JNE-OKE','2018-08-21 12:50:35'),(577,5,248,'none',250000,'faarf','fgaregff',1,'yoga@gmail.com','085713460593','bank','JNE-OKE','2018-08-21 12:53:52'),(578,5,248,'none',30000,'wdwdwf','fwfwrf',1,'yoga@gmail.com','085713460593','bank','JNE-OKE','2018-08-22 15:25:53'),(579,5,248,'none',4000000,'jl bangka mampang prapat jakarta selata\r\njl bangka mampang prapat jakarta selatajl bangka mampang prapat jakarta selatajl bangka mampang prapat jakarta selatajl bangka mampang prapat jakarta selata','jl bangka mampang prapat jakarta selatajl bangka mampang prapat jakarta selatajl bangka mampang prapat jakarta selatajl bangka mampang prapat jakarta selatajl bangka mampang prapat jakarta selatajl bangka mampang prapat jakarta selata',1,'yoga@gmail.com','085713460593','bank','bank','2018-08-22 16:47:59'),(580,5,248,'none',4000000,'jl bangka mampang prapat jakarta selata\r\njl bangka mampang prapat jakarta selatajl bangka mampang prapat jakarta selatajl bangka mampang prapat jakarta selatajl bangka mampang prapat jakarta selata','jl bangka mampang prapat jakarta selatajl bangka mampang prapat jakarta selatajl bangka mampang prapat jakarta selatajl bangka mampang prapat jakarta selatajl bangka mampang prapat jakarta selatajl bangka mampang prapat jakarta selata',2,'yoga@gmail.com','085713460593','bank','bank','2018-08-22 17:56:33'),(581,2,17,'none',1,'BTN Museuem','0',1,'yrickyc@gmail.com','none','cod','flat.flat','2018-08-22 18:00:54'),(582,5,252,'none',1500000,'jl.jaya','jl.jaya 3',1,'agus@gmail.com','085713460593','bank','JNE-OKE','2018-08-23 10:10:54'),(583,5,248,'none',36000000,'jl bangka mampang prapat jakarta selata\r\njl bangka mampang prapat jakarta selatajl bangka mampang prapat jakarta selatajl bangka mampang prapat jakarta selatajl bangka mampang prapat jakarta selata','jl bangka mampang prapat jakarta selatajl bangka mampang prapat jakarta selatajl bangka mampang prapat jakarta selatajl bangka mampang prapat jakarta selatajl bangka mampang prapat jakarta selatajl bangka mampang prapat jakarta selata',1,'yoga@gmail.com','085713460593','bank','bank','2018-08-23 15:25:44'),(584,5,248,'none',1500000,'jl bangka mampang prapat jakarta selata\r\njl bangka mampang prapat jakarta selatajl bangka mampang prapat jakarta selatajl bangka mampang prapat jakarta selatajl bangka mampang prapat jakarta selata','jl bangka mampang prapat jakarta selatajl bangka mampang prapat jakarta selatajl bangka mampang prapat jakarta selatajl bangka mampang prapat jakarta selatajl bangka mampang prapat jakarta selatajl bangka mampang prapat jakarta selata',1,'yoga@gmail.com','085713460593','bank','JNE-OKE','2018-08-24 09:28:16'),(585,5,248,'none',1500000,'jl bangka mampang prapat jakarta selata\r\njl bangka mampang prapat jakarta selatajl bangka mampang prapat jakarta selatajl bangka mampang prapat jakarta selatajl bangka mampang prapat jakarta selata','jl bangka mampang prapat jakarta selatajl bangka mampang prapat jakarta selatajl bangka mampang prapat jakarta selatajl bangka mampang prapat jakarta selatajl bangka mampang prapat jakarta selatajl bangka mampang prapat jakarta selata',1,'yoga@gmail.com','085713460593','bank','JNE-OKE','2018-08-24 09:30:42'),(586,5,248,'none',2400000,'jl bangka mampang prapat jakarta selata\r\njl bangka mampang prapat jakarta selatajl bangka mampang prapat jakarta selatajl bangka mampang prapat jakarta selatajl bangka mampang prapat jakarta selata','jl bangka mampang prapat jakarta selatajl bangka mampang prapat jakarta selatajl bangka mampang prapat jakarta selatajl bangka mampang prapat jakarta selatajl bangka mampang prapat jakarta selatajl bangka mampang prapat jakarta selata',1,'yoga@gmail.com','085713460593','bank','JNE-YES','2018-08-24 09:43:45'),(587,5,248,'none',2400000,'jl bangka mampang prapat jakarta selata\r\njl bangka mampang prapat jakarta selatajl bangka mampang prapat jakarta selatajl bangka mampang prapat jakarta selatajl bangka mampang prapat jakarta selata','jl bangka mampang prapat jakarta selatajl bangka mampang prapat jakarta selatajl bangka mampang prapat jakarta selatajl bangka mampang prapat jakarta selatajl bangka mampang prapat jakarta selatajl bangka mampang prapat jakarta selata',1,'yoga@gmail.com','085713460593','bank','JNE-OKE','2018-08-24 09:47:05'),(588,5,248,'none',2400000,'jl bangka mampang prapat jakarta selata\r\njl bangka mampang prapat jakarta selatajl bangka mampang prapat jakarta selatajl bangka mampang prapat jakarta selatajl bangka mampang prapat jakarta selata','jl bangka mampang prapat jakarta selatajl bangka mampang prapat jakarta selatajl bangka mampang prapat jakarta selatajl bangka mampang prapat jakarta selatajl bangka mampang prapat jakarta selatajl bangka mampang prapat jakarta selata',1,'yoga@gmail.com','085713460593','bank','bank','2018-08-24 09:50:17'),(589,5,248,'none',2400000,'jl bangka mampang prapat jakarta selata\r\njl bangka mampang prapat jakarta selatajl bangka mampang prapat jakarta selatajl bangka mampang prapat jakarta selatajl bangka mampang prapat jakarta selata','jl bangka mampang prapat jakarta selatajl bangka mampang prapat jakarta selatajl bangka mampang prapat jakarta selatajl bangka mampang prapat jakarta selatajl bangka mampang prapat jakarta selatajl bangka mampang prapat jakarta selata',1,'yoga@gmail.com','085713460593','bank','JNE-YES','2018-08-24 09:51:26'),(590,5,252,'none',2400000,'jl.jaya','jl.jaya 3',1,'agus@gmail.com','085713460593','bank','JNE-YES','2018-08-24 09:52:28'),(591,5,252,'none',2400000,'jl.jaya','jl.jaya 3',1,'agus@gmail.com','085713460593','bank','JNE-YES','2018-08-24 09:53:12'),(592,1,17,'none',68000,'','',1,'contesso1@yahoo.com','','bank','flat.flat','2018-08-27 04:46:44'),(593,5,259,'none',2300000,'jl jaya wijaya ','jl jaya wijaya ',1,'senin@gmail.com','09859873','bank','bank','2018-08-27 05:13:49'),(594,5,259,'none',2300000,'jl jaya wijaya ','jl jaya wijaya ',1,'senin@gmail.com','09859873','bank','bank','2018-08-27 05:27:31'),(595,5,259,'none',2300000,'jl jaya wijaya ','jl jaya wijaya ',1,'senin@gmail.com','09859873','bank','bank','2018-08-27 05:37:29'),(596,5,259,'none',2300000,'jl jaya wijaya ','jl jaya wijaya ',1,'senin@gmail.com','09859873','bank','JNE-OKE','2018-08-27 06:06:21'),(597,5,259,'none',2300000,'jl jaya wijaya ','jl jaya wijaya ',1,'senin@gmail.com','09859873','bank','JNE-OKE','2018-08-27 06:08:10'),(598,5,259,'none',2300000,'jl jaya wijaya ','jl jaya wijaya ',1,'senin@gmail.com','09859873','bank','JNE-OKE','2018-08-27 06:09:33'),(599,5,259,'none',2300000,'jl jaya wijaya ','jl jaya wijaya ',1,'senin@gmail.com','09859873','bank','JNE-OKE','2018-08-27 06:09:58'),(600,5,259,'none',2300000,'jl jaya wijaya ','jl jaya wijaya ',1,'senin@gmail.com','09859873','bank','JNE-OKE','2018-08-27 06:11:03'),(601,5,259,'none',2300000,'jl jaya wijaya ','jl jaya wijaya ',1,'senin@gmail.com','09859873','bank','JNE-OKE','2018-08-27 06:11:37'),(602,5,259,'none',2300000,'jl jaya wijaya ','jl jaya wijaya ',1,'senin@gmail.com','09859873','bank','JNE-OKE','2018-08-27 06:12:15'),(603,5,259,'none',2300000,'jl jaya wijaya ','jl jaya wijaya ',1,'senin@gmail.com','09859873','bank','JNE-OKE','2018-08-27 06:13:21'),(604,5,259,'none',2300000,'jl jaya wijaya ','jl jaya wijaya ',1,'senin@gmail.com','09859873','bank','JNE-OKE','2018-08-27 06:14:58'),(605,2,17,'none',1,'BTN Museuem','0',1,'yrickyc@gmail.com','none','cod','flat.flat','2018-08-27 06:32:35'),(606,5,259,'none',1,'BTN Museuem','0',1,'senin@gmail.com','none','cod','flat.flat','2018-08-27 06:35:15'),(607,2,17,'none',1,'BTN Museuem','0',1,'yrickyc@gmail.com','none','cod','flat.flat','2018-08-27 06:36:28'),(608,5,248,'none',480000,'jl bangka mampang prapat jakarta selata\r\njl bangka mampang prapat jakarta selatajl bangka mampang prapat jakarta selatajl bangka mampang prapat jakarta selatajl bangka mampang prapat jakarta selata','jl bangka mampang prapat jakarta selatajl bangka mampang prapat jakarta selatajl bangka mampang prapat jakarta selatajl bangka mampang prapat jakarta selatajl bangka mampang prapat jakarta selatajl bangka mampang prapat jakarta selata',1,'yoga@gmail.com','085713460593','bank','JNE-OKE','2018-08-27 09:12:35'),(609,5,248,'none',480000,'jl bangka mampang prapat jakarta selata\r\njl bangka mampang prapat jakarta selatajl bangka mampang prapat jakarta selatajl bangka mampang prapat jakarta selatajl bangka mampang prapat jakarta selata','jl bangka mampang prapat jakarta selatajl bangka mampang prapat jakarta selatajl bangka mampang prapat jakarta selatajl bangka mampang prapat jakarta selatajl bangka mampang prapat jakarta selatajl bangka mampang prapat jakarta selata',1,'yoga@gmail.com','085713460593','bank','JNE-YES','2018-08-27 09:20:21'),(610,5,248,'none',480000,'jl bangka mampang prapat jakarta selata\r\njl bangka mampang prapat jakarta selatajl bangka mampang prapat jakarta selatajl bangka mampang prapat jakarta selatajl bangka mampang prapat jakarta selata','jl bangka mampang prapat jakarta selatajl bangka mampang prapat jakarta selatajl bangka mampang prapat jakarta selatajl bangka mampang prapat jakarta selatajl bangka mampang prapat jakarta selatajl bangka mampang prapat jakarta selata',1,'yoga@gmail.com','085713460593','bank','JNE-YES','2018-08-27 09:22:34'),(611,5,248,'none',480000,'jl bangka mampang prapat jakarta selata\r\njl bangka mampang prapat jakarta selatajl bangka mampang prapat jakarta selatajl bangka mampang prapat jakarta selatajl bangka mampang prapat jakarta selata','jl bangka mampang prapat jakarta selatajl bangka mampang prapat jakarta selatajl bangka mampang prapat jakarta selatajl bangka mampang prapat jakarta selatajl bangka mampang prapat jakarta selatajl bangka mampang prapat jakarta selata',1,'yoga@gmail.com','085713460593','bank','JNE-YES','2018-08-27 09:24:15'),(612,5,248,'none',480000,'jl bangka mampang prapat jakarta selata\r\njl bangka mampang prapat jakarta selatajl bangka mampang prapat jakarta selatajl bangka mampang prapat jakarta selatajl bangka mampang prapat jakarta selata','jl bangka mampang prapat jakarta selatajl bangka mampang prapat jakarta selatajl bangka mampang prapat jakarta selatajl bangka mampang prapat jakarta selatajl bangka mampang prapat jakarta selatajl bangka mampang prapat jakarta selata',1,'yoga@gmail.com','085713460593','bank','JNE-YES','2018-08-27 09:27:48'),(613,5,248,'none',480000,'jl bangka mampang prapat jakarta selata\r\njl bangka mampang prapat jakarta selatajl bangka mampang prapat jakarta selatajl bangka mampang prapat jakarta selatajl bangka mampang prapat jakarta selata','jl bangka mampang prapat jakarta selatajl bangka mampang prapat jakarta selatajl bangka mampang prapat jakarta selatajl bangka mampang prapat jakarta selatajl bangka mampang prapat jakarta selatajl bangka mampang prapat jakarta selata',1,'yoga@gmail.com','085713460593','bank','JNE-YES','2018-08-27 09:58:27'),(614,5,248,'none',480000,'jl bangka mampang prapat jakarta selata\r\njl bangka mampang prapat jakarta selatajl bangka mampang prapat jakarta selatajl bangka mampang prapat jakarta selatajl bangka mampang prapat jakarta selata','jl bangka mampang prapat jakarta selatajl bangka mampang prapat jakarta selatajl bangka mampang prapat jakarta selatajl bangka mampang prapat jakarta selatajl bangka mampang prapat jakarta selatajl bangka mampang prapat jakarta selata',1,'yoga@gmail.com','085713460593','bank','JNE-YES','2018-08-27 09:59:54'),(615,5,248,'none',480000,'jl bangka mampang prapat jakarta selata\r\njl bangka mampang prapat jakarta selatajl bangka mampang prapat jakarta selatajl bangka mampang prapat jakarta selatajl bangka mampang prapat jakarta selata','jl bangka mampang prapat jakarta selatajl bangka mampang prapat jakarta selatajl bangka mampang prapat jakarta selatajl bangka mampang prapat jakarta selatajl bangka mampang prapat jakarta selatajl bangka mampang prapat jakarta selata',1,'yoga@gmail.com','085713460593','bank','JNE-YES','2018-08-27 10:03:35'),(616,5,248,'none',480000,'jl bangka mampang prapat jakarta selata\r\njl bangka mampang prapat jakarta selatajl bangka mampang prapat jakarta selatajl bangka mampang prapat jakarta selatajl bangka mampang prapat jakarta selata','jl bangka mampang prapat jakarta selatajl bangka mampang prapat jakarta selatajl bangka mampang prapat jakarta selatajl bangka mampang prapat jakarta selatajl bangka mampang prapat jakarta selatajl bangka mampang prapat jakarta selata',1,'yoga@gmail.com','085713460593','bank','JNE-YES','2018-08-27 10:04:08'),(617,5,248,'none',480000,'jl bangka mampang prapat jakarta selata\r\njl bangka mampang prapat jakarta selatajl bangka mampang prapat jakarta selatajl bangka mampang prapat jakarta selatajl bangka mampang prapat jakarta selata','jl bangka mampang prapat jakarta selatajl bangka mampang prapat jakarta selatajl bangka mampang prapat jakarta selatajl bangka mampang prapat jakarta selatajl bangka mampang prapat jakarta selatajl bangka mampang prapat jakarta selata',1,'yoga@gmail.com','085713460593','bank','JNE-OKE','2018-08-27 10:13:17'),(618,5,248,'none',480000,'jl bangka mampang prapat jakarta selata\r\njl bangka mampang prapat jakarta selatajl bangka mampang prapat jakarta selatajl bangka mampang prapat jakarta selatajl bangka mampang prapat jakarta selata','jl bangka mampang prapat jakarta selatajl bangka mampang prapat jakarta selatajl bangka mampang prapat jakarta selatajl bangka mampang prapat jakarta selatajl bangka mampang prapat jakarta selatajl bangka mampang prapat jakarta selata',1,'yoga@gmail.com','085713460593','bank','JNE-OKE','2018-08-27 10:13:59'),(619,5,248,'none',480000,'jl bangka mampang prapat jakarta selata\r\njl bangka mampang prapat jakarta selatajl bangka mampang prapat jakarta selatajl bangka mampang prapat jakarta selatajl bangka mampang prapat jakarta selata','jl bangka mampang prapat jakarta selatajl bangka mampang prapat jakarta selatajl bangka mampang prapat jakarta selatajl bangka mampang prapat jakarta selatajl bangka mampang prapat jakarta selatajl bangka mampang prapat jakarta selata',1,'yoga@gmail.com','085713460593','bank','bank','2018-08-27 10:15:40'),(620,5,248,'none',480000,'jl bangka mampang prapat jakarta selata\r\njl bangka mampang prapat jakarta selatajl bangka mampang prapat jakarta selatajl bangka mampang prapat jakarta selatajl bangka mampang prapat jakarta selata','jl bangka mampang prapat jakarta selatajl bangka mampang prapat jakarta selatajl bangka mampang prapat jakarta selatajl bangka mampang prapat jakarta selatajl bangka mampang prapat jakarta selatajl bangka mampang prapat jakarta selata',1,'yoga@gmail.com','085713460593','bank','bank','2018-08-27 10:17:29'),(621,5,248,'none',480000,'jl bangka mampang prapat jakarta selata\r\njl bangka mampang prapat jakarta selatajl bangka mampang prapat jakarta selatajl bangka mampang prapat jakarta selatajl bangka mampang prapat jakarta selata','jl bangka mampang prapat jakarta selatajl bangka mampang prapat jakarta selatajl bangka mampang prapat jakarta selatajl bangka mampang prapat jakarta selatajl bangka mampang prapat jakarta selatajl bangka mampang prapat jakarta selata',1,'yoga@gmail.com','085713460593','bank','bank','2018-08-27 10:18:39'),(622,5,248,'none',480000,'jl bangka mampang prapat jakarta selata\r\njl bangka mampang prapat jakarta selatajl bangka mampang prapat jakarta selatajl bangka mampang prapat jakarta selatajl bangka mampang prapat jakarta selata','jl bangka mampang prapat jakarta selatajl bangka mampang prapat jakarta selatajl bangka mampang prapat jakarta selatajl bangka mampang prapat jakarta selatajl bangka mampang prapat jakarta selatajl bangka mampang prapat jakarta selata',1,'yoga@gmail.com','085713460593','bank','bank','2018-08-27 10:21:18'),(623,5,248,'none',480000,'jl bangka mampang prapat jakarta selata\r\njl bangka mampang prapat jakarta selatajl bangka mampang prapat jakarta selatajl bangka mampang prapat jakarta selatajl bangka mampang prapat jakarta selata','jl bangka mampang prapat jakarta selatajl bangka mampang prapat jakarta selatajl bangka mampang prapat jakarta selatajl bangka mampang prapat jakarta selatajl bangka mampang prapat jakarta selatajl bangka mampang prapat jakarta selata',1,'yoga@gmail.com','085713460593','bank','bank','2018-08-27 11:10:09'),(624,5,248,'none',480000,'jl bangka mampang prapat jakarta selata\r\njl bangka mampang prapat jakarta selatajl bangka mampang prapat jakarta selatajl bangka mampang prapat jakarta selatajl bangka mampang prapat jakarta selata','jl bangka mampang prapat jakarta selatajl bangka mampang prapat jakarta selatajl bangka mampang prapat jakarta selatajl bangka mampang prapat jakarta selatajl bangka mampang prapat jakarta selatajl bangka mampang prapat jakarta selata',1,'yoga@gmail.com','085713460593','bank','bank','2018-08-27 11:12:05'),(625,5,248,'none',480000,'jl bangka mampang prapat jakarta selata\r\njl bangka mampang prapat jakarta selatajl bangka mampang prapat jakarta selatajl bangka mampang prapat jakarta selatajl bangka mampang prapat jakarta selata','jl bangka mampang prapat jakarta selatajl bangka mampang prapat jakarta selatajl bangka mampang prapat jakarta selatajl bangka mampang prapat jakarta selatajl bangka mampang prapat jakarta selatajl bangka mampang prapat jakarta selata',1,'yoga@gmail.com','085713460593','bank','bank','2018-08-27 11:13:14'),(626,5,248,'none',480000,'jl bangka mampang prapat jakarta selata\r\njl bangka mampang prapat jakarta selatajl bangka mampang prapat jakarta selatajl bangka mampang prapat jakarta selatajl bangka mampang prapat jakarta selata','jl bangka mampang prapat jakarta selatajl bangka mampang prapat jakarta selatajl bangka mampang prapat jakarta selatajl bangka mampang prapat jakarta selatajl bangka mampang prapat jakarta selatajl bangka mampang prapat jakarta selata',1,'yoga@gmail.com','085713460593','bank','bank','2018-08-27 11:14:34'),(627,5,248,'none',3000000,'jl bangka mampang prapat jakarta selata\r\njl bangka mampang prapat jakarta selatajl bangka mampang prapat jakarta selatajl bangka mampang prapat jakarta selatajl bangka mampang prapat jakarta selata','jl bangka mampang prapat jakarta selatajl bangka mampang prapat jakarta selatajl bangka mampang prapat jakarta selatajl bangka mampang prapat jakarta selatajl bangka mampang prapat jakarta selatajl bangka mampang prapat jakarta selata',1,'yoga@gmail.com','085713460593','bank','JNE-OKE','2018-08-27 11:17:35'),(628,5,248,'none',2400000,'jl bangka mampang prapat jakarta selata\r\njl bangka mampang prapat jakarta selatajl bangka mampang prapat jakarta selatajl bangka mampang prapat jakarta selatajl bangka mampang prapat jakarta selata','jl bangka mampang prapat jakarta selatajl bangka mampang prapat jakarta selatajl bangka mampang prapat jakarta selatajl bangka mampang prapat jakarta selatajl bangka mampang prapat jakarta selatajl bangka mampang prapat jakarta selata',1,'yoga@gmail.com','085713460593','bank','bank','2018-08-27 11:31:16'),(629,5,248,'none',4600000,'jl bangka mampang prapat jakarta selata\r\njl bangka mampang prapat jakarta selatajl bangka mampang prapat jakarta selatajl bangka mampang prapat jakarta selatajl bangka mampang prapat jakarta selata','jl bangka mampang prapat jakarta selatajl bangka mampang prapat jakarta selatajl bangka mampang prapat jakarta selatajl bangka mampang prapat jakarta selatajl bangka mampang prapat jakarta selatajl bangka mampang prapat jakarta selata',1,'yoga@gmail.com','085713460593','bank','JNE-OKE','2018-08-27 11:39:15'),(630,5,248,'none',4600000,'jl bangka mampang prapat jakarta selata\r\njl bangka mampang prapat jakarta selatajl bangka mampang prapat jakarta selatajl bangka mampang prapat jakarta selatajl bangka mampang prapat jakarta selata','jl bangka mampang prapat jakarta selatajl bangka mampang prapat jakarta selatajl bangka mampang prapat jakarta selatajl bangka mampang prapat jakarta selatajl bangka mampang prapat jakarta selatajl bangka mampang prapat jakarta selata',1,'yoga@gmail.com','085713460593','bank','JNE-OKE','2018-08-27 11:41:14'),(631,5,248,'none',4600000,'jl bangka mampang prapat jakarta selata\r\njl bangka mampang prapat jakarta selatajl bangka mampang prapat jakarta selatajl bangka mampang prapat jakarta selatajl bangka mampang prapat jakarta selata','jl bangka mampang prapat jakarta selatajl bangka mampang prapat jakarta selatajl bangka mampang prapat jakarta selatajl bangka mampang prapat jakarta selatajl bangka mampang prapat jakarta selatajl bangka mampang prapat jakarta selata',1,'yoga@gmail.com','085713460593','bank','JNE-OKE','2018-08-27 11:41:36'),(632,5,248,'none',4600000,'jl bangka mampang prapat jakarta selata\r\njl bangka mampang prapat jakarta selatajl bangka mampang prapat jakarta selatajl bangka mampang prapat jakarta selatajl bangka mampang prapat jakarta selata','jl bangka mampang prapat jakarta selatajl bangka mampang prapat jakarta selatajl bangka mampang prapat jakarta selatajl bangka mampang prapat jakarta selatajl bangka mampang prapat jakarta selatajl bangka mampang prapat jakarta selata',1,'yoga@gmail.com','085713460593','bank','JNE-OKE','2018-08-27 11:43:30'),(633,5,248,'none',4600000,'jl bangka mampang prapat jakarta selata\r\njl bangka mampang prapat jakarta selatajl bangka mampang prapat jakarta selatajl bangka mampang prapat jakarta selatajl bangka mampang prapat jakarta selata','jl bangka mampang prapat jakarta selatajl bangka mampang prapat jakarta selatajl bangka mampang prapat jakarta selatajl bangka mampang prapat jakarta selatajl bangka mampang prapat jakarta selatajl bangka mampang prapat jakarta selata',1,'yoga@gmail.com','085713460593','bank','JNE-OKE','2018-08-27 11:55:46'),(634,5,248,'none',4800000,'jl bangka mampang prapat jakarta selata\r\njl bangka mampang prapat jakarta selatajl bangka mampang prapat jakarta selatajl bangka mampang prapat jakarta selatajl bangka mampang prapat jakarta selata','jl bangka mampang prapat jakarta selatajl bangka mampang prapat jakarta selatajl bangka mampang prapat jakarta selatajl bangka mampang prapat jakarta selatajl bangka mampang prapat jakarta selatajl bangka mampang prapat jakarta selata',1,'yoga@gmail.com','085713460593','bank','bank','2018-08-27 12:19:03'),(635,5,252,'none',4800000,'jl.jaya','jl.jaya 3',1,'agus@gmail.com','085713460593','bank','JNE-OKE','2018-08-27 16:53:33'),(636,5,252,'none',4800000,'jl.jaya','jl.jaya 3',1,'agus@gmail.com','085713460593','bank','JNE-OKE','2018-08-27 16:59:46'),(637,5,252,'none',4800000,'jl.jaya','jl.jaya 3',1,'agus@gmail.com','085713460593','bank','JNE-OKE','2018-08-27 17:21:45'),(638,5,252,'none',4800000,'jl.jaya','jl.jaya 3',1,'agus@gmail.com','085713460593','bank','JNE-OKE','2018-08-27 17:31:35'),(639,5,252,'none',4800000,'jl.jaya','jl.jaya 3',1,'agus@gmail.com','085713460593','bank','bank','2018-08-27 17:47:13'),(640,5,252,'none',4800000,'jl.jaya','jl.jaya 3',1,'agus@gmail.com','085713460593','bank','bank','2018-08-27 18:21:06'),(641,5,252,'none',4800000,'jl.jaya','jl.jaya 3',1,'agus@gmail.com','085713460593','bank','JNE-OKE','2018-08-27 18:41:58'),(642,5,252,'none',4800000,'jl.jaya','jl.jaya 3',1,'agus@gmail.com','085713460593','bank','bank','2018-08-28 03:18:37'),(643,5,252,'none',4800000,'jl.jaya','jl.jaya 3',1,'agus@gmail.com','085713460593','bank','JNE-OKE','2018-08-28 03:22:26'),(644,5,248,'none',18400000,'jl bangka mampang prapat jakarta selata\r\njl bangka mampang prapat jakarta selatajl bangka mampang prapat jakarta selatajl bangka mampang prapat jakarta selatajl bangka mampang prapat jakarta selata','jl bangka mampang prapat jakarta selatajl bangka mampang prapat jakarta selatajl bangka mampang prapat jakarta selatajl bangka mampang prapat jakarta selatajl bangka mampang prapat jakarta selatajl bangka mampang prapat jakarta selata',1,'yoga@gmail.com','085713460593','bank','JNE-OKE','2018-08-28 04:20:17'),(645,5,248,'none',2400000,'jl bangka mampang prapat jakarta selata\r\njl bangka mampang prapat jakarta selatajl bangka mampang prapat jakarta selatajl bangka mampang prapat jakarta selatajl bangka mampang prapat jakarta selata','jl bangka mampang prapat jakarta selatajl bangka mampang prapat jakarta selatajl bangka mampang prapat jakarta selatajl bangka mampang prapat jakarta selatajl bangka mampang prapat jakarta selatajl bangka mampang prapat jakarta selata',1,'yoga@gmail.com','085713460593','bank','JNE-YES','2018-08-28 04:50:39'),(646,5,248,'none',2400000,'jl bangka mampang prapat jakarta selata\r\njl bangka mampang prapat jakarta selatajl bangka mampang prapat jakarta selatajl bangka mampang prapat jakarta selatajl bangka mampang prapat jakarta selata','jl bangka mampang prapat jakarta selatajl bangka mampang prapat jakarta selatajl bangka mampang prapat jakarta selatajl bangka mampang prapat jakarta selatajl bangka mampang prapat jakarta selatajl bangka mampang prapat jakarta selata',1,'yoga@gmail.com','085713460593','bank','JNE-OKE','2018-08-28 08:45:34'),(647,5,260,'none',1500000,'jl bangka raya ','jl bangka raya ',1,'zet@gmail.com','897356783','bank','JNE-OKE','2018-08-29 07:23:57'),(648,5,260,'none',1500000,'jl bangka raya ','jl bangka raya ',1,'zet@gmail.com','897356783','bank','JNE-YES','2018-08-29 07:32:43'),(649,5,260,'none',4600000,'jl bangka raya ','jl bangka raya ',1,'zet@gmail.com','897356783','bank','bank','2018-08-29 08:11:01'),(650,5,260,'none',2300000,'jl bangka raya ','jl bangka raya ',1,'zet@gmail.com','897356783','bank','JNE-OKE','2018-08-29 09:05:40'),(651,5,260,'none',2300000,'jl bangka raya ','jl bangka raya ',1,'zet@gmail.com','897356783','bank','JNE-OKE','2018-08-29 09:12:19'),(652,5,260,'none',2300000,'jl bangka raya ','jl bangka raya ',1,'zet@gmail.com','897356783','bank','JNE-OKE','2018-08-29 09:15:23'),(653,5,260,'none',1500000,'jl bangka raya ','jl bangka raya ',1,'zet@gmail.com','897356783','bank','JNE-OKE','2018-08-29 09:25:39'),(654,5,260,'none',300000000,'jl bangka raya ','jl bangka raya ',1,'zet@gmail.com','897356783','bank','JNE-OKE','2018-08-29 10:22:36'),(655,5,260,'none',2300000,'jl bangka raya ','jl bangka raya ',1,'zet@gmail.com','897356783','bank','bank','2018-08-29 10:30:56'),(656,5,260,'none',2300000,'jl bangka raya ','jl bangka raya ',1,'zet@gmail.com','897356783','bank','JNE-OKE','2018-08-30 04:12:39'),(657,1,17,'none',68000,'','',1,'contesso1@yahoo.com','','bank','flat.flat','2018-08-30 04:28:09'),(658,5,260,'none',2400000,'jl bangka raya ','jl bangka raya ',1,'zet@gmail.com','897356783','bank','JNE-YES','2018-08-30 04:51:07'),(659,5,260,'none',2400000,'jl bangka raya ','jl bangka raya ',1,'zet@gmail.com','897356783','bank','JNE-OKE','2018-08-30 04:53:54'),(660,5,260,'none',2300000,'jl bangka raya ','jl bangka raya ',1,'zet@gmail.com','897356783','bank','JNE-OKE','2018-08-30 04:55:59'),(661,5,260,'none',2300000,'jl bangka raya ','jl bangka raya ',1,'zet@gmail.com','897356783','bank','JNE-OKE','2018-08-30 04:57:04'),(662,5,260,'none',2300000,'jl bangka raya ','jl bangka raya ',1,'zet@gmail.com','897356783','bank','JNE-OKE','2018-08-30 04:58:07'),(663,5,260,'none',2400000,'jl bangka raya ','jl bangka raya ',1,'zet@gmail.com','897356783','bank','JNE-OKE','2018-08-30 05:01:44'),(664,5,260,'none',2300000,'jl bangka raya ','jl bangka raya ',1,'zet@gmail.com','897356783','bank','JNE-OKE','2018-08-30 05:11:49'),(665,5,260,'none',2400000,'jl bangka raya ','jl bangka raya ',2,'zet@gmail.com','897356783','bank','JNE-OKE','2018-08-30 05:19:47'),(666,5,260,'none',2400000,'jl bangka raya ','jl bangka raya ',1,'zet@gmail.com','897356783','bank','bank','2018-08-30 05:22:35'),(667,5,260,'none',1500000,'jl bangka raya ','jl bangka raya ',1,'zet@gmail.com','897356783','bank','JNE-YES','2018-08-30 08:10:16'),(668,5,260,'none',2300000,'jl bangka raya ','jl bangka raya ',1,'zet@gmail.com','897356783','bank','JNE-OKE','2018-08-30 08:15:05'),(669,5,260,'none',2400000,'jl bangka raya ','jl bangka raya ',1,'zet@gmail.com','897356783','bank','JNE-OKE','2018-08-30 08:48:28'),(670,5,260,'none',500000000,'jl bangka raya ','jl bangka raya ',1,'zet@gmail.com','897356783','bank','JNE-YES','2018-08-30 10:45:27'),(671,5,260,'none',2400000,'jl bangka raya ','jl bangka raya ',1,'zet@gmail.com','897356783','bank','bank','2018-08-30 10:51:59'),(672,5,252,'none',1500000,'jl.jaya','jl.jaya 3',1,'agus@gmail.com','085713460593','bank','JNE-OKE','2018-09-02 17:34:06'),(673,5,252,'none',2400000,'jl.jaya','jl.jaya 3',1,'agus@gmail.com','085713460593','bank','JNE-YES','2018-09-02 17:46:51'),(674,2,17,'none',1,'BTN Museuem','0',1,'yrickyc@gmail.com','none','cod','flat.flat','2018-09-04 07:46:06'),(675,1,17,'none',68000,'','',1,'contesso1@yahoo.com','','bank','flat.flat','2018-09-06 08:05:54'),(676,2,268,'none',1,'BTN Museum','0',1,'yrickyc@gmail.com','none','cod','flat.flat','2018-09-13 10:36:44'),(677,2,2,'none',0,'museuem btn','museum btn users',1,'none','none','btn','flat.flat','2018-09-20 05:22:14'),(678,2,2,'none',0,'museuem btn','museum btn users',1,'none','none','btn','flat.flat','2018-09-20 05:39:46'),(679,2,2,'none',0,'museuem btn','museum btn users',1,'none','none','btn','flat.flat','2018-09-20 05:43:41'),(680,2,2,'none',0,'museuem btn','museum btn users',1,'none','none','btn','flat.flat','2018-09-20 05:46:17'),(681,2,2,'none',0,'museuem btn','museum btn users',1,'none','none','btn','flat.flat','2018-09-20 06:09:44'),(682,2,2,'none',0,'museuem btn','museum btn users',1,'none','none','btn','flat.flat','2018-09-20 06:14:14'),(683,2,2,'none',0,'museuem btn','museum btn users',1,'none','none','btn','flat.flat','2018-09-20 06:15:01'),(684,2,2,'none',0,'museuem btn','museum btn users',1,'none','none','btn','flat.flat','2018-09-20 06:25:14'),(685,2,2,'none',0,'museuem btn','museum btn users',1,'none','none','btn','flat.flat','2018-09-20 16:18:25'),(686,2,2,'none',0,'museuem btn','museum btn users',1,'none','none','btn','flat.flat','2018-09-20 16:37:58'),(687,2,2,'none',0,'museuem btn','museum btn users',1,'none','none','btn','flat.flat','2018-09-20 16:38:30'),(688,2,2,'none',0,'museuem btn','museum btn users',1,'none','none','btn','flat.flat','2018-09-20 16:38:36'),(689,2,2,'none',0,'museuem btn','museum btn users',1,'none','none','btn','flat.flat','2018-09-20 16:38:45'),(690,2,2,'none',0,'museuem btn','museum btn users',1,'none','none','btn','flat.flat','2018-09-20 16:39:03'),(691,2,2,'none',0,'museuem btn','museum btn users',1,'none','none','btn','flat.flat','2018-09-20 16:39:13'),(692,2,2,'none',0,'museuem btn','museum btn users',1,'none','none','btn','flat.flat','2018-09-20 16:40:55'),(693,2,2,'none',0,'museuem btn','museum btn users',1,'none','none','btn','flat.flat','2018-09-20 16:41:31'),(694,2,2,'none',0,'museuem btn','museum btn users',1,'none','none','btn','flat.flat','2018-09-20 16:43:04'),(695,2,2,'none',0,'museuem btn','museum btn users',1,'none','none','btn','flat.flat','2018-09-20 16:43:21'),(696,2,268,'none',1,'BTN Museum','0',1,'yrickyc@gmail.com','none','cod','flat.flat','2019-08-12 20:24:20'),(697,2,338,'none',1,'BTN Museum','0',1,'aroelhaqi@gmail.com','none','cod','flat.flat','2019-08-15 11:53:34'),(698,2,338,'none',1,'BTN Museum','0',1,'aroelhaqi@gmail.com','none','cod','flat.flat','2019-09-02 12:31:11'),(699,2,338,'none',1,'BTN Museum','0',1,'aroelhaqi@gmail.com','none','cod','flat.flat','2019-09-02 12:38:33');
/*!40000 ALTER TABLE `mk_transaction_header` ENABLE KEYS */;
UNLOCK TABLES;

--
-- Table structure for table `mk_transaction_status`
--

DROP TABLE IF EXISTS `mk_transaction_status`;
/*!40101 SET @saved_cs_client     = @@character_set_client */;
/*!40101 SET character_set_client = utf8 */;
CREATE TABLE `mk_transaction_status` (
  `id` int(11) NOT NULL AUTO_INCREMENT,
  `title` varchar(255) NOT NULL,
  PRIMARY KEY (`id`) USING BTREE
) ENGINE=InnoDB AUTO_INCREMENT=3 DEFAULT CHARSET=utf8 ROW_FORMAT=DYNAMIC;
/*!40101 SET character_set_client = @saved_cs_client */;

--
-- Dumping data for table `mk_transaction_status`
--

LOCK TABLES `mk_transaction_status` WRITE;
/*!40000 ALTER TABLE `mk_transaction_status` DISABLE KEYS */;
INSERT INTO `mk_transaction_status` VALUES (1,'Pending'),(2,'Completed');
/*!40000 ALTER TABLE `mk_transaction_status` ENABLE KEYS */;
UNLOCK TABLES;

--
-- Table structure for table `mk_video`
--

DROP TABLE IF EXISTS `mk_video`;
/*!40101 SET @saved_cs_client     = @@character_set_client */;
/*!40101 SET character_set_client = utf8 */;
CREATE TABLE `mk_video` (
  `Id` int(11) NOT NULL AUTO_INCREMENT,
  PRIMARY KEY (`Id`)
) ENGINE=InnoDB DEFAULT CHARSET=latin1;
/*!40101 SET character_set_client = @saved_cs_client */;

--
-- Dumping data for table `mk_video`
--

LOCK TABLES `mk_video` WRITE;
/*!40000 ALTER TABLE `mk_video` DISABLE KEYS */;
/*!40000 ALTER TABLE `mk_video` ENABLE KEYS */;
UNLOCK TABLES;

--
-- Table structure for table `setting_apps`
--

DROP TABLE IF EXISTS `setting_apps`;
/*!40101 SET @saved_cs_client     = @@character_set_client */;
/*!40101 SET character_set_client = utf8 */;
CREATE TABLE `setting_apps` (
  `id` int(11) NOT NULL AUTO_INCREMENT,
  `showScanButton1` int(2) NOT NULL,
  `showScanButton2` int(2) NOT NULL,
  `scanButton1Text` varchar(50) NOT NULL,
  `scanButton2Text` varchar(50) NOT NULL,
  `errorWording` varchar(100) NOT NULL,
  `showBottomMenus` int(2) NOT NULL,
  `backgroundImage` varchar(255) NOT NULL,
  PRIMARY KEY (`id`)
) ENGINE=InnoDB AUTO_INCREMENT=2 DEFAULT CHARSET=latin1;
/*!40101 SET character_set_client = @saved_cs_client */;

--
-- Dumping data for table `setting_apps`
--

LOCK TABLES `setting_apps` WRITE;
/*!40000 ALTER TABLE `setting_apps` DISABLE KEYS */;
INSERT INTO `setting_apps` VALUES (1,1,0,'Gambar Object','Find Object','Your device is not compatible',1,'https://i.imgur.com/3tzipSk.png');
/*!40000 ALTER TABLE `setting_apps` ENABLE KEYS */;
UNLOCK TABLES;
/*!40103 SET TIME_ZONE=@OLD_TIME_ZONE */;

/*!40101 SET SQL_MODE=@OLD_SQL_MODE */;
/*!40014 SET FOREIGN_KEY_CHECKS=@OLD_FOREIGN_KEY_CHECKS */;
/*!40014 SET UNIQUE_CHECKS=@OLD_UNIQUE_CHECKS */;
/*!40101 SET CHARACTER_SET_CLIENT=@OLD_CHARACTER_SET_CLIENT */;
/*!40101 SET CHARACTER_SET_RESULTS=@OLD_CHARACTER_SET_RESULTS */;
/*!40101 SET COLLATION_CONNECTION=@OLD_COLLATION_CONNECTION */;
/*!40111 SET SQL_NOTES=@OLD_SQL_NOTES */;

-- Dump completed on 2020-04-08 13:27:26
